<?xml version="1.0" encoding="UTF-8"?>
<window id="1120">
	<defaultcontrol always="true">4000</defaultcontrol>
  <menucontrol>9000</menucontrol>
	<backgroundcolor>bgcolor</backgroundcolor>
	<controls>
		<include>BackgroundContent</include>
		<include>Trailers_Fanart</include>
		<include>BackgroundDarkness</include>


		<!-- =============== -->
		<!-- List Containers -->
		<!-- =============== -->
		<control type="grouplist" id="4000">
			<left>0</left>
			<top>115</top>
			<width>1280</width>
			<height>540</height>
			<orientation>vertical</orientation>
			<scrolltime tween="sine">450</scrolltime>
			<itemgap>0</itemgap>
			<include>InfoDialogsVisible_ZoomAnimation</include>
			<!-- Row 1 -->
			<control type="group">
				<width>1235</width>
				<height>270</height>
				<visible>!Skin.HasSetting(DisableRow1)</visible>
				<include content="TrailersPanel">
					<param name="container_id" value="4100"/>
					<param name="art" value="fanart"/>
					<param name="list_name" value="$LOCALIZE[31250]"/>
					<param name="provider_name" value="The MovieDB"/>
					<param name="provider_icon" value="icons/tmdb.png"/>
					<param name="onup" value="5000"/>
					<param name="ondown" value="4200"/>
					<param name="custom_click" value="$VAR[Trailers_CustomClick]"/>
					<param name="content" value="plugin://plugin.video.themoviedb.helper?info=upcoming&amp;type=movie&amp;widget=True&amp;localdb=True"/>
				</include>
			</control>
			<!-- Row 2 -->
			<control type="group">
				<width>1235</width>
				<height>270</height>
				<visible>!Skin.HasSetting(DisableRow2)</visible>
				<include content="TrailersPanel">
					<param name="container_id" value="4200"/>
					<param name="art" value="fanart"/>
					<param name="list_name" value="$LOCALIZE[31278]"/>
					<param name="provider_name" value="Trakt.tv"/>
					<param name="provider_icon" value="icons/trakt.png"/>
					<param name="onup" value="4100"/>
					<param name="ondown" value="4300"/>
					<param name="custom_click" value="$VAR[Trailers_CustomClick]"/>
					<param name="content" value="plugin://plugin.video.themoviedb.helper?info=trakt_anticipated&amp;type=movie&amp;widget=True&amp;localdb=True"/>
				</include>
			</control>
			<!-- Row 3 -->
			<control type="group">
				<width>1235</width>
				<height>270</height>
				<visible>!Skin.HasSetting(DisableRow3)</visible>
				<include content="TrailersPanel">
					<param name="container_id" value="4300"/>
					<param name="art" value="fanart"/>
					<param name="list_name" value="$LOCALIZE[31256]"/>
					<param name="provider_name" value="The MovieDB"/>
					<param name="provider_icon" value="icons/tmdb.png"/>
					<param name="onup" value="4200"/>
					<param name="ondown" value="4400"/>
					<param name="custom_click" value="$VAR[Trailers_CustomClick]"/>
					<param name="content" value="plugin://plugin.video.themoviedb.helper?info=now_playing&amp;type=movie&amp;widget=True&amp;localdb=True"/>
				</include>
			</control>
			<!-- Row 4 -->
			<control type="group">
				<width>1235</width>
				<height>270</height>
				<visible>!Skin.HasSetting(DisableRow4)</visible>
				<include content="TrailersPanel">
					<param name="container_id" value="4400"/>
					<param name="art" value="fanart"/>
					<param name="list_name" value="$LOCALIZE[31279]"/>
					<param name="provider_name" value="Trakt.tv"/>
					<param name="provider_icon" value="icons/trakt.png"/>
					<param name="onup" value="4300"/>
					<param name="ondown" value="4500"/>
					<param name="custom_click" value="$VAR[Trailers_CustomClick]"/>
					<param name="content" value="plugin://plugin.video.themoviedb.helper?info=trakt_boxoffice&amp;type=movie&amp;widget=True&amp;localdb=True"/>
				</include>
			</control>
			<!-- Row 5 -->
			<control type="group">
				<width>1235</width>
				<height>270</height>
				<visible>!Skin.HasSetting(DisableRow5)</visible>
				<include content="TrailersPanel">
					<param name="container_id" value="4500"/>
					<param name="art" value="thumb"/>
					<param name="list_name" value="IMDb Trailers"/>
					<param name="provider_name" value="YouTube"/>
					<param name="provider_icon" value="icons/youtube.png"/>
					<param name="onup" value="4400"/>
					<param name="ondown" value="4600"/>
					<param name="custom_click" value="PlayMedia($INFO[Container(4500).ListItem.FileNameAndPath])"/>
					<param name="content" value="plugin://plugin.video.youtube/playlist/PLRDnnvx-4xZ1W6tj38Fun0sZPnTaf1JgW/"/>
				</include>
			</control>
			<!-- Row 6 -->
			<control type="group">
				<width>1235</width>
				<height>270</height>
				<visible>!Skin.HasSetting(DisableRow6)</visible>
				<include content="TrailersPanel">
					<param name="container_id" value="4600"/>
					<param name="art" value="thumb"/>
					<param name="list_name" value="Fandango MovieClips"/>
					<param name="provider_name" value="YouTube"/>
					<param name="provider_icon" value="icons/youtube.png"/>
					<param name="onup" value="4500"/>
					<param name="ondown" value="4700"/>
					<param name="custom_click" value="PlayMedia($INFO[Container(4600).ListItem.FileNameAndPath])"/>
					<param name="content" value="plugin://plugin.video.youtube/playlist/PLScC8g4bqD47c-qHlsfhGH3j6Bg7jzFy-/"/>
				</include>
			</control>
			<!-- Row 7 -->
			<control type="group">
				<width>1235</width>
				<height>270</height>
				<visible>!Skin.HasSetting(DisableRow7)</visible>
				<include content="TrailersPanel">
					<param name="container_id" value="4700"/>
					<param name="art" value="thumb"/>
					<param name="list_name" value="Warner Bros. Pictures"/>
					<param name="provider_name" value="YouTube"/>
					<param name="provider_icon" value="icons/youtube.png"/>
					<param name="onup" value="4600"/>
					<param name="ondown" value="4800"/>
					<param name="custom_click" value="PlayMedia($INFO[Container(4700).ListItem.FileNameAndPath])"/>
					<param name="content" value="plugin://plugin.video.youtube/playlist/PLVfin74Qx3tV8bgAhzbfDpnfPoGmJWAcn/"/>
				</include>
			</control>
			<!-- Row 8 -->
			<control type="group">
				<width>1235</width>
				<height>270</height>
				<visible>!Skin.HasSetting(DisableRow8)</visible>
				<include content="TrailersPanel">
					<param name="container_id" value="4800"/>
					<param name="art" value="thumb"/>
					<param name="list_name" value="Universal Pictures"/>
					<param name="provider_name" value="YouTube"/>
					<param name="provider_icon" value="icons/youtube.png"/>
					<param name="onup" value="4700"/>
					<param name="ondown" value="4900"/>
					<param name="custom_click" value="PlayMedia($INFO[Container(4800).ListItem.FileNameAndPath])"/>
					<param name="content" value="plugin://plugin.video.youtube/playlist/PLuq_rgCzEP_NBRjFMklzlMaFajjyV-OoL/"/>
				</include>
			</control>
			<!-- Row 9 -->
			<control type="group">
				<width>1235</width>
				<height>270</height>
				<visible>!Skin.HasSetting(DisableRow9)</visible>
				<include content="TrailersPanel">
					<param name="container_id" value="4900"/>
					<param name="art" value="thumb"/>
					<param name="list_name" value="Sony Pictures"/>
					<param name="provider_name" value="YouTube"/>
					<param name="provider_icon" value="icons/youtube.png"/>
					<param name="onup" value="4800"/>
					<param name="ondown" value="5000"/>
					<param name="custom_click" value="PlayMedia($INFO[Container(4900).ListItem.FileNameAndPath])"/>
					<param name="content" value="plugin://plugin.video.youtube/playlist/PLYeOyMz9C9kYmnPHfw5-ItOxYBiMG4amq/"/>
				</include>
			</control>
			<!-- Row 10 -->
			<control type="group">
				<width>1235</width>
				<height>270</height>
				<visible>!Skin.HasSetting(DisableRow10)</visible>
				<include content="TrailersPanel">
					<param name="container_id" value="5000"/>
					<param name="art" value="thumb"/>
					<param name="list_name" value="20th Century"/>
					<param name="provider_name" value="YouTube"/>
					<param name="provider_icon" value="icons/youtube.png"/>
					<param name="onup" value="4900"/>
					<param name="ondown" value="4100"/>
					<param name="custom_click" value="PlayMedia($INFO[Container(5000).ListItem.FileNameAndPath])"/>
					<param name="content" value="plugin://plugin.video.youtube/playlist/PLfPBohF1uFwoO5wBnYD67i0pbZ6GqrGEd/"/>
				</include>
			</control>
		</control>

		<control type="grouplist">
			<right>40</right>
			<top>665</top>
			<width>635</width>
			<itemgap>6</itemgap>
			<orientation>horizontal</orientation>
			<include>InfoDialogsVisible_ZoomAnimation</include>
			<include>OSDAnimation</include>
			<visible>Container(4000).HasNext</visible>
			<animation type="Conditional" reversible="false" condition="!Window.IsActive(notification) + !Window.IsActive(extendedprogressdialog)">
				<include>CommonOpenEffect</include>
			</animation>
			<animation type="Conditional" reversible="false" condition="Window.IsActive(notification) | Window.IsActive(extendedprogressdialog)">
				<include>CommonCloseEffect</include>
			</animation>
			<control type="label">
				<width>600</width>
				<height>25</height>
				<align>right</align>
				<font>FontSize_18B</font>
				<label>$LOCALIZE[22082]</label>
				<textcolor>77white</textcolor>
				<scroll>false</scroll>
			</control>
			<control type="image">
				<width>22</width>
				<height>22</height>
				<aspectratio>stretch</aspectratio>
				<texture background="true">icons/submenu_arrow.png</texture>
				<colordiffuse>77white</colordiffuse>
			</control>
		</control>

		<include>CommonItems</include>

		<!-- ================ -->
		<!-- Top Options Menu -->
		<!-- ================ -->
		<control type="group"  id="9000">
			<left>30</left>
			<top>25</top>
			<include>ShutdownMenuAnimation</include>
			<include>OptionsTopMenuAnimation</include>
			<include>OptionsTopMenuHeader</include>
			<!-- Options -->
			<control type="grouplist" id="9111">
				<onleft>4000</onleft>
				<onright>4000</onright>
				<include>OptionsTopMenuVars</include>
				<control type="radiobutton" id="281">
					<label>$LOCALIZE[31250] (TMDB)</label>
					<onclick>Skin.ToggleSetting(DisableRow1)</onclick>
					<selected>!Skin.HasSetting(DisableRow1)</selected>
					<include>TopLeftMenusRadioButton</include>
				</control>
				<control type="radiobutton" id="282">
					<label>$LOCALIZE[31278] (Trakt.tv)</label>
					<onclick>Skin.ToggleSetting(DisableRow2)</onclick>
					<selected>!Skin.HasSetting(DisableRow2)</selected>
					<include>TopLeftMenusRadioButton</include>
				</control>
				<control type="radiobutton" id="283">
					<label>$LOCALIZE[31256] (TMDB)</label>
					<onclick>Skin.ToggleSetting(DisableRow3)</onclick>
					<selected>!Skin.HasSetting(DisableRow3)</selected>
					<include>TopLeftMenusRadioButton</include>
				</control>
				<control type="radiobutton" id="284">
					<label>$LOCALIZE[31279] (Trakt.tv)</label>
					<onclick>Skin.ToggleSetting(DisableRow4)</onclick>
					<selected>!Skin.HasSetting(DisableRow4)</selected>
					<include>TopLeftMenusRadioButton</include>
				</control>
				<control type="radiobutton" id="285">
					<label>IMDb Trailers</label>
					<onclick>Skin.ToggleSetting(DisableRow5)</onclick>
					<selected>!Skin.HasSetting(DisableRow5)</selected>
					<include>TopLeftMenusRadioButton</include>
				</control>
				<control type="radiobutton" id="286">
					<label>Fandango MovieClips</label>
					<onclick>Skin.ToggleSetting(DisableRow6)</onclick>
					<selected>!Skin.HasSetting(DisableRow6)</selected>
					<include>TopLeftMenusRadioButton</include>
				</control>
				<control type="radiobutton" id="287">
					<label>Warner Bros. Pictures</label>
					<onclick>Skin.ToggleSetting(DisableRow7)</onclick>
					<selected>!Skin.HasSetting(DisableRow7)</selected>
					<include>TopLeftMenusRadioButton</include>
				</control>
				<control type="radiobutton" id="288">
					<label>Universal Pictures</label>
					<onclick>Skin.ToggleSetting(DisableRow8)</onclick>
					<selected>!Skin.HasSetting(DisableRow8)</selected>
					<include>TopLeftMenusRadioButton</include>
				</control>
				<control type="radiobutton" id="289">
					<label>Sony Pictures</label>
					<onclick>Skin.ToggleSetting(DisableRow9)</onclick>
					<selected>!Skin.HasSetting(DisableRow9)</selected>
					<include>TopLeftMenusRadioButton</include>
				</control>
				<control type="radiobutton" id="290">
					<label>20th Century</label>
					<onclick>Skin.ToggleSetting(DisableRow10)</onclick>
					<selected>!Skin.HasSetting(DisableRow10)</selected>
					<include>TopLeftMenusRadioButton</include>
				</control>
				<include>OptionsTopMenuEnd</include>
			</control>
		</control>


		<!-- ================ -->
		<!-- Top Content Info -->
		<!-- ================ -->
	<!--	<control type="group">
			<left>45</left>
			<top>25</top>
			<include>ShutdownMenuAnimation</include>
			<include>InfoDialogs_ContentInfoAnimation</include>
			<include>VisibleHiddenSlideAnimation</include>
			<include>OpenCloseSlideAnimationTwo</include>
			<visible>!ControlGroup(9000).HasFocus</visible>
			<control type="grouplist">
				<left>0</left>
				<top>0</top>
				<height>70</height>
				<width>1000</width>
				<align>left</align>
				<itemgap>15</itemgap>
				<orientation>horizontal</orientation>
				<include>LogoBig</include>
				<control type="label">
					<include>TopBigLabel</include>
					<label>$LOCALIZE[31018]</label>
				</control>
			</control>
			<include content="Trailers_NumItemsLabel">
				<param name="container_id" value="4100"/>
			</include>
			<include content="Trailers_NumItemsLabel">
				<param name="container_id" value="4200"/>
			</include>
			<include content="Trailers_NumItemsLabel">
				<param name="container_id" value="4300"/>
			</include>
			<include content="Trailers_NumItemsLabel">
				<param name="container_id" value="4400"/>
			</include>
			<include content="Trailers_NumItemsLabel">
				<param name="container_id" value="4500"/>
			</include>
			<include content="Trailers_NumItemsLabel">
				<param name="container_id" value="4600"/>
			</include>
			<include content="Trailers_NumItemsLabel">
				<param name="container_id" value="4700"/>
			</include>
			<include content="Trailers_NumItemsLabel">
				<param name="container_id" value="4800"/>
			</include>
			<include content="Trailers_NumItemsLabel">
				<param name="container_id" value="4900"/>
			</include>
			<include content="Trailers_NumItemsLabel">
				<param name="container_id" value="5000"/>
			</include>
		</control> -->

		<include>CommonWeatherAndClock</include>



<!-- ================= -->
<!-- ===== DEBUG ===== -->
<!-- ================= -->
		<control type="grouplist">
			<top>355</top>
			<visible>Skin.HasSetting(ShowDebugInfo)</visible>
			<control type="label">
				<right>5</right>
				<height>10</height>
				<textcolor>FFFFFF40</textcolor>
				<font>FontSize_15B</font>
				<align>right</align>
				<label>[COLOR=FFA939FF]ListItem.Trailer:[/COLOR] $INFO[ListItem.Trailer]</label>
			</control>
			<control type="label">
				<right>5</right>
				<height>10</height>
				<textcolor>FFFFFF40</textcolor>
				<font>FontSize_15B</font>
				<align>right</align>
				<label>[COLOR=FFA939FF]TMDbHelper.ListItem.Trailer:[/COLOR] $INFO[Window(Home).Property(TMDbHelper.ListItem.trailer)]</label>
			</control>
		</control>
	</controls>
</window>
