<?xml version="1.0" encoding="UTF-8"?>
<window id="29">
	<backgroundcolor>bgcolor</backgroundcolor>
	<onload>SetProperty(SmoothStart,True,Home)</onload>
	<onload condition="Window.Previous(Home)">SetProperty(SmoothExit,Logingoff,Startup)</onload>
	<onload condition="Window.Previous(Home)">SetFocus(52)</onload>
	<onload condition="!Window.Previous(Home)">SetFocus(10)</onload>
	<animation effect="fade" start="0" end="100" time="750" tween="quadratic">WindowOpen</animation>
	<animation effect="fade" start="100" end="0" time="1000" tween="quadratic">WindowClose</animation>
	<controls>
		<control type="image">
			<include>FullscreenDimensions</include>
			<colordiffuse>$VAR[BG.GlobalColor]</colordiffuse>
			<texture background="true">special://skin/extras/backgrounds/default.jpg</texture>
		</control>

		<!-- ============= -->
		<!-- Profiles List -->
		<!-- ============= -->
		<control type="group">
			<include>OpenCloseSlideAnimation</include>
			<include>VisibleHiddenSlideAnimation</include>
			<visible>![Window.IsActive(LockSettings) | Window.IsActive(ProfileSettings)]</visible>
			<animation effect="fade" start="0" end="100" time="750" tween="quadratic" condition="Control.HasFocus(52)">Conditional</animation>
			 <control type="group">
			 	<centerleft>50%</centerleft>
				<top>80</top>
				<control type="label">
					<description>WeekDay</description>
					<left>0</left>
					<top>110</top>
					<width>100%</width>
					<height>50</height>
					<font>FontSize_65</font>
					<align>center</align>
					<label>$INFO[System.Date(DDD)]</label>
					<textcolor>white</textcolor>
				</control>
				<control type="label">
					<description>Date</description>
					<left>0</left>
					<top>160</top>
					<width>100%</width>
					<height>50</height>
					<font>FontSize_28</font>
					<align>center</align>
					<label>$INFO[System.Date(DD)] $INFO[System.Date(MMM)] $INFO[System.Date(YYY)]</label>
					<textcolor>99white</textcolor>
				</control>
			</control>
			<control type="wraplist" id="52">
			  <centerleft>50%</centerleft>
			  <top>340</top>
			  <width>384</width>
			  <height>164</height>
			  <onleft>noop</onleft>
			  <onright>noop</onright>
				<onup>noop</onup>
				<ondown>noop</ondown>
			  <focusposition>1</focusposition>
			  <scrolltime tween="cubic" easing="out">500</scrolltime>
			  <orientation>horizontal</orientation>
				<itemlayout width="128" height="128">
					<control type="image">
			      <left>12</left>
			      <top>2</top>
			      <width>96</width>
			      <height>96</height>
						<aspectratio align="center" aligny="center">keep</aspectratio>
						<texture background="true" colordiffuse="77white">dialogs/profiles/profile_login.png</texture>
					</control>
					<control type="image">
			      <left>15</left>
			      <top>5</top>
			      <width>90</width>
			      <height>90</height>
						<aspectratio align="center" aligny="center" scalediffuse="false">scale</aspectratio>
						<texture background="true" diffuse="dialogs/profiles/profile_diffuse.png">$INFO[ListItem.Icon]</texture>
					</control>
				</itemlayout>
				<focusedlayout width="128" height="128">
					<control type="image">
			      <left>12</left>
			      <top>2</top>
			      <width>96</width>
			      <height>96</height>
						<aspectratio align="center" aligny="center">keep</aspectratio>
						<texture background="true">dialogs/profiles/profile_login.png</texture>
					</control>
					<control type="image">
			      <left>15</left>
			      <top>5</top>
			      <width>90</width>
			      <height>90</height>
						<aspectratio align="center" aligny="center" scalediffuse="false">scale</aspectratio>
						<texture background="true" diffuse="dialogs/profiles/profile_diffuse.png">$INFO[ListItem.Icon]</texture>
					</control>
				</focusedlayout>
			</control>
			<control type="label">
			  <centerleft>50%</centerleft>
				<top>460</top>
				<height>20</height>
				<width>384</width>
				<font>FontSize_28</font>
				<align>center</align>
			  <label>$INFO[Container(52).ListItem.Label]</label>
				<textcolor>white</textcolor>
				<shadowcolor>99000000</shadowcolor>
			</control>
			<control type="label">
			  <centerleft>50%</centerleft>
				<top>486</top>
				<height>20</height>
				<width>384</width>
				<font>FontSize_18B</font>
				<align>center</align>
			  <label>$INFO[Container(52).ListItem.Label2]</label>
				<textcolor>77white</textcolor>
				<shadowcolor>99000000</shadowcolor>
			</control>
		</control>

		<include>CommonDialogsFadeOutBG</include>

		<!-- ================ -->
		<!-- Top Content Info -->
		<!-- ================ -->
	<!--	<control type="group">
			<left>45</left>
			<top>25</top>
			<visible>!Window.IsActive(ShutdownMenu) + ![Window.IsActive(ContextMenu) + !Window.IsActive(LockSettings)]</visible>
			<include>OpenCloseSlideAnimation</include>
			<include>VisibleHiddenSlideAnimation</include>
			<animation effect="fade" start="0" end="100" time="750" tween="quadratic" condition="Control.HasFocus(52)">Conditional</animation>
			<control type="grouplist">
				<left>0</left>
				<top>0</top>
				<height>70</height>
				<width>1000</width>
				<align>left</align>
				<itemgap>15</itemgap>
				<orientation>horizontal</orientation>
	      <include>LogoBig</include>
				<control type="label">
				  <include>TopBigLabel</include>
					<label>$LOCALIZE[31032]</label>
				</control>
			</control>
			<control type="group">
				<left>68</left>
				<top>45</top>
				<control type="label">
					<description>User last login</description>
					<width>500</width>
					<height>20</height>
					<font>FontSize_18</font>
					<textcolor>$VAR[Text.GlobalColor]</textcolor>
					<scroll>false</scroll>
					<align>left</align>
					<aligny>center</aligny>
					<label>$INFO[Container(52).CurrentItem,$LOCALIZE[31025] ]$INFO[Container(52).NumItems, $LOCALIZE[31024] ]</label>
				</control>
			</control>
		</control> -->

		<control type="group">
			<left>25</left>
			<top>40</top>
			<include>OpenCloseSlideAnimation</include>
			<include>VisibleHiddenSlideAnimation</include>
			<include>WeatherAndClock</include>
			<animation effect="fade" start="0" end="100" time="750" tween="quadratic" condition="Control.HasFocus(52)">Conditional</animation>
		</control>

		<!-- ======= -->
		<!-- Welcome -->
		<!-- ======= -->
		<control type="group">
			<animation effect="fade" start="100" end="0" time="350" tween="quadratic" condition="Control.HasFocus(52) | Window.Previous(Home)">Conditional</animation>
			<control type="image">
			  <left>540</left>
			  <top>150</top>
				<width>200</width>
				<height>200</height>
				<aspectratio align="center" aligny="center">scale</aspectratio>
			  <texture background="true">icons/bello_logo.png</texture>
			</control>
			<control type="label">
			  <centerleft>50%</centerleft>
			  <centertop>50%</centertop>
			  <width>100%</width>
			  <height>100%</height>
			  <textcolor>white</textcolor>
			  <font>FontSize_50</font>
			  <align>center</align>
			  <label>Welcome</label>
			</control>
			<control type="button" id="10">
			  <centerleft>50%</centerleft>
			  <centertop>57%</centertop>
			  <width>100%</width>
			  <height>100%</height>
			  <focusedcolor>99white</focusedcolor>
			  <font>FontSize_40</font>
			  <align>center</align>
			  <texturefocus></texturefocus>
			  <label>Loading...</label>
			  <onfocus>AlarmClock(Close,SetFocus(52),00:04,silent)</onfocus>
			</control>
			<!--
			<control type="image">
			  <left>92%</left>
			  <top>620</top>
				<width>96</width>
				<height>96</height>
				<aspectratio>stretch</aspectratio>
				<texture background="true">icons/big/Kodi.png</texture>
			</control>
			-->
		</control>
	</controls>
</window>
