<?xml version="1.0" encoding="UTF-8"?>
<window>
	<defaultcontrol>400</defaultcontrol>
  <menucontrol>9000</menucontrol>
	<backgroundcolor>bgcolor</backgroundcolor>
	<onload condition="!String.Contains(Window(Home).Property(NextAired.TodayTotal),0)">SetProperty(tvguide,today,Home)</onload>
	<onload condition="String.Contains(Window(Home).Property(NextAired.TodayTotal),0)">SetProperty(tvguide,tomorrow,Home)</onload>
	<controls>
		<include>BackgroundItems</include>

		<control type="group" id="4000">
			<top>110</top>
			<include>CommonViews_HorizontalAnimation</include>
			<include>InfoDialogsVisible_ZoomAnimation</include>
			<!-- Weekdays -->
			<control type="image">
				<left>-50</left>
				<top>124</top>
				<width>1380</width>
				<height>372</height>
				<texture border="31">views/other/panel.png</texture>
			</control>
			<control type="image">
				<include>FullscreenDimensions</include>
				<texture>windows/tvguide/days_separators.png</texture>
			</control>
			<control type="image">
				<left>45</left>
				<top>127</top>
				<width>1</width>
				<height>366</height>
				<colordiffuse>33AAAAAA</colordiffuse>
				<texture background="true">windows/bg/white.png</texture>
			</control>
			<control type="image">
				<left>313</left>
				<top>127</top>
				<width>1</width>
				<height>366</height>
				<colordiffuse>33AAAAAA</colordiffuse>
				<texture background="true">windows/bg/white.png</texture>
			</control>
			<control type="grouplist" id="400">
				<left>55</left>
				<top>135</top>
				<width>250</width>
				<height>350</height>
				<itemgap>0</itemgap>
				<control type="group">
					<height>50</height>
					<visible>!String.IsEqual(Window(Home).Property(NextAired.200.Wday),)</visible>
					<control type="button" id="401">
						<include>WeekDayButton</include>
						<label>$INFO[Window(home).Property(NextAired.YesterdayText)]</label>
						<label2>$INFO[Container(200).NumItems,, ]</label2>
						<onfocus>SetProperty(tvguide,yesterday,Home)</onfocus>
						<onright>SetFocus(200)</onright>
						<onup>416</onup>
						<ondown>402</ondown>
						<enable>Integer.IsGreater(Container(200).NumItems,0)</enable>
					</control>
					<include content="WeekDayButtonNoFocus">
						<param name="DayProperty" value="yesterday"/>
					</include>
				</control>
				<control type="group">
					<height>50</height>
					<control type="button" id="402">
						<include>WeekDayButton</include>
						<label>$INFO[Window(home).Property(NextAired.TodayText)]</label>
						<label2>$INFO[Container(201).NumItems,, ]</label2>
						<onfocus>SetProperty(tvguide,today,Home)</onfocus>
						<onright>SetFocus(201)</onright>
						<onup>401</onup>
						<ondown>403</ondown>
						<enable>Integer.IsGreater(Container(201).NumItems,0)</enable>
					</control>
					<include content="WeekDayButtonNoFocus">
						<param name="DayProperty" value="today"/>
					</include>
				</control>
				<control type="group">
					<height>50</height>
					<control type="button" id="403">
						<include>WeekDayButton</include>
						<label>$INFO[Window(home).Property(NextAired.TomorrowText)]</label>
						<label2>$INFO[Container(202).NumItems,, ]</label2>
						<onfocus>SetProperty(tvguide,tomorrow,Home)</onfocus>
						<onright>SetFocus(202)</onright>
						<onup>402</onup>
						<ondown>404</ondown>
						<enable>Integer.IsGreater(Container(202).NumItems,0)</enable>
					</control>
					<include content="WeekDayButtonNoFocus">
						<param name="DayProperty" value="tomorrow"/>
					</include>
				</control>
				<control type="group">
					<height>50</height>
					<control type="button" id="404">
						<include>WeekDayButton</include>
						<label>$INFO[Window(home).Property(NextAired.203.Weekday)]</label>
						<label2>$INFO[Container(203).NumItems,, ]</label2>
						<onfocus>SetProperty(tvguide,todayplus2,Home)</onfocus>
						<onright>SetFocus(203)</onright>
						<onup>403</onup>
						<ondown>405</ondown>
						<enable>Integer.IsGreater(Container(203).NumItems,0)</enable>
					</control>
					<include content="WeekDayButtonNoFocus">
						<param name="DayProperty" value="todayplus2"/>
					</include>
				</control>
				<control type="group">
					<height>50</height>
					<control type="button" id="405">
						<include>WeekDayButton</include>
						<label>$INFO[Window(home).Property(NextAired.204.Weekday)]</label>
						<label2>$INFO[Container(204).NumItems,, ]</label2>
						<onfocus>SetProperty(tvguide,todayplus3,Home)</onfocus>
						<onright>SetFocus(204)</onright>
						<onup>404</onup>
						<ondown>406</ondown>
						<enable>Integer.IsGreater(Container(204).NumItems,0)</enable>
					</control>
					<include content="WeekDayButtonNoFocus">
						<param name="DayProperty" value="todayplus3"/>
					</include>
				</control>
				<control type="group">
					<height>50</height>
					<control type="button" id="406">
						<include>WeekDayButton</include>
						<label>$INFO[Window(home).Property(NextAired.205.Weekday)]</label>
						<label2>$INFO[Container(205).NumItems,, ]</label2>
						<onfocus>SetProperty(tvguide,todayplus4,Home)</onfocus>
						<onright>SetFocus(205)</onright>
						<onup>405</onup>
						<ondown>407</ondown>
						<enable>Integer.IsGreater(Container(205).NumItems,0)</enable>
					</control>
					<include content="WeekDayButtonNoFocus">
						<param name="DayProperty" value="todayplus4"/>
					</include>
				</control>
				<control type="group">
					<height>50</height>
					<control type="button" id="407">
						<include>WeekDayButton</include>
						<label>$INFO[Window(home).Property(NextAired.206.Weekday)]</label>
						<label2>$INFO[Container(206).NumItems,, ]</label2>
						<onfocus>SetProperty(tvguide,todayplus5,Home)</onfocus>
						<onright>SetFocus(206)</onright>
						<onup>406</onup>
						<ondown>408</ondown>
						<enable>Integer.IsGreater(Container(206).NumItems,0)</enable>
					</control>
					<include content="WeekDayButtonNoFocus">
						<param name="DayProperty" value="todayplus5"/>
					</include>
				</control>
				<control type="group">
					<height>50</height>
					<control type="button" id="408">
						<include>WeekDayButton</include>
						<label>$INFO[Window(home).Property(NextAired.207.Weekday)]</label>
						<label2>$INFO[Container(207).NumItems,, ]</label2>
						<onfocus>SetProperty(tvguide,todayplus6,Home)</onfocus>
						<onright>SetFocus(207)</onright>
						<onup>407</onup>
						<ondown>409</ondown>
						<enable>Integer.IsGreater(Container(207).NumItems,0)</enable>
					</control>
					<include content="WeekDayButtonNoFocus">
						<param name="DayProperty" value="todayplus6"/>
					</include>
				</control>
				<control type="group">
					<height>50</height>
					<visible>!String.IsEqual(Window(Home).Property(NextAired.208.Wday),)</visible>
					<control type="button" id="409">
						<include>WeekDayButton</include>
						<label>$INFO[Window(home).Property(NextAired.208.Weekday)]</label>
						<label2>$INFO[Container(208).NumItems,, ]</label2>
						<onfocus>SetProperty(tvguide,todayplus7,Home)</onfocus>
						<onright>SetFocus(208)</onright>
						<onup>408</onup>
						<ondown>410</ondown>
						<enable>Integer.IsGreater(Container(208).NumItems,0)</enable>
					</control>
					<include content="WeekDayButtonNoFocus">
						<param name="DayProperty" value="todayplus7"/>
					</include>
				</control>
				<control type="group">
					<height>50</height>
					<visible>!String.IsEqual(Window(Home).Property(NextAired.209.Wday),)</visible>
					<control type="button" id="410">
						<include>WeekDayButton</include>
						<label>$INFO[Window(home).Property(NextAired.209.Weekday)]</label>
						<label2>$INFO[Container(209).NumItems,, ]</label2>
						<onfocus>SetProperty(tvguide,todayplus8,Home)</onfocus>
						<onright>SetFocus(209)</onright>
						<onup>409</onup>
						<ondown>411</ondown>
						<enable>Integer.IsGreater(Container(209).NumItems,0)</enable>
					</control>
					<include content="WeekDayButtonNoFocus">
						<param name="DayProperty" value="todayplus8"/>
					</include>
				</control>
				<control type="group">
					<height>50</height>
					<visible>!String.IsEqual(Window(Home).Property(NextAired.210.Wday),)</visible>
					<control type="button" id="411">
						<include>WeekDayButton</include>
						<label>$INFO[Window(home).Property(NextAired.210.Weekday)]</label>
						<label2>$INFO[Container(210).NumItems,, ]</label2>
						<onfocus>SetProperty(tvguide,todayplus9,Home)</onfocus>
						<onright>SetFocus(210)</onright>
						<onup>410</onup>
						<ondown>412</ondown>
						<enable>Integer.IsGreater(Container(210).NumItems,0)</enable>
					</control>
					<include content="WeekDayButtonNoFocus">
						<param name="DayProperty" value="todayplus9"/>
					</include>
				</control>
				<control type="group">
					<height>50</height>
					<visible>!String.IsEqual(Window(Home).Property(NextAired.211.Wday),)</visible>
					<control type="button" id="412">
						<include>WeekDayButton</include>
						<label>$INFO[Window(home).Property(NextAired.211.Weekday)]</label>
						<label2>$INFO[Container(211).NumItems,, ]</label2>
						<onfocus>SetProperty(tvguide,todayplus10,Home)</onfocus>
						<onright>SetFocus(211)</onright>
						<onup>411</onup>
						<ondown>413</ondown>
						<enable>Integer.IsGreater(Container(211).NumItems,0)</enable>
					</control>
					<include content="WeekDayButtonNoFocus">
						<param name="DayProperty" value="todayplus10"/>
					</include>
				</control>
				<control type="group">
					<height>50</height>
					<visible>!String.IsEqual(Window(Home).Property(NextAired.212.Wday),)</visible>
					<control type="button" id="413">
						<include>WeekDayButton</include>
						<label>$INFO[Window(home).Property(NextAired.212.Weekday)]</label>
						<label2>$INFO[Container(212).NumItems,, ]</label2>
						<onfocus>SetProperty(tvguide,todayplus11,Home)</onfocus>
						<onright>SetFocus(212)</onright>
						<onup>412</onup>
						<ondown>414</ondown>
						<enable>Integer.IsGreater(Container(212).NumItems,0)</enable>
					</control>
					<include content="WeekDayButtonNoFocus">
						<param name="DayProperty" value="todayplus11"/>
					</include>
				</control>
				<control type="group">
					<height>50</height>
					<visible>!String.IsEqual(Window(Home).Property(NextAired.213.Wday),)</visible>
					<control type="button" id="414">
						<include>WeekDayButton</include>
						<label>$INFO[Window(home).Property(NextAired.213.Weekday)]</label>
						<label2>$INFO[Container(213).NumItems,, ]</label2>
						<onfocus>SetProperty(tvguide,todayplus12,Home)</onfocus>
						<onright>SetFocus(213)</onright>
						<onup>413</onup>
						<ondown>415</ondown>
						<enable>Integer.IsGreater(Container(213).NumItems,0)</enable>
					</control>
					<include content="WeekDayButtonNoFocus">
						<param name="DayProperty" value="todayplus12"/>
					</include>
				</control>
				<control type="group">
					<height>50</height>
					<visible>!String.IsEqual(Window(Home).Property(NextAired.214.Wday),)</visible>
					<control type="button" id="415">
						<include>WeekDayButton</include>
						<label>$INFO[Window(home).Property(NextAired.214.Weekday)]</label>
						<label2>$INFO[Container(214).NumItems,, ]</label2>
						<onfocus>SetProperty(tvguide,todayplus13,Home)</onfocus>
						<onright>SetFocus(214)</onright>
						<onup>414</onup>
						<ondown>416</ondown>
						<enable>Integer.IsGreater(Container(214).NumItems,0)</enable>
					</control>
					<include content="WeekDayButtonNoFocus">
						<param name="DayProperty" value="todayplus13"/>
					</include>
				</control>
				<control type="group">
					<height>50</height>
					<visible>!String.IsEqual(Window(Home).Property(NextAired.215.Wday),)</visible>
					<control type="button" id="416">
						<include>WeekDayButton</include>
						<label>$INFO[Window(home).Property(NextAired.215.Weekday)]</label>
						<label2>$INFO[Container(215).NumItems,, ]</label2>
						<onfocus>SetProperty(tvguide,todayplus14,Home)</onfocus>
						<onright>SetFocus(215)</onright>
						<onup>415</onup>
						<ondown>401</ondown>
						<enable>Integer.IsGreater(Container(215).NumItems,0)</enable>
					</control>
					<include content="WeekDayButtonNoFocus">
						<param name="DayProperty" value="todayplus14"/>
					</include>
				</control>
			</control>
			<control type="grouplist">
				<left>47</left>
				<top>505</top>
				<width>1188</width>
				<align>left</align>
				<itemgap>6</itemgap>
				<orientation>horizontal</orientation>
				<visible>![String.IsEqual(Window(Home).Property(NextAired.208.Wday),) + String.IsEqual(Window(Home).Property(NextAired.200.Wday),)]</visible>
				<control type="image">
					<width>18</width>
					<height>18</height>
					<aspectratio>stretch</aspectratio>
					<texture background="true">icons/submenu_arrow.png</texture>
					<colordiffuse>55white</colordiffuse>
				</control>
				<control type="label">
					<width>230</width>
					<height>17</height>
					<font>FontSize_16B</font>
					<label>$LOCALIZE[22082]</label>
					<textcolor>55white</textcolor>
					<scroll>false</scroll>
				</control>
			</control>

			<!-- NextAired Lists -->
			<control type="group" id="500">
				<left>325</left>
				<top>125</top>
				<control type="group">
					<visible>String.IsEmpty(Window(Home).Property(tvguide))</visible>
					<control type="image">
						<left>0</left>
					  <top>6</top>
						<width>64</width>
						<height>64</height>
						<colordiffuse>viewsinfo</colordiffuse>
						<aspectratio>stretch</aspectratio>
					  <texture>icons/datetime.png</texture>
					</control>
					<control type="label">
						<left>68</left>
						<top>30</top>
						<width>320</width>
						<height>20</height>
						<font>FontSize_20B</font>
						<textcolor>viewsinfo</textcolor>
						<align>left</align>
						<aligny>center</aligny>
						<label>$INFO[System.Date(DDD)]$COMMA $INFO[System.Date(DD)] $INFO[System.Date(MMM)] $INFO[System.Date(YYY)]</label>
					</control>
					<control type="label">
						<left>0</left>
						<top>0</top>
						<width>398</width>
						<height>410</height>
						<font>FontSize_20</font>
						<textcolor>viewsinfo</textcolor>
						<align>center</align>
						<aligny>center</aligny>
						<wrapmultiline>true</wrapmultiline>
						<label>$LOCALIZE[31238]</label>
					</control>
					<control type="image">
						<left>400</left>
						<top>2</top>
						<width>1</width>
						<height>366</height>
						<colordiffuse>33AAAAAA</colordiffuse>
						<texture background="true">windows/bg/white.png</texture>
					</control>
				</control>
				<!-- 200 Yesterday -->
				<control type="group">
					<visible>String.IsEqual(Window(Home).Property(tvguide),yesterday) + Integer.IsGreater(Container(200).NumItems,0)</visible>
					<include content="TVGuideDayList">
						<param name="ListID" value="200"/>
						<param name="OnLeft" value="401"/>
						<param name="DayProperty" value="yesterday"/>
					</include>
				</control>
				<!-- 201 Today -->
				<control type="group">
					<visible>String.IsEqual(Window(Home).Property(tvguide),today) + Integer.IsGreater(Container(201).NumItems,0)</visible>
					<include content="TVGuideDayList">
						<param name="ListID" value="201"/>
						<param name="OnLeft" value="402"/>
						<param name="DayProperty" value="today"/>
					</include>
				</control>
				<!-- 202 Today+1 -->
				<control type="group">
					<visible>String.IsEqual(Window(Home).Property(tvguide),tomorrow) + Integer.IsGreater(Container(202).NumItems,0)</visible>
					<include content="TVGuideDayList">
						<param name="ListID" value="202"/>
						<param name="OnLeft" value="403"/>
						<param name="DayProperty" value="tomorrow"/>
					</include>
				</control>
				<!-- 203 Today+2 -->
				<control type="group">
					<visible>String.IsEqual(Window(Home).Property(tvguide),todayplus2) + Integer.IsGreater(Container(203).NumItems,0)</visible>
					<include content="TVGuideDayList">
						<param name="ListID" value="203"/>
						<param name="OnLeft" value="404"/>
						<param name="DayProperty" value="todayplus2"/>
					</include>
				</control>
				<!-- 204 Today+3 -->
				<control type="group">
					<visible>String.IsEqual(Window(Home).Property(tvguide),todayplus3) + Integer.IsGreater(Container(204).NumItems,0)</visible>
					<include content="TVGuideDayList">
						<param name="ListID" value="204"/>
						<param name="OnLeft" value="405"/>
						<param name="DayProperty" value="todayplus3"/>
					</include>
				</control>
				<!-- 205 Today+4 -->
				<control type="group">
					<visible>String.IsEqual(Window(Home).Property(tvguide),todayplus4) + Integer.IsGreater(Container(205).NumItems,0)</visible>
					<include content="TVGuideDayList">
						<param name="ListID" value="205"/>
						<param name="OnLeft" value="406"/>
						<param name="DayProperty" value="todayplus4"/>
					</include>
				</control>
				<!-- 206 Today+5 -->
				<control type="group">
					<visible>String.IsEqual(Window(Home).Property(tvguide),todayplus5) + Integer.IsGreater(Container(206).NumItems,0)</visible>
					<include content="TVGuideDayList">
						<param name="ListID" value="206"/>
						<param name="OnLeft" value="407"/>
						<param name="DayProperty" value="todayplus5"/>
					</include>
				</control>
				<!-- 207 Today+6 -->
				<control type="group">
					<visible>String.IsEqual(Window(Home).Property(tvguide),todayplus6) + Integer.IsGreater(Container(207).NumItems,0)</visible>
					<include content="TVGuideDayList">
						<param name="ListID" value="207"/>
						<param name="OnLeft" value="408"/>
						<param name="DayProperty" value="todayplus6"/>
					</include>
				</control>
				<!-- 208 Today+7 -->
				<control type="group">
					<visible>String.IsEqual(Window(Home).Property(tvguide),todayplus7) + Integer.IsGreater(Container(208).NumItems,0)</visible>
					<include content="TVGuideDayList">
						<param name="ListID" value="208"/>
						<param name="OnLeft" value="409"/>
						<param name="DayProperty" value="todayplus7"/>
					</include>
				</control>
				<!-- 209 Today+8 -->
				<control type="group">
					<visible>String.IsEqual(Window(Home).Property(tvguide),todayplus8) + Integer.IsGreater(Container(209).NumItems,0)</visible>
					<include content="TVGuideDayList">
						<param name="ListID" value="209"/>
						<param name="OnLeft" value="410"/>
						<param name="DayProperty" value="todayplu8s"/>
					</include>
				</control>
				<!-- 210 Today+ -->
				<control type="group">
					<visible>String.IsEqual(Window(Home).Property(tvguide),todayplus9) + Integer.IsGreater(Container(210).NumItems,0)</visible>
					<include content="TVGuideDayList">
						<param name="ListID" value="210"/>
						<param name="OnLeft" value="411"/>
						<param name="DayProperty" value="todayplus9"/>
					</include>
				</control>
				<!-- 211 Today+ -->
				<control type="group">
					<visible>String.IsEqual(Window(Home).Property(tvguide),todayplus10) + Integer.IsGreater(Container(211).NumItems,0)</visible>
					<include content="TVGuideDayList">
						<param name="ListID" value="211"/>
						<param name="OnLeft" value="412"/>
						<param name="DayProperty" value="todayplus10"/>
					</include>
				</control>
				<!-- 212 Today+ -->
				<control type="group">
					<visible>String.IsEqual(Window(Home).Property(tvguide),todayplus11) + Integer.IsGreater(Container(212).NumItems,0)</visible>
					<include content="TVGuideDayList">
						<param name="ListID" value="212"/>
						<param name="OnLeft" value="413"/>
						<param name="DayProperty" value="todayplus11"/>
					</include>
				</control>
				<!-- 213 Today+ -->
				<control type="group">
					<visible>String.IsEqual(Window(Home).Property(tvguide),todayplus12) + Integer.IsGreater(Container(213).NumItems,0)</visible>
					<include content="TVGuideDayList">
						<param name="ListID" value="213"/>
						<param name="OnLeft" value="413"/>
						<param name="DayProperty" value="todayplus12"/>
					</include>
				</control>
				<!-- 214 Today+ -->
				<control type="group">
					<visible>String.IsEqual(Window(Home).Property(tvguide),todayplus13) + Integer.IsGreater(Container(214).NumItems,0)</visible>
					<include content="TVGuideDayList">
						<param name="ListID" value="214"/>
						<param name="OnLeft" value="415"/>
						<param name="DayProperty" value="todayplus13"/>
					</include>
				</control>
				<!-- 215 Today+ -->
				<control type="group">
					<visible>String.IsEqual(Window(Home).Property(tvguide),todayplus14) + Integer.IsGreater(Container(215).NumItems,0)</visible>
					<include content="TVGuideDayList">
						<param name="ListID" value="215"/>
						<param name="OnLeft" value="416"/>
						<param name="DayProperty" value="todayplus14"/>
					</include>
				</control>
			</control>
		</control>

		<include>CommonItems</include>

		<!-- ================ -->
		<!-- Top Options Menu -->
		<!-- ================ -->
		<control type="group"  id="9000">
			<left>30</left>
			<top>25</top>
			<include>ShutdownMenuAnimation</include>
			<include>OptionsTopMenuAnimation</include>
			<!-- Head Labels -->
			<control type="grouplist">
				<left>75</left>
				<top>0</top>
				<height>70</height>
				<width>1000</width>
				<align>left</align>
				<aligny>center</aligny>
				<itemgap>20</itemgap>
				<orientation>horizontal</orientation>
				<include>OptionsTopMenuHeader</include>
				<control type="label">
					<include>TopSmallLabel</include>
					<label>$LOCALIZE[4]</label>
				</control>
			</control>
			<!-- Options -->
			<control type="grouplist" id="9111">
				<onleft>4000</onleft>
				<onright>4000</onright>
				<onup>9111</onup>
				<ondown>9111</ondown>
				<include>OptionsTopMenuVars</include>
				<control type="togglebutton" id="9">
					<description>Fanart Toggle</description>
					<include>TopLeftMenusButton</include>
					<label>$LOCALIZE[20445]: $LOCALIZE[16041]</label>
					<altlabel>$LOCALIZE[20445]: $LOCALIZE[16039]</altlabel>
					<onclick>Skin.ToggleSetting(HideBGTVGuideFanart)</onclick>
					<usealttexture>Skin.HasSetting(HideBGTVGuideFanart)</usealttexture>
					<enable>!Skin.HasSetting(HideBGFanart)</enable>
				</control>
				<control type="button" id="10">
					<description>Update Info</description>
					<label>$LOCALIZE[31281]</label>
					<include>TopLeftMenusButton</include>
					<onclick>Action(left)</onclick>
					<onclick>RunScript(script.tv.show.next.aired,force=True)</onclick>
				</control>
				<control type="button" id="11">
					<description>Reset &amp; Update Info</description>
					<label>$LOCALIZE[31282]</label>
					<include>TopLeftMenusButton</include>
					<onclick>Action(left)</onclick>
					<onclick>RunScript(script.tv.show.next.aired,reset=True)</onclick>
				</control>
				<control type="button" id="12">
					<description>TV Shows</description>
					<label>$LOCALIZE[31002]</label>
					<onclick>Action(left)</onclick>
					<onclick>ActivateWindow(Videos,videodb://tvshows/titles/,return)</onclick>
					<include>TopLeftMenusButton</include>
				</control>
				<control type="button" id="8">
					<description>Settings</description>
					<onclick>SetFocus(2000)</onclick>
					<label>$LOCALIZE[5]</label>
					<include>TopLeftMenusButton</include>
				</control>
				<include>OptionsTopMenuEnd</include>
			</control>
		</control>

		<include>CommonWeatherAndClock</include>

		<!-- ================ -->
		<!-- Top Content Info -->
		<!-- ================ -->
	<!--	<control type="group">
			<left>45</left>
			<top>25</top>
			<include>ShutdownMenuAnimation</include>
			<include>InfoDialogs_ContentInfoAnimation</include>
			<include>VisibleHiddenSlideAnimation</include>
			<include>OpenCloseSlideAnimationTwo</include>
			<visible>!ControlGroup(9000).HasFocus</visible>
			<control type="grouplist">
				<left>0</left>
				<top>0</top>
				<height>70</height>
				<width>1000</width>
				<align>left</align>
				<itemgap>15</itemgap>
				<orientation>horizontal</orientation>
				<include>LogoBig</include>
				<control type="label">
					<include>TopBigLabel</include>
					<label>$LOCALIZE[31001]</label>
				</control>
				<control type="label">
					<description>Totals</description>
					<include>TopSmallLabel</include>
					<label>$INFO[Window(Home).Property(NextAired.Total),$LOCALIZE[31239]: ]</label>
				</control>
			</control>
			<control type="grouplist">
				<left>65</left>
				<top>20</top>
				<height>70</height>
				<width>1000</width>
				<align>left</align>
				<itemgap>0</itemgap>
				<orientation>horizontal</orientation>
				<control type="label">
					<textcolor>$VAR[Text.GlobalColor]</textcolor>
					<font>FontSize_18</font>
					<include>TopSmallLabel</include>
					<label>$INFO[Window(Home).Property(NextAired.TodayTotal),$LOCALIZE[31240]: ]</label>
				</control>
				<control type="label">
					<textcolor>$VAR[Text.GlobalColor]</textcolor>
					<font>FontSize_18</font>
					<include>TopSmallLabel</include>
					<label>$VAR[TVGuideNumItems, • ]</label>
					<visible>!ControlGroup(400).HasFocus()</visible>
				</control>
			</control>
		</control> -->
	</controls>
</window>
