<?xml version="1.0" encoding="UTF-8"?>
<window>
	<defaultcontrol always="true">7000</defaultcontrol>
  <menucontrol>9000</menucontrol>
	<backgroundcolor>bgcolor</backgroundcolor>
	<onload condition="String.IsEmpty(Skin.String(FullScreenMusicStyle))">Skin.SetString(FullScreenMusicStyle,1)</onload>
	<onload condition="String.IsEmpty(Skin.String(FullScreenVideoStyle))">Skin.SetString(FullScreenVideoStyle,1)</onload>
	<onload condition="String.IsEmpty(Skin.String(DialogSeekBarStyle))">Skin.SetString(DialogSeekBarStyle,1)</onload>
	<onunload condition="!String.IsEmpty(Window.Property(resetbusy))">ClearProperty(resetbusy)</onunload>
	<controls>
		<include>BackgroundItems</include>

		<control type="group">
			<include>CommonViews_VerticalAnimation</include>
			<include>VisibleHiddenSlideAnimation</include>
			<include>InfoDialogsVisible_ZoomAnimation</include>
			<visible>!String.IsEqual(Window.Property(resetbusy),show) + !Window.IsActive(1113)</visible>
			<include content="SettingsPanel">
				<param name="seperators" value="windows/settings/settings_separators.png"/>
			</include>

			<!-- ======================== -->
			<!-- == Categories Buttons == -->
			<!-- ======================== -->
			<control type="group" id="7000">
				<left>96</left>
				<top>145</top>
				<control type="list" id="6000">
					<left>0</left>
					<top>0</top>
					<width>295</width>
					<height>400</height>
					<itemgap>0</itemgap>
					<onleft condition="Skin.HasSetting(EnableKioskMode)">6000</onleft>
					<onleft condition="!Skin.HasSetting(EnableKioskMode)">9000</onleft>
					<onright>5000</onright>
					<onup>6000</onup>
					<ondown>6000</ondown>
					<pagecontrol></pagecontrol>
					<scrolltime>300</scrolltime>
					<itemlayout height="50" width="295">
						<control type="label">
							<left>-10</left>
							<top>0</top>
							<width>295</width>
							<height>50</height>
							<font>FontSize_20</font>
							<textcolor>77white</textcolor>
							<align>right</align>
							<label>$INFO[ListItem.Label]</label>
						</control>
					</itemlayout>
					<focusedlayout height="50" width="295">
						<control type="image">
							<left>0</left>
							<top>0</top>
							<width>295</width>
							<height>50</height>
							<texture border="1">windows/settings/settings_left_fo.png</texture>
							<animation effect="fade" start="100" end="50" time="0" condition="!Control.HasFocus(6000)">Conditional</animation>
						</control>
						<control type="label">
							<left>-10</left>
							<top>0</top>
							<width>295</width>
							<height>50</height>
							<font>FontSize_20</font>
							<textcolor>white</textcolor>
							<align>right</align>
							<label>$INFO[ListItem.Label]</label>
						</control>
					</focusedlayout>
					<content>
						<!-- General -->
						<item id="1">
							<label>$LOCALIZE[128]</label>
						</item>
						<!-- Home Window -->
						<item id="2">
							<label>$LOCALIZE[513]</label>
						</item>
						<!-- Backgrounds -->
						<item id="3">
							<label>$LOCALIZE[33069]</label>
						</item>
						<!-- Views -->
						<item id="4">
							<label>$LOCALIZE[31158]</label>
						</item>
						<!-- Addons -->
						<item id="5">
							<label>$LOCALIZE[24001]</label>
						</item>
						<!-- Quick Nav -->
						<item id="6">
							<label>$LOCALIZE[31374]</label>
						</item>
						<!-- Colours -->
						<item id="7">
							<label>$LOCALIZE[14078]</label>
						</item>
						<!-- Colours -->
						<item id="8">
							<label>$LOCALIZE[31091]</label>
						</item>
					</content>
				</control>

				<control type="group" id="5000">
					<left>307</left>
					<top>0</top>

					<!-- ============= -->
					<!-- == General == -->
					<!-- ============= -->
					<control type="grouplist" id="5100">
						<include>CloseAnimation</include>
						<visible>Container(6000).Hasfocus(1)</visible>
						<left>0</left>
						<top>0</top>
						<width>784</width>
						<height>400</height>
						<itemgap>0</itemgap>
						<onleft>6000</onleft>
						<onright>6000</onright>
						<onup>5100</onup>
						<ondown>5100</ondown>
						<pagecontrol>65800</pagecontrol>
						<control type="radiobutton" id="5101">
							<include>SettingsRadioButton</include>
							<label>20189</label>
							<onclick>Skin.ToggleSetting(AutoScroll)</onclick>
							<selected>Skin.HasSetting(AutoScroll)</selected>
						</control>
						<control type="radiobutton" id="5106">
							<include>SettingsRadioButton</include>
							<label>31162</label>
							<onclick>Skin.ToggleSetting(EnableKioskMode)</onclick>
							<selected>Skin.HasSetting(EnableKioskMode)</selected>
						</control>
						<control type="radiobutton" id="5107">
							<include>SettingsRadioButton</include>
							<label>31151</label>
							<onclick>Skin.ToggleSetting(EnableGlobalRSS)</onclick>
							<selected>Skin.HasSetting(EnableGlobalRSS)</selected>
							<enable>System.Getbool(lookandfeel.enablerssfeeds)</enable>
						</control>
						<control type="button" id="5108">
							<include>SettingsButton</include>
							<label>$LOCALIZE[31104]</label>
							<label2>[COLOR=$VAR[Text.GlobalColor]]$VAR[FullScreenMusicStyleName][/COLOR]</label2>
							<onclick condition="String.IsEqual(Skin.String(FullScreenMusicStyle),2)">Skin.SetString(FullScreenMusicStyle,1)</onclick>
							<onclick condition="String.IsEqual(Skin.String(FullScreenMusicStyle),1)">Skin.SetString(FullScreenMusicStyle,2)</onclick>
							<onclick condition="String.IsEqual(Skin.String(FullScreenMusicStyle),2)">Skin.SetString(FullScreenMusicStyle,1)</onclick>
						</control>
						<control type="button" id="5109">
							<include>SettingsButton</include>
							<label>$LOCALIZE[31105]</label>
							<label2>[COLOR=$VAR[Text.GlobalColor]]$VAR[FullScreenVideoStyleName][/COLOR]</label2>
							<onclick condition="String.IsEqual(Skin.String(FullScreenVideoStyle),2)">Skin.SetString(FullScreenVideoStyle,1)</onclick>
						</control>
						<control type="button" id="5110">
							<include>SettingsButton</include>
							<label>$LOCALIZE[31106]</label>
							<label2>[COLOR=$VAR[Text.GlobalColor]]$VAR[DialogSeekBarStyleName][/COLOR]</label2>
							<onclick condition="String.IsEqual(Skin.String(DialogSeekBarStyle),3)">Skin.SetString(DialogSeekBarStyle,1)</onclick>
							<enable>String.IsEqual(Skin.String(FullScreenVideoStyle),1)</enable>
						</control>
					</control>

					<!-- ================= -->
					<!-- == Home Window == -->
					<!-- ================= -->
					<control type="grouplist" id="5200">
						<include>CloseAnimation</include>
						<visible>Container(6000).Hasfocus(2)</visible>
						<left>0</left>
						<top>0</top>
						<width>784</width>
						<height>400</height>
						<itemgap>0</itemgap>
						<onleft>6000</onleft>
						<onright>6000</onright>
						<onup>5200</onup>
						<ondown>5200</ondown>
						<pagecontrol>65800</pagecontrol>
						<!-- Customize Home Menu -->
						<control type="button" id="5201">
							<description>Customize Home Menu</description>
							<include>SettingsRadioButton</include>
							<label>$LOCALIZE[31010]</label>
							<onclick>RunScript(script.skinshortcuts,type=manage&amp;nolabels=True&amp;group=mainmenu)</onclick>
							<enable>System.HasAddon(script.skinshortcuts)</enable>
						</control>
						<control type="radiobutton" id="5202">
							<visible>false</visible>
						</control>
						<!-- Hide HomeMenu ExtraInfo -->
						<control type="radiobutton" id="5203">
							<description>Hide HomeMenu ExtraInfo</description>
							<include>SettingsRadioButton</include>
							<label>$LOCALIZE[31161]</label>
							<onclick>Skin.ToggleSetting(HideExtraInfo)</onclick>
							<selected>Skin.HasSetting(HideExtraInfo)</selected>
						</control>
						<!-- Hide Now Playing -->
						<control type="radiobutton" id="5204">
							<description>Hide Home NP VideoInfo</description>
							<include>SettingsRadioButton</include>
							<label>31102</label>
							<onclick>Skin.ToggleSetting(HideHomeNPVideoInfo)</onclick>
							<selected>Skin.HasSetting(HideHomeNPVideoInfo)</selected>
						</control>
						<control type="radiobutton" id="5205">
							<description>Hide Home NP MusicInfo</description>
							<include>SettingsRadioButton</include>
							<label>31103</label>
							<onclick>Skin.ToggleSetting(HideHomeNPMusicInfo)</onclick>
							<selected>Skin.HasSetting(HideHomeNPMusicInfo)</selected>
						</control>
					</control>

					<!-- ================= -->
					<!-- == Backgrounds == -->
					<!-- ================= -->
					<control type="grouplist" id="5300">
						<include>CloseAnimation</include>
						<visible>Container(6000).Hasfocus(3)</visible>
						<left>0</left>
						<top>0</top>
						<width>784</width>
						<height>400</height>
						<itemgap>0</itemgap>
						<onleft>6000</onleft>
						<onright>6000</onright>
						<onup>5300</onup>
						<ondown>5300</ondown>
						<pagecontrol>65800</pagecontrol>
						<control type="radiobutton" id="5301">
							<include>SettingsRadioButton</include>
							<label>31130</label>
							<onclick>Skin.ToggleSetting(HideBGFanart)</onclick>
							<selected>Skin.HasSetting(HideBGFanart)</selected>
						</control>
						<control type="radiobutton" id="5302">
							<include>SettingsRadioButton</include>
							<label>31132</label>
							<onclick>Skin.ToggleSetting(HideBGVideo)</onclick>
							<selected>Skin.HasSetting(HideBGVideo)</selected>
						</control>
					</control>

					<!-- =========== -->
					<!-- == Views == -->
					<!-- =========== -->
					<control type="grouplist" id="5400">
						<include>CloseAnimation</include>
						<visible>Container(6000).Hasfocus(4)</visible>
						<left>0</left>
						<top>0</top>
						<width>784</width>
						<height>400</height>
						<itemgap>0</itemgap>
						<onleft>6000</onleft>
						<onright>6000</onright>
						<onup>5400</onup>
						<ondown>5400</ondown>
						<pagecontrol>65800</pagecontrol>
						<!-- Video Views -->
						<control type="button" id="5401">
							<description>Manage Video Views</description>
							<include>SettingsButton</include>
							<label>$LOCALIZE[31156]</label>
							<onclick>SetProperty(ManageButtons,managevideoviews,home)</onclick>
							<onclick>ActivateWindow(1118)</onclick>
						</control>
						<!-- Music Views -->
						<control type="button" id="5402">
							<description>Manage Music Views</description>
							<include>SettingsButton</include>
							<label>$LOCALIZE[31157]</label>
							<onclick>SetProperty(ManageButtons,managemusicviews,home)</onclick>
							<onclick>ActivateWindow(1118)</onclick>
						</control>
					</control>

					<!-- ============ -->
					<!-- == Addons == -->
					<!-- ============ -->
					<control type="grouplist" id="5500">
						<include>CloseAnimation</include>
						<visible>Container(6000).Hasfocus(5)</visible>
						<left>0</left>
						<top>0</top>
						<width>784</width>
						<height>400</height>
						<itemgap>0</itemgap>
						<onleft>6000</onleft>
						<onright>6000</onright>
						<onup>5500</onup>
						<ondown>5500</ondown>
						<pagecontrol>65800</pagecontrol>
						<control type="button" id="5501">
							<include>SettingsButton</include>
							<label>$LOCALIZE[31141]</label>
							<label2>[COLOR=$VAR[Text.GlobalColor]]$INFO[system.addontitle(Skin.String(LyricScript_Path))][/COLOR]</label2>
							<onclick>Skin.SetAddon(LyricScript_Path,xbmc.python.lyrics)</onclick>
						</control>
						<control type="button" id="5502">
							<include>SettingsButton</include>
							<label> • $LOCALIZE[10140]</label>
							<onclick>Addon.OpenSettings($INFO[Skin.String(LyricScript_Path)])</onclick>
							<visible>!String.IsEmpty(Skin.String(LyricScript_Path))</visible>
						</control>
						<control type="radiobutton" id="5505">
							<include>SettingsRadioButton</include>
							<label>$LOCALIZE[31101]</label>
							<onclick>Skin.ToggleSetting(AutocompletionKBEnabled)</onclick>
							<selected>Skin.HasSetting(AutocompletionKBEnabled)</selected>
							<enable>System.HasAddon(plugin.program.autocompletion)</enable>
						</control>
						<control type="radiobutton" id="5507">
							<include>SettingsRadioButton</include>
							<label>$LOCALIZE[31143]</label>
							<onclick>Skin.ToggleSetting(NextAiredEnabled)</onclick>
							<selected>Skin.HasSetting(NextAiredEnabled)</selected>
							<enable>System.HasAddon(script.tv.show.next.aired)</enable>
						</control>
						<control type="button" id="5508">
							<include>SettingsButton</include>
							<label> • $LOCALIZE[10140]</label>
							<onclick>Addon.OpenSettings(script.tv.show.next.aired)</onclick>
							<visible>Skin.HasSetting(NextAiredEnabled)</visible>
						</control>
						<control type="radiobutton" id="5509">
							<include>SettingsRadioButton</include>
							<label> • $LOCALIZE[31137]</label>
							<onclick>Skin.ToggleSetting(EnableNextAiredNotifications)</onclick>
							<selected>!Skin.HasSetting(EnableNextAiredNotifications)</selected>
							<visible>Skin.HasSetting(NextAiredEnabled)</visible>
						</control>
						<control type="button" id="5510">
							<visible>false</visible>
						</control>
						<control type="button" id="5511">
							<visible>false</visible>
						</control>
					</control>

					<!-- ====================== -->
					<!-- == Quick Navigation == -->
					<!-- ====================== -->
					<control type="grouplist" id="5600">
						<include>CloseAnimation</include>
						<visible>Container(6000).Hasfocus(6)</visible>
						<left>0</left>
						<top>0</top>
						<width>784</width>
						<height>400</height>
						<itemgap>0</itemgap>
						<onleft>6000</onleft>
						<onright>6000</onright>
						<onup>5600</onup>
						<ondown>5600</ondown>
						<pagecontrol>65800</pagecontrol>
						<control type="radiobutton" id="5601">
							<include>SettingsRadioButton</include>
							<label>31375</label>
							<onclick>Skin.ToggleSetting(DisableQuickNav)</onclick>
							<selected>Skin.HasSetting(DisableQuickNav)</selected>
						</control>
						<control type="button" id="5602">
							<description>Default QuickNav Buttons</description>
							<include>SettingsButton</include>
							<label>$LOCALIZE[31376]</label>
							<onclick>SetProperty(ManageButtons,defualtquicknav,home)</onclick>
							<onclick>ActivateWindow(1118)</onclick>
							<visible>!Skin.HasSetting(DisableQuickNav)</visible>
						</control>
						<control type="button" id="5603">
							<include>SettingsButton</include>
							<label>$LOCALIZE[31093]</label>
							<label2>[COLOR=$VAR[Text.GlobalColor]]$VAR[QuickNav_WidgetName][/COLOR]</label2>
							<include>Select_QuickNavWidgetType</include>
							<onclick>RunScript(script.embuary.helper,action=createselect,header=$LOCALIZE[31093],window=Home)</onclick>
							<visible>!Skin.HasSetting(DisableQuickNav)</visible>
						</control>
						<control type="button" id="5604">
							<description>Custom Items Button</description>
							<include>SettingsButton</include>
							<label>$LOCALIZE[31377]</label>
							<onclick>ActivateWindow(1119)</onclick>
							<visible>String.IsEqual(Skin.String(QuickNavWidgetType),3) + !Skin.HasSetting(DisableQuickNav)</visible>
						</control>
						<control type="button" id="5605">
							<include>SettingsButton</include>
							<label>$LOCALIZE[31094]</label>
							<label2>[COLOR=$VAR[Text.GlobalColor]]$VAR[QuickNav_WidgetNameMovies][/COLOR]</label2>
							<include>Select_QuickNavWidgetMoviesType</include>
							<onclick>RunScript(script.embuary.helper,action=createselect,header=$LOCALIZE[31094],window=Home)</onclick>
							<visible>!Skin.HasSetting(DisableQuickNav)</visible>
						</control>
						<control type="button" id="5606">
							<include>SettingsButton</include>
							<label>$LOCALIZE[31095]</label>
							<label2>[COLOR=$VAR[Text.GlobalColor]]$VAR[QuickNav_WidgetNameTVShows][/COLOR]</label2>
							<include>Select_QuickNavWidgetTVShowsType</include>
							<onclick>RunScript(script.embuary.helper,action=createselect,header=$LOCALIZE[31095],window=Home)</onclick>
							<visible>!Skin.HasSetting(DisableQuickNav)</visible>
						</control>
						<control type="button" id="5607">
							<include>SettingsButton</include>
							<label>$LOCALIZE[31096]</label>
							<label2>[COLOR=$VAR[Text.GlobalColor]]$VAR[QuickNav_WidgetNameMusic][/COLOR]</label2>
							<include>Select_QuickNavWidgetMusicType</include>
							<onclick>RunScript(script.embuary.helper,action=createselect,header=$LOCALIZE[31096],window=Home)</onclick>
							<visible>!Skin.HasSetting(DisableQuickNav)</visible>
						</control>
					</control>

					<!-- ============= -->
					<!-- == Colours == -->
					<!-- ============= -->
					<control type="grouplist" id="5700">
						<include>CloseAnimation</include>
						<visible>Container(6000).Hasfocus(7)</visible>
						<left>0</left>
						<top>0</top>
						<width>784</width>
						<height>400</height>
						<itemgap>0</itemgap>
						<onleft>6000</onleft>
						<onright>6000</onright>
						<onup>5700</onup>
						<ondown>5700</ondown>
						<pagecontrol>65800</pagecontrol>
						<!-- Focused Textures Colors -->
						<control type="button" id="5701">
							<include>SettingsButton</include>
							<label>$LOCALIZE[31126]</label>
							<onclick>SetProperty(CustomColor,textures)</onclick>
							<onclick>ActivateWindow(1113)</onclick>
						</control>
						<!-- Highlighted Text Colours -->
						<control type="button" id="5702">
							<include>SettingsButton</include>
							<label>$LOCALIZE[31127]</label>
							<onclick>SetProperty(CustomColor,text)</onclick>
							<onclick>ActivateWindow(1113)</onclick>
						</control>
						<!-- Diffuse BG Colours -->
						<control type="button" id="5703">
							<include>SettingsButton</include>
							<label>$LOCALIZE[31128]</label>
							<onclick>SetProperty(CustomColor,BG)</onclick>
							<onclick>ActivateWindow(1113)</onclick>
						</control>
						<!-- Reset Colours -->
						<control type="button" id="5704">
							<include>SettingsButton</include>
							<label>$LOCALIZE[31129]</label>
							<onclick>Skin.SetString(Textures.GlobalColor,FF12B2E7)</onclick>
							<onclick>Skin.SetString(Text.GlobalColor,FF12B2E7)</onclick>
							<onclick>Skin.SetString(BG.GlobalColor,FFCB2BFF)</onclick>
						</control>
					</control>

					<!-- ====================== -->
					<!-- == Supported Addons == -->
					<!-- ====================== -->
					<control type="grouplist" id="5800">
						<include>CloseAnimation</include>
						<visible>Container(6000).Hasfocus(8)</visible>
						<left>0</left>
						<top>0</top>
						<width>784</width>
						<height>400</height>
						<itemgap>0</itemgap>
						<onleft>6000</onleft>
						<onright>6000</onright>
						<onup>5800</onup>
						<ondown>5800</ondown>
						<pagecontrol>65800</pagecontrol>
						<control type="button" id="5801">
							<include>SettingsButton</include>
							<label>script.skinshortcuts [COLOR=55white]($LOCALIZE[31142])[/COLOR]</label>
							<label2>$VAR[StatusSkinShortcuts]</label2>
							<onclick condition="System.HasAddon(script.skinshortcuts)">Addon.OpenSettings(script.skinshortcuts)</onclick>
							<onclick condition="!System.HasAddon(script.skinshortcuts)">InstallAddon(script.skinshortcuts)</onclick>
						</control>
						<control type="button" id="5802">
							<include>SettingsButton</include>
							<label>plugin.video.themoviedb.helper [COLOR=55white]($LOCALIZE[31142])[/COLOR]</label>
							<label2>$VAR[StatusThemovieDBHelper]</label2>
							<onclick condition="System.HasAddon(plugin.video.themoviedb.helper)">Addon.OpenSettings(plugin.video.themoviedb.helper)</onclick>
							<onclick condition="!System.HasAddon(plugin.video.themoviedb.helper)">InstallAddon(plugin.video.themoviedb.helper)</onclick>
						</control>
						<control type="button" id="5803">
							<include>SettingsButton</include>
							<label>script.embuary.helper [COLOR=55white]($LOCALIZE[31142])[/COLOR]</label>
							<label2>$VAR[StatusEmbuaryHelper]</label2>
							<onclick condition="System.HasAddon(script.embuary.helper)">Addon.OpenSettings(script.embuary.helper)</onclick>
							<onclick condition="!System.HasAddon(script.embuary.helper)">InstallAddon(script.embuary.helper)</onclick>
						</control>
						<control type="button" id="5804">
							<include>SettingsButton</include>
							<label>script.metadata.editor</label>
							<label2>$VAR[StatusMetadataEditor]</label2>
							<onclick condition="System.HasAddon(script.metadata.editor)">Addon.OpenSettings(script.metadata.editor)</onclick>
							<onclick condition="!System.HasAddon(script.metadata.editor)">InstallAddon(script.metadata.editor)</onclick>
						</control>
						<!-- DISABLED
						<control type="button" id="5807">
							<include>SettingsButton</include>
							<label>service.smartish.widgets</label>
							<label2>$VAR[StatusSmartishWidgets]</label2>
							<onclick condition="System.HasAddon(service.smartish.widgets)">Addon.OpenSettings(service.smartish.widgets)</onclick>
							<onclick condition="!System.HasAddon(service.smartish.widgets)">InstallAddon(service.smartish.widgets)</onclick>
						</control>
						-->
						<control type="button" id="5810">
							<include>SettingsButton</include>
							<label>script.artistslideshow</label>
							<label2>$VAR[StatusArtistSlideshow]</label2>
							<onclick condition="System.HasAddon(script.artistslideshow)">Addon.OpenSettings(script.artistslideshow)</onclick>
							<onclick condition="!System.HasAddon(script.artistslideshow)">InstallAddon(script.artistslideshow)</onclick>
						</control>
						<control type="button" id="5811">
							<include>SettingsButton</include>
							<label>script.globalsearch</label>
							<label2>$VAR[StatusGlobalSearch]</label2>
							<onclick condition="System.HasAddon(script.globalsearch)">Addon.OpenSettings(script.globalsearch)</onclick>
							<onclick condition="!System.HasAddon(script.globalsearch)">InstallAddon(script.globalsearch)</onclick>
						</control>
						<!-- DISABLED
						<control type="button" id="5812">
							<include>SettingsButton</include>
							<label>script.module.kodi65</label>
							<label2>$VAR[StatusT9Search]</label2>
							<onclick condition="System.HasAddon(script.module.kodi65)">Addon.OpenSettings(script.module.kodi65)</onclick>
							<onclick condition="!System.HasAddon(script.module.kodi65)">InstallAddon(script.module.kodi65)</onclick>
						</control>
						-->
						<control type="button" id="5813">
							<include>SettingsButton</include>
							<label>plugin.program.autocompletion</label>
							<label2>$VAR[StatusAutoCompletion]</label2>
							<onclick condition="System.HasAddon(plugin.program.autocompletion)">Addon.OpenSettings(plugin.program.autocompletion)</onclick>
							<onclick condition="!System.HasAddon(plugin.program.autocompletion)">InstallAddon(plugin.program.autocompletion)</onclick>
						</control>
						<control type="button" id="5814">
							<include>SettingsButton</include>
							<label>script.cu.lrclyrics</label>
							<label2>$VAR[StatusCULRCLyrics]</label2>
							<onclick condition="System.HasAddon(script.cu.lrclyrics)">Addon.OpenSettings(script.cu.lrclyrics)</onclick>
							<onclick condition="!System.HasAddon(script.cu.lrclyrics)">InstallAddon(script.cu.lrclyrics)</onclick>
						</control>
						<!-- DISABLED
						<control type="button" id="5808">
							<include>SettingsButton</include>
							<label>script.tv.show.next.aired</label>
							<label2>$VAR[StatusTVShowNextAired]</label2>
							<onclick condition="System.HasAddon(script.tv.show.next.aired)">Addon.OpenSettings(script.tv.show.next.aired)</onclick>
							<onclick condition="!System.HasAddon(script.tv.show.next.aired)">InstallAddon(script.tv.show.next.aired)</onclick>
						</control>
						-->
						<control type="button" id="5815">
							<include>SettingsButton</include>
							<label>service.upnext</label>
							<label2>$VAR[StatusUpNextNotification]</label2>
							<onclick condition="System.HasAddon(service.upnext)">Addon.OpenSettings(service.upnext)</onclick>
							<onclick condition="!System.HasAddon(service.upnext)">InstallAddon(service.upnext)</onclick>
						</control>
						<control type="button" id="5817">
							<include>SettingsButton</include>
							<label>service.audio.profiles</label>
							<label2>$VAR[StatusAudioProfiles]</label2>
							<onclick condition="System.HasAddon(service.audio.profiles)">Addon.OpenSettings(service.audio.profiles)</onclick>
							<onclick condition="!System.HasAddon(service.audio.profiles)">InstallAddon(service.audio.profiles)</onclick>
						</control>
						<!-- DISABLED
						<control type="button" id="5818">
							<include>SettingsButton</include>
							<label>script.artwork.beef</label>
							<label2>$VAR[StatusArtworkBeef]</label2>
							<onclick condition="System.HasAddon(script.artwork.beef)">Addon.OpenSettings(script.artwork.beef)</onclick>
							<onclick condition="!System.HasAddon(script.artwork.beef)">RunScript(script.embuary.helper,action=dialogok,header=$LOCALIZE[24076],message=$LOCALIZE[24100][CR][COLOR=white]Artwork Beef Script[/COLOR][CR]Source: [COLOR=white]https://github.com/rmrector/script.artwork.beef[/COLOR])</onclick>
						</control>
						<control type="button" id="5819">
							<include>SettingsButton</include>
							<label>script.imdbupdate</label>
							<label2>$VAR[StatusIMDBUpdate]</label2>
							<onclick condition="System.HasAddon(script.imdbupdate)">Addon.OpenSettings(script.imdbupdate)</onclick>
							<onclick condition="!System.HasAddon(script.imdbupdate)">RunScript(script.embuary.helper,action=dialogok,header=$LOCALIZE[24076],message=$LOCALIZE[24100][CR][COLOR=white]IMDB Update Script[/COLOR][CR]Source: [COLOR=white]https://github.com/jansepke/script.imdbupdate[/COLOR])</onclick>
						</control>
						-->
						<control type="button" id="5821">
							<include>SettingsButton</include>
							<label>script.image.resource.select</label>
							<label2>$VAR[StatusImageResourceSelect]</label2>
							<onclick condition="System.HasAddon(script.image.resource.select)">Addon.OpenSettings(script.image.resource.select)</onclick>
							<onclick condition="!System.HasAddon(script.image.resource.select)">InstallAddon(script.image.resource.select)</onclick>
						</control>
						<control type="button" id="5823">
							<include>SettingsButton</include>
							<label>resource.images.weathericons.outline</label>
							<label2>$VAR[StatusWeatherIconsOutline]</label2>
							<onclick condition="System.HasAddon(resource.images.weathericons.outline)">Addon.OpenSettings(resource.images.weathericons.outline)</onclick>
							<onclick condition="!System.HasAddon(resource.images.weathericons.outline)">InstallAddon(resource.images.weathericons.outline)</onclick>
						</control>
						<control type="button" id="5824">
							<include>SettingsButton</include>
							<label>resource.images.weathericons.outline-hd</label>
							<label2>$VAR[StatusWeatherIconsOutlineHD]</label2>
							<onclick condition="System.HasAddon(resource.images.weathericons.outline-hd)">Addon.OpenSettings(resource.images.weathericons.outline-hd)</onclick>
							<onclick condition="!System.HasAddon(resource.images.weathericons.outline-hd)">InstallAddon(resource.images.weathericons.outline-hd)</onclick>
						</control>
						<control type="button" id="5825">
							<include>SettingsButton</include>
							<label>resource.images.weatherfanart.single</label>
							<label2>$VAR[StatusWeatherFanartSingle]</label2>
							<onclick condition="System.HasAddon(resource.images.weatherfanart.single)">Addon.OpenSettings(resource.images.weatherfanart.single)</onclick>
							<onclick condition="!System.HasAddon(resource.images.weatherfanart.single)">InstallAddon(resource.images.weatherfanart.single)</onclick>
						</control>
						<control type="button" id="5826">
							<include>SettingsButton</include>
							<label>resource.images.musicgenreicons.text</label>
							<label2>$VAR[StatusMusicGenreiconsText]</label2>
							<onclick condition="System.HasAddon(resource.images.musicgenreicons.text)">Addon.OpenSettings(resource.images.musicgenreicons.text)</onclick>
							<onclick condition="!System.HasAddon(resource.images.musicgenreicons.text)">InstallAddon(resource.images.musicgenreicons.text)</onclick>
						</control>
						<control type="button" id="5827">
							<include>SettingsButton</include>
							<label>resource.images.languageflags.colour</label>
							<label2>$VAR[StatusLanguageFlagsColour]</label2>
							<onclick condition="System.HasAddon(resource.images.languageflags.colour)">Addon.OpenSettings(resource.images.languageflags.colour)</onclick>
							<onclick condition="!System.HasAddon(resource.images.languageflags.colour)">InstallAddon(resource.images.languageflags.colour)</onclick>
						</control>
					</control>

				</control>

				<control type="scrollbar" id="65800">
					<left>1098</left>
					<top>-1</top>
					<width>5</width>
					<height>402</height>
					<texturesliderbackground></texturesliderbackground>
					<texturesliderbar colordiffuse="55white" border="4,2,0,2">views/scrollbar/scrollbar_pvr.png</texturesliderbar>
					<texturesliderbarfocus colordiffuse="55white" border="4,2,0,2">views/scrollbar/scrollbar_pvr.png</texturesliderbarfocus>
					<textureslidernib></textureslidernib>
					<textureslidernibfocus></textureslidernibfocus>
					<onleft>5800</onleft>
					<onright>5800</onright>
					<showonepage>false</showonepage>
					<orientation>vertical</orientation>
					<animation effect="fade" start="100" end="0" time="250" condition="Control.HasFocus(6000)">Conditional</animation>
				</control>
			</control>

			<include content="SettingsHeaderAndFooter">
				<param name="settings_label" value="$LOCALIZE[5]"/>
				<param name="description_label" value="$LOCALIZE[31409]"/>
			</include>
		</control>

		<include>CommonDialogsFadeOutBG</include>

		<control type="group" id="9333">
			<include>BusyAnimation</include>
			<include>NotificationsAnimations</include>
			<visible>String.IsEqual(Window.Property(resetbusy),show)</visible>
			<control type="label">
				<left>0</left>
				<top>320</top>
				<width>1280</width>
				<height>42</height>
				<label>$LOCALIZE[31007]</label>
				<align>center</align>
				<aligny>center</aligny>
				<font>FontSize_50</font>
				<textcolor>white</textcolor>
				<shadowcolor>77000000</shadowcolor>
				<scroll>false</scroll>
			</control>
		</control>
		<include>CommonNowPlaying</include>
		<include>SettingsCategoryContentInfo</include>
		<include>SettingsWeatherAndClock</include>
	</controls>
</window>
