<?xml version="1.0" encoding="UTF-8"?>
<window>
	<controls>
	<control type="group">
	  <left>45</left>
		<top>645</top>
		<visible>!Window.IsActive(ShutdownMenu) + !Window.IsVisible(Startup)</visible>
	  <include>NotificationsAnimations</include>
		<control type="group">
			<right>0</right>
			<width>723</width>
			<control type="image" id="1">
			<include>FullscreenDimensions</include>
			<texture background="true">windows/bg/black.png</texture>
			<visible>Window.IsActive(notification)</visible>
		</control>
			<control type="label" id="401">
		    <description>Heading</description>
				<left>0</left>
			  <top>0</top>
				<height>24</height>
				<width>625</width>
				<font>NotificationsFont</font>
				<textcolor>white</textcolor>
				<shadowcolor>77000000</shadowcolor>
		    <label></label>
		    <align>right</align>
		    <aligny>center</aligny>
				<scroll>false</scroll>
        <animation effect="slide" end="0,10" condition="String.IsEmpty(Control.GetLabel(402))">Conditional</animation>
			</control>
			<control type="label" id="402">
		    <description>Message</description>
				<left>0</left>
			  <top>20</top>
				<height>25</height>
				<width>625</width>
				<font>NotificationsFont</font>
				<textcolor>viewsinfo</textcolor>
				<shadowcolor>77000000</shadowcolor>
		    <label></label>
		    <align>right</align>
		    <aligny>center</aligny>
				<scroll>false</scroll>
			</control>
			<control type="image" id="400">
				<description>Icon</description>
				<left>630</left>
			  <top>0</top>
				<width>46</width>
				<height>46</height>
				<aspectratio align="center" aligny="center">stretch</aspectratio>
			  <texture background="true" diffuse="icons/notification_diffuse.png"/>
			</control>
			<control type="image">
				<left>630</left>
			  <top>0</top>
				<width>46</width>
				<height>46</height>
				<aspectratio align="center" aligny="center">stretch</aspectratio>
			  <texture background="true" diffuse="icons/notification_diffuse.png">DefaultIconInfo.png</texture>
	      <visible>String.IsEmpty(Control.GetLabel(400))</visible>
			</control>
		  <control type="image">
				<left>630</left>
			  <top>0</top>
				<width>46</width>
				<height>46</height>
				<colordiffuse>$VAR[Textures.GlobalColor]</colordiffuse>
				<aspectratio align="center" aligny="center">stretch</aspectratio>
	      <texture background="true">icons/notification_panel.png</texture>
	      <visible>String.Contains(Control.GetLabel(400),icon.png) | String.EndsWith(Control.GetLabel(400),.jpg)</visible>
		  </control>
<!-- DISABLED
			<control type="group">
				<left>1140</left>
			  <top>-2</top>
				<control type="image" id="400">
					<description>little pic</description>
					<width>50</width>
					<height>50</height>
					<aspectratio align="center" aligny="center">stretch</aspectratio>
				  <texture background="true"/>
				</control>
			  <control type="image">
			  	<top>0</top>
					<width>50</width>
					<height>50</height>
					<colordiffuse>$VAR[Textures.GlobalColor]</colordiffuse>
					<aspectratio align="center" aligny="center">stretch</aspectratio>
		      <texture background="true">icons/notification_panel.png</texture>
		      <visible>String.Contains(Control.GetLabel(400),icon.png)</visible>
			  </control>
		  </control>
-->
		</control>
	</control>

	</controls>
</window>
