<?xml version="1.0" encoding="UTF-8"?>
<window>
	<defaultcontrol always="true">50</defaultcontrol>
  <menucontrol>9000</menucontrol>
	<views>50</views>
	<controls>
		<include>BackgroundItemsPVR</include>

		<control type="group">
			<visible>Control.IsVisible(50)</visible>
			<include>FullscreenDimensions</include>
			<include>InfoDialogsVisible_ZoomAnimation</include>
			<include>VisibleHiddenSlideAnimation</include>
			<include>HomeMenu_OpenCloseSlideAnimation</include>
			<include>SearchTopInfo</include>
			<control type="group">
				<left>35</left>
				<top>290</top>
				<include>SearchSeperators</include>
			</control>
			<control type="list" id="50">
				<onleft>Action(menu)</onleft>
				<left>35</left>
				<top>290</top>
				<width>1200</width>
				<height>350</height>
				<onleft condition="Window.IsVisible(TVTimers) | Window.IsVisible(RadioTimers)">133</onleft>
				<onleft condition="Window.IsVisible(TVTimerRules) | Window.IsVisible(RadioTimerRules)">134</onleft>
				<onright>60</onright>
				<onup>50</onup>
				<ondown>50</ondown>
				<preloaditems>2</preloaditems>
				<viewtype label="537">list</viewtype>
				<pagecontrol>60</pagecontrol>
				<scrolltime tween="cubic" easing="out">300</scrolltime>
				<include>SearchListItemLayout</include>
				<include>SearchListFocusedLayout</include>
			</control>
		</control>

		<include>CommonItemsPVR</include>

	</controls>
</window>
