<?xml version="1.0" encoding="UTF-8"?>
<window>
	<defaultcontrol always="true">50</defaultcontrol>
  <menucontrol>9000</menucontrol>
	<views>50</views>
	<controls>
		<include>BackgroundItemsPVR</include>
		<control type="group">
			<top>650</top>
			<left>454</left>
			<control type="group">
				<left>40</left>
				<control type="label">
					<description>Disk usage text</description>
					<width>300</width>
					<height>20</height>
					<label>$INFO[PVR.backenddiskspace]</label>
					<textcolor>white</textcolor>
					<align>center</align>
					<font>font13</font>
				</control>
				<control type="progress">
					<description>Disk usage bar</description>
					<top>20</top>
					<left>20</left>
					<width>260</width>
					<height>15</height>>
					<info>PVR.backenddiskspaceprogr</info>
					<midtexture colordiffuse="$VAR[Textures.GlobalColor]">windows/bg/white.png</midtexture>
					<texturebg colordiffuse="themecolor" border="3,0,3,0">windows/bg/white.png</texturebg>
					<visible>!IntegerGreaterThan(PVR.backenddiskspaceprogr,100)</visible>
				</control>
			</control>
		</control>

		<control type="group">
			<description>Recordings</description>
			<visible>Control.IsVisible(50)</visible>
			<include>FullscreenDimensions</include>
			<include>InfoDialogsVisible_ZoomAnimation</include>
			<include>VisibleHiddenSlideAnimation</include>
			<include>HomeMenu_OpenCloseSlideAnimation</include>
			<include>SearchTopInfo</include>
			<control type="group">
				<left>35</left>
				<top>290</top>
				<include>RecordingsSeperators</include>
			</control>
			<control type="list" id="50">
				<left>35</left>
				<top>290</top>
				<width>1200</width>
				<height>350</height>
				<onleft>132</onleft>
				<onright>60</onright>
				<onup>50</onup>
				<ondown>50</ondown>
				<preloaditems>2</preloaditems>
				<viewtype label="537">list</viewtype>
				<pagecontrol>60</pagecontrol>
				<scrolltime tween="cubic" easing="out">300</scrolltime>
				<itemlayout height="50">
					<control type="group">
						<control type="image">
							<left>14</left>
							<top>8</top>
							<width>54</width>
							<height>30</height>
							<texture background="true" colordiffuse="viewsinfo">$INFO[ListItem.Icon]</texture>
						</control>
						<control type="image">
							<left>83</left>
							<top>14</top>
							<width>18</width>
							<height>18</height>
							<texture background="true" colordiffuse="viewsinfo">overlays/unwatched/list/UnWatched.png</texture>
							<visible>String.IsEqual(ListItem.Overlay,OverlayUnWatched.png)</visible>
						</control>
						<control type="label">
							<left>85</left>
							<top>0</top>
							<width>715</width>
							<height>45</height>
							<font>FontSize_22</font>
							<textcolor>white</textcolor>
							<shadowcolor>77000000</shadowcolor>
							<selectedcolor>$VAR[Text.GlobalColor]</selectedcolor>
							<label>S$INFO[VideoPlayer.Season,, ]E$INFO[VideoPlayer.Episode]$INFO[ListItem.EpisodeName, - ]</label>
							<visible>!String.IsEmpty(ListItem.Season)</visible>
							<animation effect="slide" start="0,0" end="25,0" time="0" tween="sine" easing="inout" condition="String.IsEqual(ListItem.Overlay,OverlayUnWatched.png)">Conditional</animation>
						</control>
						<control type="label">
							<left>85</left>
							<top>0</top>
							<width>715</width>
							<height>45</height>
							<font>FontSize_22</font>
							<textcolor>white</textcolor>
							<shadowcolor>77000000</shadowcolor>
							<selectedcolor>$VAR[Text.GlobalColor]</selectedcolor>
							<label>$INFO[ListItem.Label]</label>
							<visible>String.IsEmpty(ListItem.Season)</visible>
							<animation effect="slide" start="0,0" end="25,0" time="0" tween="sine" easing="inout" condition="String.IsEqual(ListItem.Overlay,OverlayUnWatched.png)">Conditional</animation>
						</control>
						<control type="image">
							<left>870</left>
							<top>12</top>
							<width>22</width>
							<height>22</height>
							<aspectratio>keep</aspectratio>
							<texture>windows/pvr/rec.png</texture>
							<visible>ListItem.IsRecording</visible>
						</control>
						<control type="label">
							<left>888</left>
							<top>0</top>
							<width>322</width>
							<height>45</height>
							<font>FontSize_20</font>
							<textcolor>white</textcolor>
							<shadowcolor>77000000</shadowcolor>
							<selectedcolor>$VAR[Text.GlobalColor]</selectedcolor>
							<align>center</align>
							<label>$VAR[PVRRecordingsListLabel2]</label>
						</control>
					</control>
				</itemlayout>
				<focusedlayout height="50">
					<control type="group">
						<include>PVRListFocusAnimation</include>
						<include content="ListSeperatorFocus">
							<param name="left" value="10"/>
							<param name="width" value="60"/>
							<param name="color" value="$VAR[Textures.GlobalColor]"/>
						</include>
						<include content="ListSeperatorFocus">
							<param name="left" value="74"/>
							<param name="width" value="780"/>
							<param name="color" value="$VAR[Textures.GlobalColor]"/>
						</include>
						<include content="ListSeperatorFocus">
							<param name="left" value="858"/>
							<param name="width" value="342"/>
							<param name="color" value="$VAR[Textures.GlobalColor]"/>
						</include>
						<control type="image">
							<left>14</left>
							<top>4</top>
							<width>54</width>
							<height>30</height>
							<texture background="true">$INFO[ListItem.Icon]</texture>
						</control>
						<control type="image">
							<left>83</left>
							<top>14</top>
							<width>18</width>
							<height>18</height>
							<texture background="true">overlays/unwatched/list/UnWatched.png</texture>
							<visible>String.IsEqual(ListItem.Overlay,OverlayUnWatched.png)</visible>
						</control>
						<control type="label">
							<left>85</left>
							<top>0</top>
							<width>715</width>
							<height>45</height>
							<font>FontSize_22</font>
							<textcolor>white</textcolor>
							<shadowcolor>77000000</shadowcolor>
							<selectedcolor>$VAR[Text.GlobalColor]</selectedcolor>
							<label>S$INFO[VideoPlayer.Season,, ]E$INFO[VideoPlayer.Episode]$INFO[ListItem.EpisodeName, - ]</label>
							<visible>!String.IsEmpty(ListItem.Season)</visible>
							<animation effect="slide" start="0,0" end="25,0" time="0" tween="sine" easing="inout" condition="String.IsEqual(ListItem.Overlay,OverlayUnWatched.png)">Conditional</animation>
						</control>
						<control type="label">
							<left>85</left>
							<top>0</top>
							<width>715</width>
							<height>45</height>
							<font>FontSize_22</font>
							<textcolor>white</textcolor>
							<shadowcolor>77000000</shadowcolor>
							<selectedcolor>$VAR[Text.GlobalColor]</selectedcolor>
							<label>$INFO[ListItem.Label]</label>
							<visible>String.IsEmpty(ListItem.Season)</visible>
							<animation effect="slide" start="0,0" end="25,0" time="0" tween="sine" easing="inout" condition="String.IsEqual(ListItem.Overlay,OverlayUnWatched.png)">Conditional</animation>
						</control>
						<control type="image">
							<left>870</left>
							<top>12</top>
							<width>22</width>
							<height>22</height>
							<aspectratio>keep</aspectratio>
							<texture>windows/pvr/rec.png</texture>
							<visible>ListItem.IsRecording</visible>
						</control>
						<control type="label">
							<left>888</left>
							<top>0</top>
							<width>322</width>
							<height>45</height>
							<font>FontSize_20</font>
							<textcolor>white</textcolor>
							<shadowcolor>77000000</shadowcolor>
							<selectedcolor>$VAR[Text.GlobalColor]</selectedcolor>
							<align>center</align>
							<label>$VAR[PVRRecordingsListLabel2]</label>
						</control>
					</control>
				</focusedlayout>
			</control>
		</control>



		<control type="button" id="10">
			<description>All/Watched/Unwatched Toggle</description>
			<visible>false</visible>
		</control>

		<include>CommonItemsPVR</include>

	</controls>
</window>
