<?xml version="1.0" encoding="UTF-8" standalone="yes"?>
<addon id="script.module.streamotion" name="SlyGuy Streamotion Common" provider-name="SlyGuy" version="0.0.1">
  <requires>
    <import addon="script.module.slyguy" version="0.63.1"/>
  </requires>
  <extension point="xbmc.python.module" library="resources/modules" />
  <extension point="xbmc.addon.metadata">
    <description lang="en">Common code required by Slyguy Streamotion add-ons</description>
    <reuselanguageinvoker>true</reuselanguageinvoker>
    <license></license>
    <language></language>
    <website></website>
    <news></news>
    <assets>
      <icon>icon.png</icon>
      <fanart>fanart.jpg</fanart>
    </assets>
  </extension>
</addon>
