<?xml version="1.0" encoding="UTF-8" standalone="yes"?>
<addon id="slyguy.paramount.plus" name="Paramount+" provider-name="SlyGuy" version="0.5.2">
  <requires>
    <import addon="script.module.slyguy"/>
  </requires>
  <extension point="xbmc.python.pluginsource" library="default.py" provides="video">
    <provides>video</provides>
  </extension>
  <extension point="xbmc.addon.metadata">
    <description lang="en">Watch thousands of episodes of your favorite shows on any device. Paramount+ includes on-demand and live content from CBS, BET, Comedy Central, Nickelodeon, MTV, VH1, Paramount, and more.

Subscription required.</description>
    <reuselanguageinvoker>true</reuselanguageinvoker>
    <license></license>
    <language></language>
    <website></website>
    <news>Fix some category pagination</news>
    <assets>
      <icon>icon.png</icon>
      <fanart>fanart.jpg</fanart>
    </assets>
  </extension>
</addon>
