<?xml version="1.0" encoding="UTF-8"?>
<addon id="plugin.video.xtreamcodes" version="0.0.2" name="Xtream-Codes" provider-name="Chamchenko">
    <requires>
        <import addon="script.module.codequick" version="0.9.13"/>
        <import addon="script.module.future" version="0.17.1"/>
    </requires>
    <extension point="xbmc.python.pluginsource" library="default.py">
        <provides>video</provides>
    </extension>
    <extension point="xbmc.addon.metadata">
        <summary lang="en_GB"></summary>
        <description lang="en_GB"></description>
        <platform>all</platform>
        <license>GNU GENERAL PUBLIC LICENSE. Version 2, June 1991</license>
        <source>https://github.com/chamchenko/plugin.video.xtreamcodes</source>
        <website>https://xtream-codes.com/</website>
        <assets>
            <icon>resources/images/icon.png</icon>
            <fanart>resources/images/fanart.jpg</fanart>
        </assets>
    </extension>
</addon>
