<?xml version="1.0" encoding="UTF-8"?>
<addon id="skin.liam.1" version="1.7" name="Liam" provider-name="Liam">
  <requires>
		<import addon="xbmc.gui" version="5.14.0"/>
		<import addon="script.skinshortcuts" version="1.0.17"/>
		<import addon="script.skin.helper.service" version="1.1.3"/>
		<import addon="script.extendedinfo" version="5.6.0"/>
		<import addon="service.library.data.provider" version="0.3.0"/>
		<import addon="script.skin.helper.widgets" version="1.0.22"/>
	</requires>
	<extension point="xbmc.gui.skin" effectslowdown="0.75" debugging="false">
	    <res width="1280" height="720" aspect="16:9" default="true" folder="720p"/>
	</extension>
  <extension point="xbmc.addon.metadata">
    <summary lang="en">A skin for Kodi Media Center</summary>
    <summary lang="en_AU">A skin for Kodi Media Centre</summary>
    <summary lang="en_NZ">A skin for Kodi Media Centre</summary>
    <summary lang="en_US">A skin for Kodi Media Center</summary>
    <description lang="en">This is the 1st generation of Liam skin for Kodi. Liam 1 is aiming to maximize your Kodi entertainment experience with its NEW Unique, Clean and Elegant interface while providing users a high customization level and lots of cool features!</description>
    <description lang="en_AU">This is the 1st generation of Liam skin for Kodi. Liam 1 is aiming to maximize your Kodi entertainment experience with its NEW Unique, Clean and Elegant interface while providing users a high customization level and lots of cool features!</description>
    <description lang="en_NZ">This is the 1st generation of Liam skin for Kodi. Liam 1 is aiming to maximize your Kodi entertainment experience with its NEW Unique, Clean and Elegant interface while providing users a high customization level and lots of cool features!</description>
    <description lang="en_US">This is the 1st generation of Liam skin for Kodi. Liam 1 is aiming to maximize your Kodi entertainment experience with its NEW Unique, Clean and Elegant interface while providing users a high customization level and lots of cool features!</description>
      <disclaimer lang="en">Mouse usage is not supported.</disclaimer>
    <disclaimer lang="en_AU">Mouse usage is not supported.</disclaimer>
    <disclaimer lang="en_NZ">Mouse usage is not supported.</disclaimer>
    <disclaimer lang="en_US">Mouse usage is not supported.</disclaimer>
    <platform>all</platform>
		<assets>
			<icon>resources/icon.png</icon>
			<fanart>resources/fanart.jpg</fanart>
			<screenshot>resources/screenshot-01.jpg</screenshot>
			<screenshot>resources/screenshot-02.jpg</screenshot>
			<screenshot>resources/screenshot-03.jpg</screenshot>
			<screenshot>resources/screenshot-04.jpg</screenshot>
			<screenshot>resources/screenshot-05.jpg</screenshot>
			<screenshot>resources/screenshot-06.jpg</screenshot>
			<screenshot>resources/screenshot-07.jpg</screenshot>
			<screenshot>resources/screenshot-08.jpg</screenshot>
			<screenshot>resources/screenshot-09.jpg</screenshot>
			<screenshot>resources/screenshot-10.jpg</screenshot>
		</assets>
  </extension>
</addon>
