<?xml version="1.0" encoding="UTF-8" standalone="yes"?>
<addon id="plugin.audio.iheart"
       name="iHeartRadio"
       version="2.0.2"
       provider-name="divingmule">
  <requires>
    <import addon="xbmc.python" version="3.0.0"/>
    <import addon="script.module.requests" version="2.22.0+matrix.1"/>
    <import addon="script.common.plugin.cache" version="2.6.1.1"/>
  </requires>
  <extension point="xbmc.python.pluginsource" library="default.py">
    <provides>audio</provides>
  </extension>
  <extension point="xbmc.addon.metadata">
    <summary lang="en_US">Live radio over the internet</summary>
    <description lang="en_US">
    Listen to more than 1,500 live radio stations from coast-to-coast including pop, country, urban, rock, talk, and college.[CR]
    Browse radio stations by music genre and location.[CR]
    Read more: http://news.iheart.com/about/
    </description>
    <platform>all</platform>
    <language>en_US</language>
    <license>GPL-2.0-or-later</license>
    <source>https://github.com/divingmule/plugin.audio.iheart</source>
    <forum>http://forum.xbmc.org/showthread.php?tid=170721</forum>
    <website>http://iheart.com</website>
    <news>v2.0.2 (01/30/2022)
	  [fix] Bug in search function
	  v2.0.1 (03/19/2021)
      [new] Adds support for Canada, Australia, Mexico, New Zealand and podcasts world wide.
    </news>
    <assets>
      <icon>icon.png</icon>
      <fanart>fanart.jpg</fanart>
    </assets>
  </extension>
</addon>
