<?xml version="1.0" encoding="UTF-8"?>
<window type="dialog" id="1113">
 <defaultcontrol always="true">4000</defaultcontrol>
 <onunload condition="!String.IsEmpty(Window(SkinSettings).Property(CustomColor))">ClearProperty(CustomColor,SkinSettings)</onunload>
 <controls>
	<control type="group" id="4000">
    <include>OpenCloseSlideAnimation</include>
    <include>VisibleHiddenSlideAnimation</include>
    <control type="image">
      <left>84</left>
      <top>133</top>
      <width>1114</width>
      <height>460</height>
      <aspectratio>stretch</aspectratio>
      <texture border="59">views/other/panel.png</texture>
    </control>
    <control type="image">
      <left>90</left>
      <top>139</top>
      <width>1102</width>
      <height>448</height>
      <texture border="49">thumbs/thumb_border.png</texture>
    </control>
    <control type="panel" id="4001">
      <left>96</left>
      <top>145</top>
      <width>1100</width>
      <height>437</height>
      <onleft>4001</onleft>
      <onright>4001</onright>
      <onup>4001</onup>
      <ondown>4001</ondown>
      <scrolltime tween="Quadratic" easing="out">300</scrolltime>
      <viewtype label="536">icon</viewtype>
      <orientation>vertical</orientation>
      <itemlayout condition="!String.IsEqual(Window(SkinSettings).Property(CustomColor),BG)" width="109" height="109">
        <control type="image">
          <left>0</left>
          <top>0</top>
          <width>109</width>
          <height>109</height>
          <aspectratio align="center" aligny="center">stretch</aspectratio>
          <texture background="true" border="31">windows/home/panel_widgets.png</texture>
        </control>
        <control type="image">
          <left>0</left>
          <top>0</top>
          <width>109</width>
          <height>109</height>
          <aspectratio align="center" aligny="center">stretch</aspectratio>
          <texture background="true" border="3">$INFO[ListItem.Thumb]</texture>
          <bordersize>9</bordersize>
        </control>
        <control type="label">
          <left>0</left>
          <top>0</top>
          <width>109</width>
          <height>109</height>
          <font>FontSize_24</font>
          <align>center</align>
          <aligny>center</aligny>
          <label>$INFO[ListItem.Label]</label>
        </control>
      </itemlayout>
      <itemlayout condition="String.IsEqual(Window(SkinSettings).Property(CustomColor),BG)" width="181.5" height="109">
        <control type="image">
          <left>0</left>
          <top>0</top>
          <width>182</width>
          <height>109</height>
          <aspectratio align="center" aligny="center">stretch</aspectratio>
          <texture background="true" border="31">windows/home/panel_widgets.png</texture>
        </control>
        <control type="image">
          <left>0</left>
          <top>0</top>
          <width>182</width>
          <height>109</height>
          <aspectratio align="center" aligny="center">stretch</aspectratio>
          <texture background="true" border="3">$INFO[ListItem.Thumb]</texture>
          <bordersize>9</bordersize>
        </control>
      </itemlayout>
      <focusedlayout condition="!String.IsEqual(Window(SkinSettings).Property(CustomColor),BG)" width="109" height="109">
        <control type="image">
          <left>0</left>
          <top>0</top>
          <width>109</width>
          <height>109</height>
          <aspectratio align="center" aligny="center">stretch</aspectratio>
          <texture background="true" border="31">windows/home/panel_widgets.png</texture>
        </control>
        <control type="image">
          <left>0</left>
          <top>0</top>
          <width>109</width>
          <height>109</height>
          <aspectratio align="center" aligny="center">stretch</aspectratio>
          <texture background="true" border="3">$INFO[ListItem.Thumb]</texture>
          <bordersize>9</bordersize>
        </control>
        <control type="label">
          <left>0</left>
          <top>0</top>
          <width>109</width>
          <height>109</height>
          <font>FontSize_24</font>
          <align>center</align>
          <aligny>center</aligny>
          <label>$INFO[ListItem.Label]</label>
        </control>
        <control type="image">
          <left>0</left>
          <top>0</top>
          <width>109</width>
          <height>109</height>
          <colordiffuse>$VAR[Textures.GlobalColor]</colordiffuse>
          <aspectratio align="center" aligny="center">stretch</aspectratio>
          <texture background="true" border="31">windows/home/focus_widgets.png</texture>
          <include>ThumbnailsFocusAnimation</include>
        </control>
      </focusedlayout>
      <focusedlayout condition="String.IsEqual(Window(SkinSettings).Property(CustomColor),BG)" width="181.5" height="109">
        <control type="image">
          <left>0</left>
          <top>0</top>
          <width>182</width>
          <height>109</height>
          <aspectratio align="center" aligny="center">stretch</aspectratio>
          <texture background="true" border="31">windows/home/panel_widgets.png</texture>
        </control>
        <control type="image">
          <left>0</left>
          <top>0</top>
          <width>182</width>
          <height>109</height>
          <aspectratio align="center" aligny="center">stretch</aspectratio>
          <texture background="true" border="3">$INFO[ListItem.Thumb]</texture>
          <bordersize>9</bordersize>
        </control>
        <control type="image">
          <left>0</left>
          <top>0</top>
          <width>182</width>
          <height>109</height>
          <colordiffuse>$VAR[Textures.GlobalColor]</colordiffuse>
          <aspectratio align="center" aligny="center">stretch</aspectratio>
          <texture background="true" border="31">windows/home/focus_widgets.png</texture>
          <include>ThumbnailsFocusAnimation</include>
        </control>
      </focusedlayout>
      <content>
        <!-- Textures Colours -->
  			<item id="1"> <!-- Default -->
  				<onclick>Skin.Reset(Textures.GlobalColor)</onclick>
  				<onclick>Dialog.Close(1113)</onclick>
  				<thumb>icons/bello_color.png</thumb>
  				<visible>String.IsEqual(Window(SkinSettings).Property(CustomColor),textures)</visible>
  			</item>
  			<item id="2"> <!--blue 1-->
  				<onclick>Skin.SetString(Textures.GlobalColor,FF87cbf6)</onclick>
  				<onclick>Dialog.Close(1113)</onclick>
          <visible>String.IsEqual(Window(SkinSettings).Property(CustomColor),textures)</visible>
  				<thumb>special://skin/extras/colors/FF87cbf6.png</thumb>
  			</item>
  			<item id="3"> <!--blue 2-->
  				<onclick>Skin.SetString(Textures.GlobalColor,FF6ebff1)</onclick>
  				<onclick>Dialog.Close(1113)</onclick>
          <visible>String.IsEqual(Window(SkinSettings).Property(CustomColor),textures)</visible>
  				<thumb>special://skin/extras/colors/FF6ebff1.png</thumb>
  			</item>
  			<item id="4"> <!--blue 3-->
  				<onclick>Skin.SetString(Textures.GlobalColor,FF4bb4f6)</onclick>
  				<onclick>Dialog.Close(1113)</onclick>
          <visible>String.IsEqual(Window(SkinSettings).Property(CustomColor),textures)</visible>
  				<thumb>special://skin/extras/colors/FF4bb4f6.png</thumb>
  			</item>
  			<item id="5"> <!--blue 4-->
  				<onclick>Skin.SetString(Textures.GlobalColor,FF3ea6e8)</onclick>
  				<onclick>Dialog.Close(1113)</onclick>
          <visible>String.IsEqual(Window(SkinSettings).Property(CustomColor),textures)</visible>
  				<thumb>special://skin/extras/colors/FF3ea6e8.png</thumb>
  			</item>
  			<item id="6"> <!--blue 5-->
  				<onclick>Skin.SetString(Textures.GlobalColor,FF2d95d7)</onclick>
  				<onclick>Dialog.Close(1113)</onclick>
          <visible>String.IsEqual(Window(SkinSettings).Property(CustomColor),textures)</visible>
  				<thumb>special://skin/extras/colors/FF2d95d7.png</thumb>
  			</item>
  			<item id="7"> <!--blue 6-->
  				<onclick>Skin.SetString(Textures.GlobalColor,FF2dadd7)</onclick>
  				<onclick>Dialog.Close(1113)</onclick>
          <visible>String.IsEqual(Window(SkinSettings).Property(CustomColor),textures)</visible>
  				<thumb>special://skin/extras/colors/FF2dadd7.png</thumb>
  			</item>
  			<item id="8"> <!--blue 7-->
  				<onclick>Skin.SetString(Textures.GlobalColor,FF34c4d9)</onclick>
  				<onclick>Dialog.Close(1113)</onclick>
          <visible>String.IsEqual(Window(SkinSettings).Property(CustomColor),textures)</visible>
  				<thumb>special://skin/extras/colors/FF34c4d9.png</thumb>
  			</item>
  			<item id="9"> <!--aqua 1-->
  				<onclick>Skin.SetString(Textures.GlobalColor,FF5aeadb)</onclick>
  				<onclick>Dialog.Close(1113)</onclick>
          <visible>String.IsEqual(Window(SkinSettings).Property(CustomColor),textures)</visible>
  				<thumb>special://skin/extras/colors/FF5aeadb.png</thumb>
  			</item>
  			<item id="10"> <!--aqua 2-->
  				<onclick>Skin.SetString(Textures.GlobalColor,FF45e5c9)</onclick>
  				<onclick>Dialog.Close(1113)</onclick>
          <visible>String.IsEqual(Window(SkinSettings).Property(CustomColor),textures)</visible>
  				<thumb>special://skin/extras/colors/FF45e5c9.png</thumb>
  			</item>
  			<item id="11"> <!--aqua 3-->
  				<onclick>Skin.SetString(Textures.GlobalColor,FF2ae1b8)</onclick>
  				<onclick>Dialog.Close(1113)</onclick>
          <visible>String.IsEqual(Window(SkinSettings).Property(CustomColor),textures)</visible>
  				<thumb>special://skin/extras/colors/FF2ae1b8.png</thumb>
  			</item>
  			<item id="12"> <!--aqua 4-->
  				<onclick>Skin.SetString(Textures.GlobalColor,FF19dca7)</onclick>
  				<onclick>Dialog.Close(1113)</onclick>
          <visible>String.IsEqual(Window(SkinSettings).Property(CustomColor),textures)</visible>
  				<thumb>special://skin/extras/colors/FF19dca7.png</thumb>
  			</item>
  			<item id="13"> <!--aqua 5-->
  				<onclick>Skin.SetString(Textures.GlobalColor,FF0fd39e)</onclick>
  				<onclick>Dialog.Close(1113)</onclick>
          <visible>String.IsEqual(Window(SkinSettings).Property(CustomColor),textures)</visible>
  				<thumb>special://skin/extras/colors/FF0fd39e.png</thumb>
  			</item>
  			<item id="14"> <!--aqua 6-->
  				<onclick>Skin.SetString(Textures.GlobalColor,FF0fd382)</onclick>
  				<onclick>Dialog.Close(1113)</onclick>
          <visible>String.IsEqual(Window(SkinSettings).Property(CustomColor),textures)</visible>
  				<thumb>special://skin/extras/colors/FF0fd382.png</thumb>
  			</item>
  			<item id="15"> <!--aqua 7-->
  				<onclick>Skin.SetString(Textures.GlobalColor,FF18ca74)</onclick>
  				<onclick>Dialog.Close(1113)</onclick>
          <visible>String.IsEqual(Window(SkinSettings).Property(CustomColor),textures)</visible>
  				<thumb>special://skin/extras/colors/FF18ca74.png</thumb>
  			</item>
  			<item id="16"> <!--aqua 8-->
  				<onclick>Skin.SetString(Textures.GlobalColor,FF2ad96c)</onclick>
  				<onclick>Dialog.Close(1113)</onclick>
          <visible>String.IsEqual(Window(SkinSettings).Property(CustomColor),textures)</visible>
  				<thumb>special://skin/extras/colors/FF2ad96c.png</thumb>
  			</item>
  			<item id="17"> <!--aqua 9-->
  				<onclick>Skin.SetString(Textures.GlobalColor,FF3ee672)</onclick>
  				<onclick>Dialog.Close(1113)</onclick>
          <visible>String.IsEqual(Window(SkinSettings).Property(CustomColor),textures)</visible>
  				<thumb>special://skin/extras/colors/FF3ee672.png</thumb>
  			</item>
  			<item id="18"> <!--aqua 10-->
  				<onclick>Skin.SetString(Textures.GlobalColor,FF5aec72)</onclick>
  				<onclick>Dialog.Close(1113)</onclick>
          <visible>String.IsEqual(Window(SkinSettings).Property(CustomColor),textures)</visible>
  				<thumb>special://skin/extras/colors/FF5aec72.png</thumb>
  			</item>
  			<item id="19"> <!--aqua 11-->
  				<onclick>Skin.SetString(Textures.GlobalColor,FF67e964)</onclick>
  				<onclick>Dialog.Close(1113)</onclick>
          <visible>String.IsEqual(Window(SkinSettings).Property(CustomColor),textures)</visible>
  				<thumb>special://skin/extras/colors/FF67e964.png</thumb>
  			</item>
  			<item id="20"> <!--green 1-->
  				<onclick>Skin.SetString(Textures.GlobalColor,FF93ce5f)</onclick>
  				<onclick>Dialog.Close(1113)</onclick>
  				<visible>String.IsEqual(Window(SkinSettings).Property(CustomColor),textures)</visible>
  				<thumb>special://skin/extras/colors/FF93ce5f.png</thumb>
  			</item>
  			<item id="21"> <!--green 2-->
  				<onclick>Skin.SetString(Textures.GlobalColor,FF80d535)</onclick>
  				<onclick>Dialog.Close(1113)</onclick>
  				<visible>String.IsEqual(Window(SkinSettings).Property(CustomColor),textures)</visible>
  				<thumb>special://skin/extras/colors/FF80d535.png</thumb>
  			</item>
  			<item id="22"> <!--green 3-->
  				<onclick>Skin.SetString(Textures.GlobalColor,FF6dbd25)</onclick>
  				<onclick>Dialog.Close(1113)</onclick>
          <visible>String.IsEqual(Window(SkinSettings).Property(CustomColor),textures)</visible>
  				<thumb>special://skin/extras/colors/FF6dbd25.png</thumb>
  			</item>
  			<item id="23"> <!--green 4-->
  				<onclick>Skin.SetString(Textures.GlobalColor,FF5eb113)</onclick>
  				<onclick>Dialog.Close(1113)</onclick>
          <visible>String.IsEqual(Window(SkinSettings).Property(CustomColor),textures)</visible>
  				<thumb>special://skin/extras/colors/FF5eb113.png</thumb>
  			</item>
  			<item id="24"> <!--green 5-->
  				<onclick>Skin.SetString(Textures.GlobalColor,FF5aa615)</onclick>
  				<onclick>Dialog.Close(1113)</onclick>
          <visible>String.IsEqual(Window(SkinSettings).Property(CustomColor),textures)</visible>
  				<thumb>special://skin/extras/colors/FF5aa615.png</thumb>
  			</item>
  			<item id="25"> <!--green 6-->
  				<onclick>Skin.SetString(Textures.GlobalColor,FF69a013)</onclick>
  				<onclick>Dialog.Close(1113)</onclick>
          <visible>String.IsEqual(Window(SkinSettings).Property(CustomColor),textures)</visible>
  				<thumb>special://skin/extras/colors/FF69a013.png</thumb>
  			</item>
  			<item id="26"> <!--green 7-->
  				<onclick>Skin.SetString(Textures.GlobalColor,FF91ad10)</onclick>
  				<onclick>Dialog.Close(1113)</onclick>
          <visible>String.IsEqual(Window(SkinSettings).Property(CustomColor),textures)</visible>
  				<thumb>special://skin/extras/colors/FF91ad10.png</thumb>
  			</item>
  			<item id="27"> <!--green 8-->
  				<onclick>Skin.SetString(Textures.GlobalColor,FFa3b90f)</onclick>
  				<onclick>Dialog.Close(1113)</onclick>
          <visible>String.IsEqual(Window(SkinSettings).Property(CustomColor),textures)</visible>
  				<thumb>special://skin/extras/colors/FFa3b90f.png</thumb>
  			</item>
  			<item id="28"> <!--green 9-->
  				<onclick>Skin.SetString(Textures.GlobalColor,FFb5c814)</onclick>
  				<onclick>Dialog.Close(1113)</onclick>
          <visible>String.IsEqual(Window(SkinSettings).Property(CustomColor),textures)</visible>
  				<thumb>special://skin/extras/colors/FFb5c814.png</thumb>
  			</item>
  			<item id="29"> <!--green 10-->
  				<onclick>Skin.SetString(Textures.GlobalColor,FFc7d92b)</onclick>
  				<onclick>Dialog.Close(1113)</onclick>
          <visible>String.IsEqual(Window(SkinSettings).Property(CustomColor),textures)</visible>
  				<thumb>special://skin/extras/colors/FFc7d92b.png</thumb>
  			</item>
  			<item id="30"> <!--green 11-->
  				<onclick>Skin.SetString(Textures.GlobalColor,FFdde339)</onclick>
  				<onclick>Dialog.Close(1113)</onclick>
          <visible>String.IsEqual(Window(SkinSettings).Property(CustomColor),textures)</visible>
  				<thumb>special://skin/extras/colors/FFdde339.png</thumb>
  			</item>
  			<item id="31"> <!--green 12-->
  				<onclick>Skin.SetString(Textures.GlobalColor,FFe8ef23)</onclick>
  				<onclick>Dialog.Close(1113)</onclick>
          <visible>String.IsEqual(Window(SkinSettings).Property(CustomColor),textures)</visible>
  				<thumb>special://skin/extras/colors/FFe8ef23.png</thumb>
  			</item>
  			<item id="32"> <!--yellow 1-->
  				<onclick>Skin.SetString(Textures.GlobalColor,FFfed530)</onclick>
  				<onclick>Dialog.Close(1113)</onclick>
          <visible>String.IsEqual(Window(SkinSettings).Property(CustomColor),textures)</visible>
  				<thumb>special://skin/extras/colors/FFfed530.png</thumb>
  			</item>
  			<item id="33"> <!--yellow 2-->
  				<onclick>Skin.SetString(Textures.GlobalColor,FFffcc00)</onclick>
  				<onclick>Dialog.Close(1113)</onclick>
          <visible>String.IsEqual(Window(SkinSettings).Property(CustomColor),textures)</visible>
  				<thumb>special://skin/extras/colors/FFffcc00.png</thumb>
  			</item>
  			<item id="34"> <!--yellow 3-->
  				<onclick>Skin.SetString(Textures.GlobalColor,FFebbd04)</onclick>
  				<onclick>Dialog.Close(1113)</onclick>
          <visible>String.IsEqual(Window(SkinSettings).Property(CustomColor),textures)</visible>
  				<thumb>special://skin/extras/colors/FFebbd04.png</thumb>
  			</item>
  			<item id="35"> <!--yellow 4-->
  				<onclick>Skin.SetString(Textures.GlobalColor,FFe0b403)</onclick>
  				<onclick>Dialog.Close(1113)</onclick>
          <visible>String.IsEqual(Window(SkinSettings).Property(CustomColor),textures)</visible>
  				<thumb>special://skin/extras/colors/FFe0b403.png</thumb>
  			</item>
  			<item id="36"> <!--yellow 5-->
  				<onclick>Skin.SetString(Textures.GlobalColor,FFd1a408)</onclick>
  				<onclick>Dialog.Close(1113)</onclick>
          <visible>String.IsEqual(Window(SkinSettings).Property(CustomColor),textures)</visible>
  				<thumb>special://skin/extras/colors/FFd1a408.png</thumb>
  			</item>
  			<item id="37"> <!--orange 1-->
  				<onclick>Skin.SetString(Textures.GlobalColor,FFf6983c)</onclick>
  				<onclick>Dialog.Close(1113)</onclick>
          <visible>String.IsEqual(Window(SkinSettings).Property(CustomColor),textures)</visible>
  				<thumb>special://skin/extras/colors/FFf6983c.png</thumb>
  			</item>
  			<item id="38"> <!--orange 2-->
  				<onclick>Skin.SetString(Textures.GlobalColor,FFff9329)</onclick>
  				<onclick>Dialog.Close(1113)</onclick>
          <visible>String.IsEqual(Window(SkinSettings).Property(CustomColor),textures)</visible>
  				<thumb>special://skin/extras/colors/FFff9329.png</thumb>
  			</item>
  			<item id="39"> <!--orange 3-->
  				<onclick>Skin.SetString(Textures.GlobalColor,FFfb8512)</onclick>
  				<onclick>Dialog.Close(1113)</onclick>
          <visible>String.IsEqual(Window(SkinSettings).Property(CustomColor),textures)</visible>
  				<thumb>special://skin/extras/colors/FFfb8512.png</thumb>
  			</item>
  			<item id="40"> <!--orange 4-->
  				<onclick>Skin.SetString(Textures.GlobalColor,FFee7b0a)</onclick>
  				<onclick>Dialog.Close(1113)</onclick>
          <visible>String.IsEqual(Window(SkinSettings).Property(CustomColor),textures)</visible>
  				<thumb>special://skin/extras/colors/FFee7b0a.png</thumb>
  			</item>
  			<item id="41"> <!--orange 5-->
  				<onclick>Skin.SetString(Textures.GlobalColor,FFf16816)</onclick>
  				<onclick>Dialog.Close(1113)</onclick>
          <visible>String.IsEqual(Window(SkinSettings).Property(CustomColor),textures)</visible>
  				<thumb>special://skin/extras/colors/FFf16816.png</thumb>
  			</item>
  			<item id="42"> <!--orange 6-->
  				<onclick>Skin.SetString(Textures.GlobalColor,FFf14416)</onclick>
  				<onclick>Dialog.Close(1113)</onclick>
          <visible>String.IsEqual(Window(SkinSettings).Property(CustomColor),textures)</visible>
  				<thumb>special://skin/extras/colors/FFf14416.png</thumb>
  			</item>
  			<item id="43"> <!--red 1-->
  				<onclick>Skin.SetString(Textures.GlobalColor,FFe95d4e)</onclick>
  				<onclick>Dialog.Close(1113)</onclick>
          <visible>String.IsEqual(Window(SkinSettings).Property(CustomColor),textures)</visible>
  				<thumb>special://skin/extras/colors/FFe95d4e.png</thumb>
  			</item>
  			<item id="44"> <!--red 2-->
  				<onclick>Skin.SetString(Textures.GlobalColor,FFed4938)</onclick>
  				<onclick>Dialog.Close(1113)</onclick>
          <visible>String.IsEqual(Window(SkinSettings).Property(CustomColor),textures)</visible>
  				<thumb>special://skin/extras/colors/FFed4938.png</thumb>
  			</item>
  			<item id="45"> <!--red 3-->
  				<onclick>Skin.SetString(Textures.GlobalColor,FFe23b29)</onclick>
  				<onclick>Dialog.Close(1113)</onclick>
          <visible>String.IsEqual(Window(SkinSettings).Property(CustomColor),textures)</visible>
  				<thumb>special://skin/extras/colors/FFe23b29.png</thumb>
  			</item>
  			<item id="46"> <!--red 4-->
  				<onclick>Skin.SetString(Textures.GlobalColor,FFed2914)</onclick>
  				<onclick>Dialog.Close(1113)</onclick>
          <visible>String.IsEqual(Window(SkinSettings).Property(CustomColor),textures)</visible>
  				<thumb>special://skin/extras/colors/FFed2914.png</thumb>
  			</item>
  			<item id="47"> <!--red 5-->
  				<onclick>Skin.SetString(Textures.GlobalColor,FFe01d08)</onclick>
  				<onclick>Dialog.Close(1113)</onclick>
          <visible>String.IsEqual(Window(SkinSettings).Property(CustomColor),textures)</visible>
  				<thumb>special://skin/extras/colors/FFe01d08.png</thumb>
  			</item>
  			<item id="48"> <!--red 6-->
  				<onclick>Skin.SetString(Textures.GlobalColor,FFc81805)</onclick>
  				<onclick>Dialog.Close(1113)</onclick>
          <visible>String.IsEqual(Window(SkinSettings).Property(CustomColor),textures)</visible>
  				<thumb>special://skin/extras/colors/FFc81805.png</thumb>
  			</item>
  			<item id="49"> <!--red 7-->
  				<onclick>Skin.SetString(Textures.GlobalColor,FFc90533)</onclick>
  				<onclick>Dialog.Close(1113)</onclick>
          <visible>String.IsEqual(Window(SkinSettings).Property(CustomColor),textures)</visible>
  				<thumb>special://skin/extras/colors/FFc90533.png</thumb>
  			</item>
  			<item id="50"> <!--red 8-->
  				<onclick>Skin.SetString(Textures.GlobalColor,FFcf205a)</onclick>
  				<onclick>Dialog.Close(1113)</onclick>
          <visible>String.IsEqual(Window(SkinSettings).Property(CustomColor),textures)</visible>
  				<thumb>special://skin/extras/colors/FFcf205a.png</thumb>
  			</item>
  			<item id="51"> <!--red 9-->
  				<onclick>Skin.SetString(Textures.GlobalColor,FFd82f76)</onclick>
  				<onclick>Dialog.Close(1113)</onclick>
          <visible>String.IsEqual(Window(SkinSettings).Property(CustomColor),textures)</visible>
  				<thumb>special://skin/extras/colors/FFd82f76.png</thumb>
  			</item>
  			<item id="52"> <!--red 10-->
  				<onclick>Skin.SetString(Textures.GlobalColor,FFe6589e)</onclick>
  				<onclick>Dialog.Close(1113)</onclick>
          <visible>String.IsEqual(Window(SkinSettings).Property(CustomColor),textures)</visible>
  				<thumb>special://skin/extras/colors/FFe6589e.png</thumb>
  			</item>
  			<item id="53"> <!--pink 1-->
  				<onclick>Skin.SetString(Textures.GlobalColor,FFee7fc9)</onclick>
  				<onclick>Dialog.Close(1113)</onclick>
          <visible>String.IsEqual(Window(SkinSettings).Property(CustomColor),textures)</visible>
  				<thumb>special://skin/extras/colors/FFee7fc9.png</thumb>
  			</item>
  			<item id="54"> <!--pink 2-->
  				<onclick>Skin.SetString(Textures.GlobalColor,FFfd76d0)</onclick>
  				<onclick>Dialog.Close(1113)</onclick>
          <visible>String.IsEqual(Window(SkinSettings).Property(CustomColor),textures)</visible>
  				<thumb>special://skin/extras/colors/FFfd76d0.png</thumb>
  			</item>
  			<item id="55"> <!--pink 3-->
  				<onclick>Skin.SetString(Textures.GlobalColor,FFfb61c7)</onclick>
  				<onclick>Dialog.Close(1113)</onclick>
          <visible>String.IsEqual(Window(SkinSettings).Property(CustomColor),textures)</visible>
  				<thumb>special://skin/extras/colors/FFfb61c7.png</thumb>
  			</item>
  			<item id="56"> <!--pink 4-->
  				<onclick>Skin.SetString(Textures.GlobalColor,FFf250bb)</onclick>
  				<onclick>Dialog.Close(1113)</onclick>
          <visible>String.IsEqual(Window(SkinSettings).Property(CustomColor),textures)</visible>
  				<thumb>special://skin/extras/colors/FFf250bb.png</thumb>
  			</item>
  			<item id="57"> <!--pink 5-->
  				<onclick>Skin.SetString(Textures.GlobalColor,FFf038b2)</onclick>
  				<onclick>Dialog.Close(1113)</onclick>
          <visible>String.IsEqual(Window(SkinSettings).Property(CustomColor),textures)</visible>
  				<thumb>special://skin/extras/colors/FFf038b2.png</thumb>
  			</item>
  			<item id="58"> <!--pink 6-->
  				<onclick>Skin.SetString(Textures.GlobalColor,FFeb37d0)</onclick>
  				<onclick>Dialog.Close(1113)</onclick>
          <visible>String.IsEqual(Window(SkinSettings).Property(CustomColor),textures)</visible>
  				<thumb>special://skin/extras/colors/FFeb37d0.png</thumb>
  			</item>
  			<item id="59"> <!--pink 7-->
  				<onclick>Skin.SetString(Textures.GlobalColor,FFdf3ae9)</onclick>
  				<onclick>Dialog.Close(1113)</onclick>
          <visible>String.IsEqual(Window(SkinSettings).Property(CustomColor),textures)</visible>
  				<thumb>special://skin/extras/colors/FFdf3ae9.png</thumb>
  			</item>
  			<item id="60"> <!--pink 8-->
  				<onclick>Skin.SetString(Textures.GlobalColor,FFdd53ed)</onclick>
  				<onclick>Dialog.Close(1113)</onclick>
          <visible>String.IsEqual(Window(SkinSettings).Property(CustomColor),textures)</visible>
  				<thumb>special://skin/extras/colors/FFdd53ed.png</thumb>
  			</item>
  			<item id="61"> <!--purple 1-->
  				<onclick>Skin.SetString(Textures.GlobalColor,FFb47bdc)</onclick>
  				<onclick>Dialog.Close(1113)</onclick>
          <visible>String.IsEqual(Window(SkinSettings).Property(CustomColor),textures)</visible>
  				<thumb>special://skin/extras/colors/FFb47bdc.png</thumb>
  			</item>
  			<item id="62"> <!--purple 2-->
  				<onclick>Skin.SetString(Textures.GlobalColor,FFaf6bdf)</onclick>
  				<onclick>Dialog.Close(1113)</onclick>
          <visible>String.IsEqual(Window(SkinSettings).Property(CustomColor),textures)</visible>
  				<thumb>special://skin/extras/colors/FFaf6bdf.png</thumb>
  			</item>
  			<item id="63"> <!--purple 3-->
  				<onclick>Skin.SetString(Textures.GlobalColor,FFa45bd7)</onclick>
  				<onclick>Dialog.Close(1113)</onclick>
          <visible>String.IsEqual(Window(SkinSettings).Property(CustomColor),textures)</visible>
  				<thumb>special://skin/extras/colors/FFa45bd7.png</thumb>
  			</item>
  			<item id="64"> <!--purple 4-->
  				<onclick>Skin.SetString(Textures.GlobalColor,FF9544ce)</onclick>
  				<onclick>Dialog.Close(1113)</onclick>
          <visible>String.IsEqual(Window(SkinSettings).Property(CustomColor),textures)</visible>
  				<thumb>special://skin/extras/colors/FF9544ce.png</thumb>
  			</item>
  			<item id="65"> <!--purple 5-->
  				<onclick>Skin.SetString(Textures.GlobalColor,FF862ec3)</onclick>
  				<onclick>Dialog.Close(1113)</onclick>
          <visible>String.IsEqual(Window(SkinSettings).Property(CustomColor),textures)</visible>
  				<thumb>special://skin/extras/colors/FF862ec3.png</thumb>
  			</item>
  			<item id="66"> <!--purple 6-->
  				<onclick>Skin.SetString(Textures.GlobalColor,FF6d2ac8)</onclick>
  				<onclick>Dialog.Close(1113)</onclick>
          <visible>String.IsEqual(Window(SkinSettings).Property(CustomColor),textures)</visible>
  				<thumb>special://skin/extras/colors/FF6d2ac8.png</thumb>
  			</item>
  			<item id="67"> <!--purple 7-->
  				<onclick>Skin.SetString(Textures.GlobalColor,FF5334da)</onclick>
  				<onclick>Dialog.Close(1113)</onclick>
          <visible>String.IsEqual(Window(SkinSettings).Property(CustomColor),textures)</visible>
  				<thumb>special://skin/extras/colors/FF5334da.png</thumb>
  			</item>
  			<item id="68"> <!--purple 8-->
  				<onclick>Skin.SetString(Textures.GlobalColor,FF305bd4)</onclick>
  				<onclick>Dialog.Close(1113)</onclick>
          <visible>String.IsEqual(Window(SkinSettings).Property(CustomColor),textures)</visible>
  				<thumb>special://skin/extras/colors/FF305bd4.png</thumb>
  			</item>
  			<item id="69"> <!--purple 9-->
  				<onclick>Skin.SetString(Textures.GlobalColor,FF3d70d7)</onclick>
  				<onclick>Dialog.Close(1113)</onclick>
          <visible>String.IsEqual(Window(SkinSettings).Property(CustomColor),textures)</visible>
  				<thumb>special://skin/extras/colors/FF3d70d7.png</thumb>
  			</item>
  			<item id="70"> <!--purple 10-->
  				<onclick>Skin.SetString(Textures.GlobalColor,FF4b82de)</onclick>
  				<onclick>Dialog.Close(1113)</onclick>
          <visible>String.IsEqual(Window(SkinSettings).Property(CustomColor),textures)</visible>
  				<thumb>special://skin/extras/colors/FF4b82de.png</thumb>
  			</item>


        <!-- Text's Colours -->
  			<item id="1"> <!-- Default -->
  				<onclick>Skin.Reset(Text.GlobalColor)</onclick>
  		    <onclick>Dialog.Close(1113)</onclick>
  				<thumb>icons/bello_color.png</thumb>
          <visible>String.IsEqual(Window(SkinSettings).Property(CustomColor),text)</visible>
  			</item>
  			<item id="2"> <!--blue 1-->
  				<onclick>Skin.SetString(Text.GlobalColor,FF87cbf6)</onclick>
  				<onclick>Dialog.Close(1113)</onclick>
          <visible>String.IsEqual(Window(SkinSettings).Property(CustomColor),text)</visible>
  				<label>[COLOR=FF87cbf6]TEXT[/COLOR]</label>
  			</item>
  			<item id="3"> <!--blue 2-->
  				<onclick>Skin.SetString(Text.GlobalColor,FF6ebff1)</onclick>
  				<onclick>Dialog.Close(1113)</onclick>
          <visible>String.IsEqual(Window(SkinSettings).Property(CustomColor),text)</visible>
  				<label>[COLOR=FF6ebff1]TEXT[/COLOR]</label>
  			</item>
  			<item id="4"> <!--blue 3-->
  				<onclick>Skin.SetString(Text.GlobalColor,FF4bb4f6)</onclick>
  				<onclick>Dialog.Close(1113)</onclick>
          <visible>String.IsEqual(Window(SkinSettings).Property(CustomColor),text)</visible>
  				<label>[COLOR=FF4bb4f6]TEXT[/COLOR]</label>
  			</item>
  			<item id="5"> <!--blue 4-->
  				<onclick>Skin.SetString(Text.GlobalColor,FF3ea6e8)</onclick>
  				<onclick>Dialog.Close(1113)</onclick>
          <visible>String.IsEqual(Window(SkinSettings).Property(CustomColor),text)</visible>
  				<label>[COLOR=FF3ea6e8]TEXT[/COLOR]</label>
  			</item>
  			<item id="6"> <!--blue 5-->
  				<onclick>Skin.SetString(Text.GlobalColor,FF2d95d7)</onclick>
  				<onclick>Dialog.Close(1113)</onclick>
          <visible>String.IsEqual(Window(SkinSettings).Property(CustomColor),text)</visible>
  				<label>[COLOR=FF2d95d7]TEXT[/COLOR]</label>
  			</item>
  			<item id="7"> <!--blue 6-->
  				<onclick>Skin.SetString(Text.GlobalColor,FF2dadd7)</onclick>
  				<onclick>Dialog.Close(1113)</onclick>
          <visible>String.IsEqual(Window(SkinSettings).Property(CustomColor),text)</visible>
  				<label>[COLOR=FF2dadd7]TEXT[/COLOR]</label>
  			</item>
  			<item id="8"> <!--blue 7-->
  				<onclick>Skin.SetString(Text.GlobalColor,FF34c4d9)</onclick>
  				<onclick>Dialog.Close(1113)</onclick>
          <visible>String.IsEqual(Window(SkinSettings).Property(CustomColor),text)</visible>
  				<label>[COLOR=FF34c4d9]TEXT[/COLOR]</label>
  			</item>
  			<item id="9"> <!--aqua 1-->
  				<onclick>Skin.SetString(Text.GlobalColor,FF5aeadb)</onclick>
  				<onclick>Dialog.Close(1113)</onclick>
          <visible>String.IsEqual(Window(SkinSettings).Property(CustomColor),text)</visible>
  				<label>[COLOR=FF5aeadb]TEXT[/COLOR]</label>
  			</item>
  			<item id="10"> <!--aqua 2-->
  				<onclick>Skin.SetString(Text.GlobalColor,FF45e5c9)</onclick>
  				<onclick>Dialog.Close(1113)</onclick>
          <visible>String.IsEqual(Window(SkinSettings).Property(CustomColor),text)</visible>
  				<label>[COLOR=FF45e5c9]TEXT[/COLOR]</label>
  			</item>
  			<item id="11"> <!--aqua 3-->
  				<onclick>Skin.SetString(Text.GlobalColor,FF2ae1b8)</onclick>
  				<onclick>Dialog.Close(1113)</onclick>
          <visible>String.IsEqual(Window(SkinSettings).Property(CustomColor),text)</visible>
  				<label>[COLOR=FF2ae1b8]TEXT[/COLOR]</label>
  			</item>
  			<item id="12"> <!--aqua 4-->
  				<onclick>Skin.SetString(Text.GlobalColor,FF19dca7)</onclick>
  				<onclick>Dialog.Close(1113)</onclick>
          <visible>String.IsEqual(Window(SkinSettings).Property(CustomColor),text)</visible>
  				<label>[COLOR=FF19dca7]TEXT[/COLOR]</label>
  			</item>
  			<item id="13"> <!--aqua 5-->
  				<onclick>Skin.SetString(Text.GlobalColor,FF0fd39e)</onclick>
  				<onclick>Dialog.Close(1113)</onclick>
          <visible>String.IsEqual(Window(SkinSettings).Property(CustomColor),text)</visible>
  				<label>[COLOR=FF0fd39e]TEXT[/COLOR]</label>
  			</item>
  			<item id="14"> <!--aqua 6-->
  				<onclick>Skin.SetString(Text.GlobalColor,FF0fd382)</onclick>
  				<onclick>Dialog.Close(1113)</onclick>
          <visible>String.IsEqual(Window(SkinSettings).Property(CustomColor),text)</visible>
  				<label>[COLOR=FF0fd382]TEXT[/COLOR]</label>
  			</item>
  			<item id="15"> <!--aqua 7-->
  				<onclick>Skin.SetString(Text.GlobalColor,FF18ca74)</onclick>
  				<onclick>Dialog.Close(1113)</onclick>
          <visible>String.IsEqual(Window(SkinSettings).Property(CustomColor),text)</visible>
  				<label>[COLOR=FF18ca74]TEXT[/COLOR]</label>
  			</item>
  			<item id="16"> <!--aqua 8-->
  				<onclick>Skin.SetString(Text.GlobalColor,FF2ad96c)</onclick>
  				<onclick>Dialog.Close(1113)</onclick>
          <visible>String.IsEqual(Window(SkinSettings).Property(CustomColor),text)</visible>
  				<label>[COLOR=FF2ad96c]TEXT[/COLOR]</label>
  			</item>
  			<item id="17"> <!--aqua 9-->
  				<onclick>Skin.SetString(Text.GlobalColor,FF3ee672)</onclick>
  				<onclick>Dialog.Close(1113)</onclick>
          <visible>String.IsEqual(Window(SkinSettings).Property(CustomColor),text)</visible>
  				<label>[COLOR=FF3ee672]TEXT[/COLOR]</label>
  			</item>
  			<item id="18"> <!--aqua 10-->
  				<onclick>Skin.SetString(Text.GlobalColor,FF5aec72)</onclick>
  				<onclick>Dialog.Close(1113)</onclick>
          <visible>String.IsEqual(Window(SkinSettings).Property(CustomColor),text)</visible>
  				<label>[COLOR=FF5aec72]TEXT[/COLOR]</label>
  			</item>
  			<item id="19"> <!--aqua 11-->
  				<onclick>Skin.SetString(Text.GlobalColor,FF67e964)</onclick>
  				<onclick>Dialog.Close(1113)</onclick>
          <visible>String.IsEqual(Window(SkinSettings).Property(CustomColor),text)</visible>
  				<label>[COLOR=FF67e964]TEXT[/COLOR]</label>
  			</item>
  			<item id="20"> <!--green 1-->
  				<onclick>Skin.SetString(Text.GlobalColor,FF93ce5f)</onclick>
  				<onclick>Dialog.Close(1113)</onclick>
          <visible>String.IsEqual(Window(SkinSettings).Property(CustomColor),text)</visible>
  				<label>[COLOR=FF93ce5f]TEXT[/COLOR]</label>
  			</item>
  			<item id="21"> <!--green 2-->
  				<onclick>Skin.SetString(Text.GlobalColor,FF80d535)</onclick>
  				<onclick>Dialog.Close(1113)</onclick>
          <visible>String.IsEqual(Window(SkinSettings).Property(CustomColor),text)</visible>
  				<label>[COLOR=FF80d535]TEXT[/COLOR]</label>
  			</item>
  			<item id="22"> <!--green 3-->
  				<onclick>Skin.SetString(Text.GlobalColor,FF6dbd25)</onclick>
  				<onclick>Dialog.Close(1113)</onclick>
          <visible>String.IsEqual(Window(SkinSettings).Property(CustomColor),text)</visible>
  				<label>[COLOR=FF6dbd25]TEXT[/COLOR]</label>
  			</item>
  			<item id="23"> <!--green 4-->
  				<onclick>Skin.SetString(Text.GlobalColor,FF5eb113)</onclick>
  				<onclick>Dialog.Close(1113)</onclick>
          <visible>String.IsEqual(Window(SkinSettings).Property(CustomColor),text)</visible>
  				<label>[COLOR=FF5eb113]TEXT[/COLOR]</label>
  			</item>
  			<item id="24"> <!--green 5-->
  				<onclick>Skin.SetString(Text.GlobalColor,FF5aa615)</onclick>
  				<onclick>Dialog.Close(1113)</onclick>
          <visible>String.IsEqual(Window(SkinSettings).Property(CustomColor),text)</visible>
  				<label>[COLOR=FF5aa615]TEXT[/COLOR]</label>
  			</item>
  			<item id="25"> <!--green 6-->
  				<onclick>Skin.SetString(Text.GlobalColor,FF69a013)</onclick>
  				<onclick>Dialog.Close(1113)</onclick>
          <visible>String.IsEqual(Window(SkinSettings).Property(CustomColor),text)</visible>
  				<label>[COLOR=FF69a013]TEXT[/COLOR]</label>
  			</item>
  			<item id="26"> <!--green 7-->
  				<onclick>Skin.SetString(Text.GlobalColor,FF91ad10)</onclick>
  				<onclick>Dialog.Close(1113)</onclick>
          <visible>String.IsEqual(Window(SkinSettings).Property(CustomColor),text)</visible>
  				<label>[COLOR=FF91ad10]TEXT[/COLOR]</label>
  			</item>
  			<item id="27"> <!--green 8-->
  				<onclick>Skin.SetString(Text.GlobalColor,FFa3b90f)</onclick>
  				<onclick>Dialog.Close(1113)</onclick>
          <visible>String.IsEqual(Window(SkinSettings).Property(CustomColor),text)</visible>
  				<label>[COLOR=FFa3b90f]TEXT[/COLOR]</label>
  			</item>
  			<item id="28"> <!--green 9-->
  				<onclick>Skin.SetString(Text.GlobalColor,FFb5c814)</onclick>
  				<onclick>Dialog.Close(1113)</onclick>
          <visible>String.IsEqual(Window(SkinSettings).Property(CustomColor),text)</visible>
  				<label>[COLOR=FFb5c814]TEXT[/COLOR]</label>
  			</item>
  			<item id="29"> <!--green 10-->
  				<onclick>Skin.SetString(Text.GlobalColor,FFc7d92b)</onclick>
  				<onclick>Dialog.Close(1113)</onclick>
          <visible>String.IsEqual(Window(SkinSettings).Property(CustomColor),text)</visible>
  				<label>[COLOR=FFc7d92b]TEXT[/COLOR]</label>
  			</item>
  			<item id="30"> <!--green 11-->
  				<onclick>Skin.SetString(Text.GlobalColor,FFdde339)</onclick>
  				<onclick>Dialog.Close(1113)</onclick>
          <visible>String.IsEqual(Window(SkinSettings).Property(CustomColor),text)</visible>
  				<label>[COLOR=FFdde339]TEXT[/COLOR]</label>
  			</item>
  			<item id="31"> <!--green 12-->
  				<onclick>Skin.SetString(Text.GlobalColor,FFe8ef23)</onclick>
  				<onclick>Dialog.Close(1113)</onclick>
          <visible>String.IsEqual(Window(SkinSettings).Property(CustomColor),text)</visible>
  				<label>[COLOR=FFe8ef23]TEXT[/COLOR]</label>
  			</item>
  			<item id="32"> <!--yellow 1-->
  				<onclick>Skin.SetString(Text.GlobalColor,FFfed530)</onclick>
  				<onclick>Dialog.Close(1113)</onclick>
          <visible>String.IsEqual(Window(SkinSettings).Property(CustomColor),text)</visible>
  				<label>[COLOR=FFfed530]TEXT[/COLOR]</label>
  			</item>
  			<item id="33"> <!--yellow 2-->
  				<onclick>Skin.SetString(Text.GlobalColor,FFffcc00)</onclick>
  				<onclick>Dialog.Close(1113)</onclick>
          <visible>String.IsEqual(Window(SkinSettings).Property(CustomColor),text)</visible>
  				<label>[COLOR=FFffcc00]TEXT[/COLOR]</label>
  			</item>
  			<item id="34"> <!--yellow 3-->
  				<onclick>Skin.SetString(Text.GlobalColor,FFebbd04)</onclick>
  				<onclick>Dialog.Close(1113)</onclick>
          <visible>String.IsEqual(Window(SkinSettings).Property(CustomColor),text)</visible>
  				<label>[COLOR=FFebbd04]TEXT[/COLOR]</label>
  			</item>
  			<item id="35"> <!--yellow 4-->
  				<onclick>Skin.SetString(Text.GlobalColor,FFe0b403)</onclick>
  				<onclick>Dialog.Close(1113)</onclick>
          <visible>String.IsEqual(Window(SkinSettings).Property(CustomColor),text)</visible>
  				<label>[COLOR=FFe0b403]TEXT[/COLOR]</label>
  			</item>
  			<item id="36"> <!--yellow 5-->
  				<onclick>Skin.SetString(Text.GlobalColor,FFd1a408)</onclick>
  				<onclick>Dialog.Close(1113)</onclick>
          <visible>String.IsEqual(Window(SkinSettings).Property(CustomColor),text)</visible>
  				<label>[COLOR=FFd1a408]TEXT[/COLOR]</label>
  			</item>
  			<item id="37"> <!--orange 1-->
  				<onclick>Skin.SetString(Text.GlobalColor,FFf6983c)</onclick>
  				<onclick>Dialog.Close(1113)</onclick>
          <visible>String.IsEqual(Window(SkinSettings).Property(CustomColor),text)</visible>
  				<label>[COLOR=FFf6983c]TEXT[/COLOR]</label>
  			</item>
  			<item id="38"> <!--orange 2-->
  				<onclick>Skin.SetString(Text.GlobalColor,FFff9329)</onclick>
  				<onclick>Dialog.Close(1113)</onclick>
          <visible>String.IsEqual(Window(SkinSettings).Property(CustomColor),text)</visible>
  				<label>[COLOR=FFff9329]TEXT[/COLOR]</label>
  			</item>
  			<item id="39"> <!--orange 3-->
  				<onclick>Skin.SetString(Text.GlobalColor,FFfb8512)</onclick>
  				<onclick>Dialog.Close(1113)</onclick>
          <visible>String.IsEqual(Window(SkinSettings).Property(CustomColor),text)</visible>
  				<label>[COLOR=FFfb8512]TEXT[/COLOR]</label>
  			</item>
  			<item id="40"> <!--orange 4-->
  				<onclick>Skin.SetString(Text.GlobalColor,FFee7b0a)</onclick>
  				<onclick>Dialog.Close(1113)</onclick>
          <visible>String.IsEqual(Window(SkinSettings).Property(CustomColor),text)</visible>
  				<label>[COLOR=FFee7b0a]TEXT[/COLOR]</label>
  			</item>
  			<item id="41"> <!--orange 5-->
  				<onclick>Skin.SetString(Text.GlobalColor,FFf16816)</onclick>
  				<onclick>Dialog.Close(1113)</onclick>
          <visible>String.IsEqual(Window(SkinSettings).Property(CustomColor),text)</visible>
  				<label>[COLOR=FFf16816]TEXT[/COLOR]</label>
  			</item>
  			<item id="42"> <!--orange 6-->
  				<onclick>Skin.SetString(Text.GlobalColor,FFf14416)</onclick>
  				<onclick>Dialog.Close(1113)</onclick>
          <visible>String.IsEqual(Window(SkinSettings).Property(CustomColor),text)</visible>
  				<label>[COLOR=FFf14416]TEXT[/COLOR]</label>
  			</item>
  			<item id="43"> <!--red 1-->
  				<onclick>Skin.SetString(Text.GlobalColor,FFe95d4e)</onclick>
  				<onclick>Dialog.Close(1113)</onclick>
          <visible>String.IsEqual(Window(SkinSettings).Property(CustomColor),text)</visible>
  				<label>[COLOR=FFe95d4e]TEXT[/COLOR]</label>
  			</item>
  			<item id="44"> <!--red 2-->
  				<onclick>Skin.SetString(Text.GlobalColor,FFed4938)</onclick>
  				<onclick>Dialog.Close(1113)</onclick>
          <visible>String.IsEqual(Window(SkinSettings).Property(CustomColor),text)</visible>
  				<label>[COLOR=FFed4938]TEXT[/COLOR]</label>
  			</item>
  			<item id="45"> <!--red 3-->
  				<onclick>Skin.SetString(Text.GlobalColor,FFe23b29)</onclick>
  				<onclick>Dialog.Close(1113)</onclick>
          <visible>String.IsEqual(Window(SkinSettings).Property(CustomColor),text)</visible>
  				<label>[COLOR=FFe23b29]TEXT[/COLOR]</label>
  			</item>
  			<item id="46"> <!--red 4-->
  				<onclick>Skin.SetString(Text.GlobalColor,FFed2914)</onclick>
  				<onclick>Dialog.Close(1113)</onclick>
          <visible>String.IsEqual(Window(SkinSettings).Property(CustomColor),text)</visible>
  				<label>[COLOR=FFed2914]TEXT[/COLOR]</label>
  			</item>
  			<item id="47"> <!--red 5-->
  				<onclick>Skin.SetString(Text.GlobalColor,FFe01d08)</onclick>
  				<onclick>Dialog.Close(1113)</onclick>
          <visible>String.IsEqual(Window(SkinSettings).Property(CustomColor),text)</visible>
  				<label>[COLOR=FFe01d08]TEXT[/COLOR]</label>
  			</item>
  			<item id="48"> <!--red 6-->
  				<onclick>Skin.SetString(Text.GlobalColor,FFc81805)</onclick>
  				<onclick>Dialog.Close(1113)</onclick>
          <visible>String.IsEqual(Window(SkinSettings).Property(CustomColor),text)</visible>
  				<label>[COLOR=FFc81805]TEXT[/COLOR]</label>
  			</item>
  			<item id="49"> <!--red 7-->
  				<onclick>Skin.SetString(Text.GlobalColor,FFc90533)</onclick>
  				<onclick>Dialog.Close(1113)</onclick>
          <visible>String.IsEqual(Window(SkinSettings).Property(CustomColor),text)</visible>
  				<label>[COLOR=FFc90533]TEXT[/COLOR]</label>
  			</item>
  			<item id="50"> <!--red 8-->
  				<onclick>Skin.SetString(Text.GlobalColor,FFcf205a)</onclick>
  				<onclick>Dialog.Close(1113)</onclick>
          <visible>String.IsEqual(Window(SkinSettings).Property(CustomColor),text)</visible>
  				<label>[COLOR=FFcf205a]TEXT[/COLOR]</label>
  			</item>
  			<item id="51"> <!--red 9-->
  				<onclick>Skin.SetString(Text.GlobalColor,FFd82f76)</onclick>
  				<onclick>Dialog.Close(1113)</onclick>
          <visible>String.IsEqual(Window(SkinSettings).Property(CustomColor),text)</visible>
  				<label>[COLOR=FFd82f76]TEXT[/COLOR]</label>
  			</item>
  			<item id="52"> <!--red 10-->
  				<onclick>Skin.SetString(Text.GlobalColor,FFe6589e)</onclick>
  				<onclick>Dialog.Close(1113)</onclick>
          <visible>String.IsEqual(Window(SkinSettings).Property(CustomColor),text)</visible>
  				<label>[COLOR=FFe6589e]TEXT[/COLOR]</label>
  			</item>
  			<item id="53"> <!--pink 1-->
  				<onclick>Skin.SetString(Text.GlobalColor,FFee7fc9)</onclick>
  				<onclick>Dialog.Close(1113)</onclick>
          <visible>String.IsEqual(Window(SkinSettings).Property(CustomColor),text)</visible>
  				<label>[COLOR=FFee7fc9]TEXT[/COLOR]</label>
  			</item>
  			<item id="54"> <!--pink 2-->
  				<onclick>Skin.SetString(Text.GlobalColor,FFfd76d0)</onclick>
  				<onclick>Dialog.Close(1113)</onclick>
          <visible>String.IsEqual(Window(SkinSettings).Property(CustomColor),text)</visible>
  				<label>[COLOR=FFfd76d0]TEXT[/COLOR]</label>
  			</item>
  			<item id="55"> <!--pink 3-->
  				<onclick>Skin.SetString(Text.GlobalColor,FFfb61c7)</onclick>
  				<onclick>Dialog.Close(1113)</onclick>
          <visible>String.IsEqual(Window(SkinSettings).Property(CustomColor),text)</visible>
  				<label>[COLOR=FFfb61c7]TEXT[/COLOR]</label>
  			</item>
  			<item id="56"> <!--pink 4-->
  				<onclick>Skin.SetString(Text.GlobalColor,FFf250bb)</onclick>
  				<onclick>Dialog.Close(1113)</onclick>
          <visible>String.IsEqual(Window(SkinSettings).Property(CustomColor),text)</visible>
  				<label>[COLOR=FFf250bb]TEXT[/COLOR]</label>
  			</item>
  			<item id="57"> <!--pink 5-->
  				<onclick>Skin.SetString(Text.GlobalColor,FFf038b2)</onclick>
  				<onclick>Dialog.Close(1113)</onclick>
          <visible>String.IsEqual(Window(SkinSettings).Property(CustomColor),text)</visible>
  				<label>[COLOR=FFf038b2]TEXT[/COLOR]</label>
  			</item>
  			<item id="58"> <!--pink 6-->
  				<onclick>Skin.SetString(Text.GlobalColor,FFeb37d0)</onclick>
  				<onclick>Dialog.Close(1113)</onclick>
          <visible>String.IsEqual(Window(SkinSettings).Property(CustomColor),text)</visible>
  				<label>[COLOR=FFeb37d0]TEXT[/COLOR]</label>
  			</item>
  			<item id="59"> <!--pink 7-->
  				<onclick>Skin.SetString(Text.GlobalColor,FFdf3ae9)</onclick>
  				<onclick>Dialog.Close(1113)</onclick>
          <visible>String.IsEqual(Window(SkinSettings).Property(CustomColor),text)</visible>
  				<label>[COLOR=FFdf3ae9]TEXT[/COLOR]</label>
  			</item>
  			<item id="60"> <!--pink 8-->
  				<onclick>Skin.SetString(Text.GlobalColor,FFdd53ed)</onclick>
  				<onclick>Dialog.Close(1113)</onclick>
          <visible>String.IsEqual(Window(SkinSettings).Property(CustomColor),text)</visible>
  				<label>[COLOR=FFdd53ed]TEXT[/COLOR]</label>
  			</item>
  			<item id="61"> <!--purple 1-->
  				<onclick>Skin.SetString(Text.GlobalColor,FFb47bdc)</onclick>
  				<onclick>Dialog.Close(1113)</onclick>
          <visible>String.IsEqual(Window(SkinSettings).Property(CustomColor),text)</visible>
  				<label>[COLOR=FFb47bdc]TEXT[/COLOR]</label>
  			</item>
  			<item id="62"> <!--purple 2-->
  				<onclick>Skin.SetString(Text.GlobalColor,FFaf6bdf)</onclick>
  				<onclick>Dialog.Close(1113)</onclick>
          <visible>String.IsEqual(Window(SkinSettings).Property(CustomColor),text)</visible>
  				<label>[COLOR=FFaf6bdf]TEXT[/COLOR]</label>
  			</item>
  			<item id="63"> <!--purple 3-->
  				<onclick>Skin.SetString(Text.GlobalColor,FFa45bd7)</onclick>
  				<onclick>Dialog.Close(1113)</onclick>
          <visible>String.IsEqual(Window(SkinSettings).Property(CustomColor),text)</visible>
  				<label>[COLOR=FFa45bd7]TEXT[/COLOR]</label>
  			</item>
  			<item id="64"> <!--purple 4-->
  				<onclick>Skin.SetString(Text.GlobalColor,FF9544ce)</onclick>
  				<onclick>Dialog.Close(1113)</onclick>
          <visible>String.IsEqual(Window(SkinSettings).Property(CustomColor),text)</visible>
  				<label>[COLOR=FF9544ce]TEXT[/COLOR]</label>
  			</item>
  			<item id="65"> <!--purple 5-->
  				<onclick>Skin.SetString(Text.GlobalColor,FF862ec3)</onclick>
  				<onclick>Dialog.Close(1113)</onclick>
          <visible>String.IsEqual(Window(SkinSettings).Property(CustomColor),text)</visible>
  				<label>[COLOR=FF862ec3]TEXT[/COLOR]</label>
  			</item>
  			<item id="66"> <!--purple 6-->
  				<onclick>Skin.SetString(Text.GlobalColor,FF6d2ac8)</onclick>
  				<onclick>Dialog.Close(1113)</onclick>
          <visible>String.IsEqual(Window(SkinSettings).Property(CustomColor),text)</visible>
  				<label>[COLOR=FF6d2ac8]TEXT[/COLOR]</label>
  			</item>
  			<item id="67"> <!--purple 7-->
  				<onclick>Skin.SetString(Text.GlobalColor,FF5334da)</onclick>
  				<onclick>Dialog.Close(1113)</onclick>
          <visible>String.IsEqual(Window(SkinSettings).Property(CustomColor),text)</visible>
  				<label>[COLOR=FF5334da]TEXT[/COLOR]</label>
  			</item>
  			<item id="68"> <!--purple 8-->
  				<onclick>Skin.SetString(Text.GlobalColor,FF305bd4)</onclick>
  				<onclick>Dialog.Close(1113)</onclick>
          <visible>String.IsEqual(Window(SkinSettings).Property(CustomColor),text)</visible>
  				<label>[COLOR=FF305bd4]TEXT[/COLOR]</label>
  			</item>
  			<item id="69"> <!--purple 9-->
  				<onclick>Skin.SetString(Text.GlobalColor,FF3d70d7)</onclick>
  				<onclick>Dialog.Close(1113)</onclick>
          <visible>String.IsEqual(Window(SkinSettings).Property(CustomColor),text)</visible>
  				<label>[COLOR=FF3d70d7]TEXT[/COLOR]</label>
  			</item>
  			<item id="70"> <!--purple 10-->
  				<onclick>Skin.SetString(Text.GlobalColor,FF4b82de)</onclick>
  				<onclick>Dialog.Close(1113)</onclick>
          <visible>String.IsEqual(Window(SkinSettings).Property(CustomColor),text)</visible>
  				<label>[COLOR=FF4b82de]TEXT[/COLOR]</label>
  			</item>


        <!-- BG Colours -->
  			<item id="1"> <!-- Bello <onclick>Skin.SetString(BG.GlobalColor,FF12B2E7)</onclick> -->
  				<onclick>Skin.SetString(BG.GlobalColor,FFFFFFFF)</onclick>
  				<onclick>Dialog.Close(1113)</onclick>
  				<thumb>special://skin/extras/colors/none.png</thumb>
  				<visible>String.IsEqual(Window(SkinSettings).Property(CustomColor),BG)</visible>
  			</item>
  			<item id="2"> <!--blue 1-->
  				<onclick>Skin.SetString(BG.GlobalColor,FF87cbf6)</onclick>
  				<onclick>Dialog.Close(1113)</onclick>
          <visible>String.IsEqual(Window(SkinSettings).Property(CustomColor),BG)</visible>
  				<thumb>special://skin/extras/colors/FF87cbf6.png</thumb>
  			</item>
  			<item id="3"> <!--blue 2-->
  				<onclick>Skin.SetString(BG.GlobalColor,FF6ebff1)</onclick>
  				<onclick>Dialog.Close(1113)</onclick>
          <visible>String.IsEqual(Window(SkinSettings).Property(CustomColor),BG)</visible>
  				<thumb>special://skin/extras/colors/FF6ebff1.png</thumb>
  			</item>
  			<item id="4"> <!--blue 3-->
  				<onclick>Skin.SetString(BG.GlobalColor,FF4bb4f6)</onclick>
  				<onclick>Dialog.Close(1113)</onclick>
          <visible>String.IsEqual(Window(SkinSettings).Property(CustomColor),BG)</visible>
  				<thumb>special://skin/extras/colors/FF4bb4f6.png</thumb>
  			</item>
  			<item id="5"> <!--blue 4-->
  				<onclick>Skin.SetString(BG.GlobalColor,FF3ea6e8)</onclick>
  				<onclick>Dialog.Close(1113)</onclick>
          <visible>String.IsEqual(Window(SkinSettings).Property(CustomColor),BG)</visible>
  				<thumb>special://skin/extras/colors/FF3ea6e8.png</thumb>
  			</item>
  			<item id="6"> <!--blue 5-->
  				<onclick>Skin.SetString(BG.GlobalColor,FF2d95d7)</onclick>
  				<onclick>Dialog.Close(1113)</onclick>
          <visible>String.IsEqual(Window(SkinSettings).Property(CustomColor),BG)</visible>
  				<thumb>special://skin/extras/colors/FF2d95d7.png</thumb>
  			</item>
  			<item id="7"> <!--blue 6-->
  				<onclick>Skin.SetString(BG.GlobalColor,FF2dadd7)</onclick>
  				<onclick>Dialog.Close(1113)</onclick>
          <visible>String.IsEqual(Window(SkinSettings).Property(CustomColor),BG)</visible>
  				<thumb>special://skin/extras/colors/FF2dadd7.png</thumb>
  			</item>
  			<item id="8"> <!--blue 7-->
  				<onclick>Skin.SetString(BG.GlobalColor,FF34c4d9)</onclick>
  				<onclick>Dialog.Close(1113)</onclick>
          <visible>String.IsEqual(Window(SkinSettings).Property(CustomColor),BG)</visible>
  				<thumb>special://skin/extras/colors/FF34c4d9.png</thumb>
  			</item>
  			<item id="9"> <!--aqua 1-->
  				<onclick>Skin.SetString(BG.GlobalColor,FF5aeadb)</onclick>
  				<onclick>Dialog.Close(1113)</onclick>
          <visible>String.IsEqual(Window(SkinSettings).Property(CustomColor),BG)</visible>
  				<thumb>special://skin/extras/colors/FF5aeadb.png</thumb>
  			</item>
  			<item id="10"> <!--aqua 2-->
  				<onclick>Skin.SetString(BG.GlobalColor,FF45e5c9)</onclick>
  				<onclick>Dialog.Close(1113)</onclick>
          <visible>String.IsEqual(Window(SkinSettings).Property(CustomColor),BG)</visible>
  				<thumb>special://skin/extras/colors/FF45e5c9.png</thumb>
  			</item>
  			<item id="11"> <!--aqua 3-->
  				<onclick>Skin.SetString(BG.GlobalColor,FF2ae1b8)</onclick>
  				<onclick>Dialog.Close(1113)</onclick>
          <visible>String.IsEqual(Window(SkinSettings).Property(CustomColor),BG)</visible>
  				<thumb>special://skin/extras/colors/FF2ae1b8.png</thumb>
  			</item>
  			<item id="12"> <!--aqua 4-->
  				<onclick>Skin.SetString(BG.GlobalColor,FF19dca7)</onclick>
  				<onclick>Dialog.Close(1113)</onclick>
          <visible>String.IsEqual(Window(SkinSettings).Property(CustomColor),BG)</visible>
  				<thumb>special://skin/extras/colors/FF19dca7.png</thumb>
  			</item>
  			<item id="13"> <!--aqua 5-->
  				<onclick>Skin.SetString(BG.GlobalColor,FF0fd39e)</onclick>
  				<onclick>Dialog.Close(1113)</onclick>
          <visible>String.IsEqual(Window(SkinSettings).Property(CustomColor),BG)</visible>
  				<thumb>special://skin/extras/colors/FF0fd39e.png</thumb>
  			</item>
  			<item id="14"> <!--aqua 6-->
  				<onclick>Skin.SetString(BG.GlobalColor,FF0fd382)</onclick>
  				<onclick>Dialog.Close(1113)</onclick>
          <visible>String.IsEqual(Window(SkinSettings).Property(CustomColor),BG)</visible>
  				<thumb>special://skin/extras/colors/FF0fd382.png</thumb>
  			</item>
  			<item id="15"> <!--aqua 7-->
  				<onclick>Skin.SetString(BG.GlobalColor,FF18ca74)</onclick>
  				<onclick>Dialog.Close(1113)</onclick>
          <visible>String.IsEqual(Window(SkinSettings).Property(CustomColor),BG)</visible>
  				<thumb>special://skin/extras/colors/FF18ca74.png</thumb>
  			</item>
  			<item id="16"> <!--aqua 8-->
  				<onclick>Skin.SetString(BG.GlobalColor,FF2ad96c)</onclick>
  				<onclick>Dialog.Close(1113)</onclick>
          <visible>String.IsEqual(Window(SkinSettings).Property(CustomColor),BG)</visible>
  				<thumb>special://skin/extras/colors/FF2ad96c.png</thumb>
  			</item>
  			<item id="17"> <!--aqua 9-->
  				<onclick>Skin.SetString(BG.GlobalColor,FF3ee672)</onclick>
  				<onclick>Dialog.Close(1113)</onclick>
          <visible>String.IsEqual(Window(SkinSettings).Property(CustomColor),BG)</visible>
  				<thumb>special://skin/extras/colors/FF3ee672.png</thumb>
  			</item>
  			<item id="18"> <!--aqua 10-->
  				<onclick>Skin.SetString(BG.GlobalColor,FF5aec72)</onclick>
  				<onclick>Dialog.Close(1113)</onclick>
          <visible>String.IsEqual(Window(SkinSettings).Property(CustomColor),BG)</visible>
  				<thumb>special://skin/extras/colors/FF5aec72.png</thumb>
  			</item>
  			<item id="19"> <!--aqua 11-->
  				<onclick>Skin.SetString(BG.GlobalColor,FF67e964)</onclick>
  				<onclick>Dialog.Close(1113)</onclick>
          <visible>String.IsEqual(Window(SkinSettings).Property(CustomColor),BG)</visible>
  				<thumb>special://skin/extras/colors/FF67e964.png</thumb>
  			</item>
  			<item id="20"> <!--green 1-->
  				<onclick>Skin.SetString(BG.GlobalColor,FF93ce5f)</onclick>
  				<onclick>Dialog.Close(1113)</onclick>
  				<visible>String.IsEqual(Window(SkinSettings).Property(CustomColor),BG)</visible>
  				<thumb>special://skin/extras/colors/FF93ce5f.png</thumb>
  			</item>
  			<item id="21"> <!--green 2-->
  				<onclick>Skin.SetString(BG.GlobalColor,FF80d535)</onclick>
  				<onclick>Dialog.Close(1113)</onclick>
  				<visible>String.IsEqual(Window(SkinSettings).Property(CustomColor),BG)</visible>
  				<thumb>special://skin/extras/colors/FF80d535.png</thumb>
  			</item>
  			<item id="22"> <!--green 3-->
  				<onclick>Skin.SetString(BG.GlobalColor,FF6dbd25)</onclick>
  				<onclick>Dialog.Close(1113)</onclick>
          <visible>String.IsEqual(Window(SkinSettings).Property(CustomColor),BG)</visible>
  				<thumb>special://skin/extras/colors/FF6dbd25.png</thumb>
  			</item>
  			<item id="23"> <!--green 4-->
  				<onclick>Skin.SetString(BG.GlobalColor,FF5eb113)</onclick>
  				<onclick>Dialog.Close(1113)</onclick>
          <visible>String.IsEqual(Window(SkinSettings).Property(CustomColor),BG)</visible>
  				<thumb>special://skin/extras/colors/FF5eb113.png</thumb>
  			</item>
  			<item id="24"> <!--green 5-->
  				<onclick>Skin.SetString(BG.GlobalColor,FF5aa615)</onclick>
  				<onclick>Dialog.Close(1113)</onclick>
          <visible>String.IsEqual(Window(SkinSettings).Property(CustomColor),BG)</visible>
  				<thumb>special://skin/extras/colors/FF5aa615.png</thumb>
  			</item>
  			<item id="25"> <!--green 6-->
  				<onclick>Skin.SetString(BG.GlobalColor,FF69a013)</onclick>
  				<onclick>Dialog.Close(1113)</onclick>
          <visible>String.IsEqual(Window(SkinSettings).Property(CustomColor),BG)</visible>
  				<thumb>special://skin/extras/colors/FF69a013.png</thumb>
  			</item>
  			<item id="26"> <!--green 7-->
  				<onclick>Skin.SetString(BG.GlobalColor,FF91ad10)</onclick>
  				<onclick>Dialog.Close(1113)</onclick>
          <visible>String.IsEqual(Window(SkinSettings).Property(CustomColor),BG)</visible>
  				<thumb>special://skin/extras/colors/FF91ad10.png</thumb>
  			</item>
  			<item id="27"> <!--green 8-->
  				<onclick>Skin.SetString(BG.GlobalColor,FFa3b90f)</onclick>
  				<onclick>Dialog.Close(1113)</onclick>
          <visible>String.IsEqual(Window(SkinSettings).Property(CustomColor),BG)</visible>
  				<thumb>special://skin/extras/colors/FFa3b90f.png</thumb>
  			</item>
  			<item id="28"> <!--green 9-->
  				<onclick>Skin.SetString(BG.GlobalColor,FFb5c814)</onclick>
  				<onclick>Dialog.Close(1113)</onclick>
          <visible>String.IsEqual(Window(SkinSettings).Property(CustomColor),BG)</visible>
  				<thumb>special://skin/extras/colors/FFb5c814.png</thumb>
  			</item>
  			<item id="29"> <!--green 10-->
  				<onclick>Skin.SetString(BG.GlobalColor,FFc7d92b)</onclick>
  				<onclick>Dialog.Close(1113)</onclick>
          <visible>String.IsEqual(Window(SkinSettings).Property(CustomColor),BG)</visible>
  				<thumb>special://skin/extras/colors/FFc7d92b.png</thumb>
  			</item>
  			<item id="30"> <!--green 11-->
  				<onclick>Skin.SetString(BG.GlobalColor,FFdde339)</onclick>
  				<onclick>Dialog.Close(1113)</onclick>
          <visible>String.IsEqual(Window(SkinSettings).Property(CustomColor),BG)</visible>
  				<thumb>special://skin/extras/colors/FFdde339.png</thumb>
  			</item>
  			<item id="31"> <!--green 12-->
  				<onclick>Skin.SetString(BG.GlobalColor,FFe8ef23)</onclick>
  				<onclick>Dialog.Close(1113)</onclick>
          <visible>String.IsEqual(Window(SkinSettings).Property(CustomColor),BG)</visible>
  				<thumb>special://skin/extras/colors/FFe8ef23.png</thumb>
  			</item>
  			<item id="32"> <!--yellow 1-->
  				<onclick>Skin.SetString(BG.GlobalColor,FFfed530)</onclick>
  				<onclick>Dialog.Close(1113)</onclick>
          <visible>String.IsEqual(Window(SkinSettings).Property(CustomColor),BG)</visible>
  				<thumb>special://skin/extras/colors/FFfed530.png</thumb>
  			</item>
  			<item id="33"> <!--yellow 2-->
  				<onclick>Skin.SetString(BG.GlobalColor,FFffcc00)</onclick>
  				<onclick>Dialog.Close(1113)</onclick>
          <visible>String.IsEqual(Window(SkinSettings).Property(CustomColor),BG)</visible>
  				<thumb>special://skin/extras/colors/FFffcc00.png</thumb>
  			</item>
  			<item id="34"> <!--yellow 3-->
  				<onclick>Skin.SetString(BG.GlobalColor,FFebbd04)</onclick>
  				<onclick>Dialog.Close(1113)</onclick>
          <visible>String.IsEqual(Window(SkinSettings).Property(CustomColor),BG)</visible>
  				<thumb>special://skin/extras/colors/FFebbd04.png</thumb>
  			</item>
  			<item id="35"> <!--yellow 4-->
  				<onclick>Skin.SetString(BG.GlobalColor,FFe0b403)</onclick>
  				<onclick>Dialog.Close(1113)</onclick>
          <visible>String.IsEqual(Window(SkinSettings).Property(CustomColor),BG)</visible>
  				<thumb>special://skin/extras/colors/FFe0b403.png</thumb>
  			</item>
  			<item id="36"> <!--yellow 5-->
  				<onclick>Skin.SetString(BG.GlobalColor,FFd1a408)</onclick>
  				<onclick>Dialog.Close(1113)</onclick>
          <visible>String.IsEqual(Window(SkinSettings).Property(CustomColor),BG)</visible>
  				<thumb>special://skin/extras/colors/FFd1a408.png</thumb>
  			</item>
  			<item id="37"> <!--orange 1-->
  				<onclick>Skin.SetString(BG.GlobalColor,FFf6983c)</onclick>
  				<onclick>Dialog.Close(1113)</onclick>
          <visible>String.IsEqual(Window(SkinSettings).Property(CustomColor),BG)</visible>
  				<thumb>special://skin/extras/colors/FFf6983c.png</thumb>
  			</item>
  			<item id="38"> <!--orange 2-->
  				<onclick>Skin.SetString(BG.GlobalColor,FFff9329)</onclick>
  				<onclick>Dialog.Close(1113)</onclick>
          <visible>String.IsEqual(Window(SkinSettings).Property(CustomColor),BG)</visible>
  				<thumb>special://skin/extras/colors/FFff9329.png</thumb>
  			</item>
  			<item id="39"> <!--orange 3-->
  				<onclick>Skin.SetString(BG.GlobalColor,FFfb8512)</onclick>
  				<onclick>Dialog.Close(1113)</onclick>
          <visible>String.IsEqual(Window(SkinSettings).Property(CustomColor),BG)</visible>
  				<thumb>special://skin/extras/colors/FFfb8512.png</thumb>
  			</item>
  			<item id="40"> <!--orange 4-->
  				<onclick>Skin.SetString(BG.GlobalColor,FFee7b0a)</onclick>
  				<onclick>Dialog.Close(1113)</onclick>
          <visible>String.IsEqual(Window(SkinSettings).Property(CustomColor),BG)</visible>
  				<thumb>special://skin/extras/colors/FFee7b0a.png</thumb>
  			</item>
  			<item id="41"> <!--orange 5-->
  				<onclick>Skin.SetString(BG.GlobalColor,FFf16816)</onclick>
  				<onclick>Dialog.Close(1113)</onclick>
          <visible>String.IsEqual(Window(SkinSettings).Property(CustomColor),BG)</visible>
  				<thumb>special://skin/extras/colors/FFf16816.png</thumb>
  			</item>
  			<item id="42"> <!--orange 6-->
  				<onclick>Skin.SetString(BG.GlobalColor,FFf14416)</onclick>
  				<onclick>Dialog.Close(1113)</onclick>
          <visible>String.IsEqual(Window(SkinSettings).Property(CustomColor),BG)</visible>
  				<thumb>special://skin/extras/colors/FFf14416.png</thumb>
  			</item>
  			<item id="43"> <!--red 1-->
  				<onclick>Skin.SetString(BG.GlobalColor,FFe95d4e)</onclick>
  				<onclick>Dialog.Close(1113)</onclick>
          <visible>String.IsEqual(Window(SkinSettings).Property(CustomColor),BG)</visible>
  				<thumb>special://skin/extras/colors/FFe95d4e.png</thumb>
  			</item>
  			<item id="44"> <!--red 2-->
  				<onclick>Skin.SetString(BG.GlobalColor,FFed4938)</onclick>
  				<onclick>Dialog.Close(1113)</onclick>
          <visible>String.IsEqual(Window(SkinSettings).Property(CustomColor),BG)</visible>
  				<thumb>special://skin/extras/colors/FFed4938.png</thumb>
  			</item>
  			<item id="45"> <!--red 3-->
  				<onclick>Skin.SetString(BG.GlobalColor,FFe23b29)</onclick>
  				<onclick>Dialog.Close(1113)</onclick>
          <visible>String.IsEqual(Window(SkinSettings).Property(CustomColor),BG)</visible>
  				<thumb>special://skin/extras/colors/FFe23b29.png</thumb>
  			</item>
  			<item id="46"> <!--red 4-->
  				<onclick>Skin.SetString(BG.GlobalColor,FFed2914)</onclick>
  				<onclick>Dialog.Close(1113)</onclick>
          <visible>String.IsEqual(Window(SkinSettings).Property(CustomColor),BG)</visible>
  				<thumb>special://skin/extras/colors/FFed2914.png</thumb>
  			</item>
  			<item id="47"> <!--red 5-->
  				<onclick>Skin.SetString(BG.GlobalColor,FFe01d08)</onclick>
  				<onclick>Dialog.Close(1113)</onclick>
          <visible>String.IsEqual(Window(SkinSettings).Property(CustomColor),BG)</visible>
  				<thumb>special://skin/extras/colors/FFe01d08.png</thumb>
  			</item>
  			<item id="48"> <!--red 6-->
  				<onclick>Skin.SetString(BG.GlobalColor,FFc81805)</onclick>
  				<onclick>Dialog.Close(1113)</onclick>
          <visible>String.IsEqual(Window(SkinSettings).Property(CustomColor),BG)</visible>
  				<thumb>special://skin/extras/colors/FFc81805.png</thumb>
  			</item>
  			<item id="49"> <!--red 7-->
  				<onclick>Skin.SetString(BG.GlobalColor,FFc90533)</onclick>
  				<onclick>Dialog.Close(1113)</onclick>
          <visible>String.IsEqual(Window(SkinSettings).Property(CustomColor),BG)</visible>
  				<thumb>special://skin/extras/colors/FFc90533.png</thumb>
  			</item>
  			<item id="50"> <!--red 8-->
  				<onclick>Skin.SetString(BG.GlobalColor,FFcf205a)</onclick>
  				<onclick>Dialog.Close(1113)</onclick>
          <visible>String.IsEqual(Window(SkinSettings).Property(CustomColor),BG)</visible>
  				<thumb>special://skin/extras/colors/FFcf205a.png</thumb>
  			</item>
  			<item id="51"> <!--red 9-->
  				<onclick>Skin.SetString(BG.GlobalColor,FFd82f76)</onclick>
  				<onclick>Dialog.Close(1113)</onclick>
          <visible>String.IsEqual(Window(SkinSettings).Property(CustomColor),BG)</visible>
  				<thumb>special://skin/extras/colors/FFd82f76.png</thumb>
  			</item>
  			<item id="52"> <!--red 10-->
  				<onclick>Skin.SetString(BG.GlobalColor,FFe6589e)</onclick>
  				<onclick>Dialog.Close(1113)</onclick>
          <visible>String.IsEqual(Window(SkinSettings).Property(CustomColor),BG)</visible>
  				<thumb>special://skin/extras/colors/FFe6589e.png</thumb>
  			</item>
  			<item id="53"> <!--pink 1-->
  				<onclick>Skin.SetString(BG.GlobalColor,FFee7fc9)</onclick>
  				<onclick>Dialog.Close(1113)</onclick>
          <visible>String.IsEqual(Window(SkinSettings).Property(CustomColor),BG)</visible>
  				<thumb>special://skin/extras/colors/FFee7fc9.png</thumb>
  			</item>
  			<item id="54"> <!--pink 2-->
  				<onclick>Skin.SetString(BG.GlobalColor,FFfd76d0)</onclick>
  				<onclick>Dialog.Close(1113)</onclick>
          <visible>String.IsEqual(Window(SkinSettings).Property(CustomColor),BG)</visible>
  				<thumb>special://skin/extras/colors/FFfd76d0.png</thumb>
  			</item>
  			<item id="55"> <!--pink 3-->
  				<onclick>Skin.SetString(BG.GlobalColor,FFfb61c7)</onclick>
  				<onclick>Dialog.Close(1113)</onclick>
          <visible>String.IsEqual(Window(SkinSettings).Property(CustomColor),BG)</visible>
  				<thumb>special://skin/extras/colors/FFfb61c7.png</thumb>
  			</item>
  			<item id="56"> <!--pink 4-->
  				<onclick>Skin.SetString(BG.GlobalColor,FFf250bb)</onclick>
  				<onclick>Dialog.Close(1113)</onclick>
          <visible>String.IsEqual(Window(SkinSettings).Property(CustomColor),BG)</visible>
  				<thumb>special://skin/extras/colors/FFf250bb.png</thumb>
  			</item>
  			<item id="57"> <!--pink 5-->
  				<onclick>Skin.SetString(BG.GlobalColor,FFf038b2)</onclick>
  				<onclick>Dialog.Close(1113)</onclick>
          <visible>String.IsEqual(Window(SkinSettings).Property(CustomColor),BG)</visible>
  				<thumb>special://skin/extras/colors/FFf038b2.png</thumb>
  			</item>
  			<item id="58"> <!--pink 6-->
  				<onclick>Skin.SetString(BG.GlobalColor,FFeb37d0)</onclick>
  				<onclick>Dialog.Close(1113)</onclick>
          <visible>String.IsEqual(Window(SkinSettings).Property(CustomColor),BG)</visible>
  				<thumb>special://skin/extras/colors/FFeb37d0.png</thumb>
  			</item>
  			<item id="59"> <!--pink 7-->
  				<onclick>Skin.SetString(BG.GlobalColor,FFdf3ae9)</onclick>
  				<onclick>Dialog.Close(1113)</onclick>
          <visible>String.IsEqual(Window(SkinSettings).Property(CustomColor),BG)</visible>
  				<thumb>special://skin/extras/colors/FFdf3ae9.png</thumb>
  			</item>
  			<item id="60"> <!--pink 8-->
  				<onclick>Skin.SetString(BG.GlobalColor,FFdd53ed)</onclick>
  				<onclick>Dialog.Close(1113)</onclick>
          <visible>String.IsEqual(Window(SkinSettings).Property(CustomColor),BG)</visible>
  				<thumb>special://skin/extras/colors/FFdd53ed.png</thumb>
  			</item>
  			<item id="61"> <!--purple 1-->
  				<onclick>Skin.SetString(BG.GlobalColor,FFb47bdc)</onclick>
  				<onclick>Dialog.Close(1113)</onclick>
          <visible>String.IsEqual(Window(SkinSettings).Property(CustomColor),BG)</visible>
  				<thumb>special://skin/extras/colors/FFb47bdc.png</thumb>
  			</item>
  			<item id="62"> <!--purple 2-->
  				<onclick>Skin.SetString(BG.GlobalColor,FFaf6bdf)</onclick>
  				<onclick>Dialog.Close(1113)</onclick>
          <visible>String.IsEqual(Window(SkinSettings).Property(CustomColor),BG)</visible>
  				<thumb>special://skin/extras/colors/FFaf6bdf.png</thumb>
  			</item>
  			<item id="63"> <!--purple 3-->
  				<onclick>Skin.SetString(BG.GlobalColor,FFa45bd7)</onclick>
  				<onclick>Dialog.Close(1113)</onclick>
          <visible>String.IsEqual(Window(SkinSettings).Property(CustomColor),BG)</visible>
  				<thumb>special://skin/extras/colors/FFa45bd7.png</thumb>
  			</item>
  			<item id="64"> <!--purple 4-->
  				<onclick>Skin.SetString(BG.GlobalColor,FF9544ce)</onclick>
  				<onclick>Dialog.Close(1113)</onclick>
          <visible>String.IsEqual(Window(SkinSettings).Property(CustomColor),BG)</visible>
  				<thumb>special://skin/extras/colors/FF9544ce.png</thumb>
  			</item>
  			<item id="65"> <!--purple 5-->
  				<onclick>Skin.SetString(BG.GlobalColor,FF862ec3)</onclick>
  				<onclick>Dialog.Close(1113)</onclick>
          <visible>String.IsEqual(Window(SkinSettings).Property(CustomColor),BG)</visible>
  				<thumb>special://skin/extras/colors/FF862ec3.png</thumb>
  			</item>
  			<item id="66"> <!--purple 6-->
  				<onclick>Skin.SetString(BG.GlobalColor,FF6d2ac8)</onclick>
  				<onclick>Dialog.Close(1113)</onclick>
          <visible>String.IsEqual(Window(SkinSettings).Property(CustomColor),BG)</visible>
  				<thumb>special://skin/extras/colors/FF6d2ac8.png</thumb>
  			</item>
  			<item id="67"> <!--purple 7-->
  				<onclick>Skin.SetString(BG.GlobalColor,FF5334da)</onclick>
  				<onclick>Dialog.Close(1113)</onclick>
          <visible>String.IsEqual(Window(SkinSettings).Property(CustomColor),BG)</visible>
  				<thumb>special://skin/extras/colors/FF5334da.png</thumb>
  			</item>
  			<item id="68"> <!--purple 8-->
  				<onclick>Skin.SetString(BG.GlobalColor,FF305bd4)</onclick>
  				<onclick>Dialog.Close(1113)</onclick>
          <visible>String.IsEqual(Window(SkinSettings).Property(CustomColor),BG)</visible>
  				<thumb>special://skin/extras/colors/FF305bd4.png</thumb>
  			</item>
  			<item id="69"> <!--purple 9-->
  				<onclick>Skin.SetString(BG.GlobalColor,FF3d70d7)</onclick>
  				<onclick>Dialog.Close(1113)</onclick>
          <visible>String.IsEqual(Window(SkinSettings).Property(CustomColor),BG)</visible>
  				<thumb>special://skin/extras/colors/FF3d70d7.png</thumb>
  			</item>
  			<item id="70"> <!--purple 10-->
  				<onclick>Skin.SetString(BG.GlobalColor,FF4b82de)</onclick>
  				<onclick>Dialog.Close(1113)</onclick>
          <visible>String.IsEqual(Window(SkinSettings).Property(CustomColor),BG)</visible>
  				<thumb>special://skin/extras/colors/FF4b82de.png</thumb>
  			</item>
  			<item id="71"> <!--purple blue 1-->
  				<onclick>Skin.SetString(BG.GlobalColor,FF618de7)</onclick>
  				<onclick>Dialog.Close(1113)</onclick>
          <visible>String.IsEqual(Window(SkinSettings).Property(CustomColor),BG)</visible>
  				<thumb>special://skin/extras/colors/FF618de7.png</thumb>
  			</item>
  			<item id="72"> <!--purple blue 2-->
  				<onclick>Skin.SetString(BG.GlobalColor,FF6d9ded)</onclick>
  				<onclick>Dialog.Close(1113)</onclick>
          <visible>String.IsEqual(Window(SkinSettings).Property(CustomColor),BG)</visible>
  				<thumb>special://skin/extras/colors/FF6d9ded.png</thumb>
  			</item>
      </content>
	  </control>
	</control>
 </controls>
</window>


