<window id="1100">
  <defaultcontrol>2</defaultcontrol>
  <coordinates>
    <left>200</left>
    <top>100</top>
  </coordinates>
  <controls>
    <control type="label">
      <description>Title</description>
      <left>-2</left>
      <top>0</top>
      <width>775</width>
      <height>30</height>
      <font>FontSize_40</font>
      <label>$INFO[PVR.BackendName]</label>
      <align>left</align>
      <aligny>center</aligny>
      <textcolor>white</textcolor>
      <shadowcolor>99000000</shadowcolor>
    </control>
    <control type="label">
      <description>Title</description>
      <left>-2</left>
      <top>60</top>
      <width>775</width>
      <height>30</height>
      <font>FontSize_40</font>
      <label>$INFO[PVR.BackendDiskSpace]</label>
      <align>left</align>
      <aligny>center</aligny>
      <textcolor>white</textcolor>
      <shadowcolor>99000000</shadowcolor>
    </control>
    <control type="label">
      <description>Title</description>
      <left>-2</left>
      <top>120</top>
      <width>775</width>
      <height>30</height>
      <font>FontSize_40</font>
      <label>Number of Recordings: $INFO[PVR.BackendRecordings]</label>
      <align>left</align>
      <aligny>center</aligny>
      <textcolor>white</textcolor>
      <shadowcolor>99000000</shadowcolor>
    </control>
  </controls>
</window>
