<?xml version="1.0" encoding="UTF-8"?>
<window  id="147">
	<defaultcontrol>61</defaultcontrol>
	<controls>
		<control type="group">
			<include>CommonDialogsAnimation</include>
			<include content="DialogsPanel">
				<param name="group_left" value="211"/>
				<param name="group_top" value="145"/>
				<param name="group_width" value="859"/>
				<param name="body_width" value="859"/>
				<param name="body_height" value="390"/>
				<param name="header_line_width" value="855"/>
				<param name="header_id" value="1"/>
				<param name="header_width" value="829"/>
				<param name="countitems_visible" value="false"/>
			</include>
			<control type="group">
				<left>232</left>
				<top>210</top>
				<control type="textbox" id="5">
					<description>textarea</description>
					<left>0</left>
					<top>0</top>
					<width>815</width>
					<height>365</height>
					<label></label>
					<font>FontSize_24</font>
					<textcolor>99white</textcolor>
					<shadowcolor>99000000</shadowcolor>
					<pagecontrol>61</pagecontrol>
					<autoscroll delay="8000" time="2000" repeat="8000"/>
				</control>
				<control type="scrollbar" id="61">
					<left>0</left>
					<top>0</top>
					<width>25</width>
					<height>490</height>
					<texturesliderbackground></texturesliderbackground>
					<texturesliderbar></texturesliderbar>
					<texturesliderbarfocus></texturesliderbarfocus>
					<textureslidernib></textureslidernib>
					<textureslidernibfocus></textureslidernibfocus>
					<onleft>Close</onleft>
					<onright>Close</onright>
					<oninfo>Close</oninfo>
					<ondown>61</ondown>
					<onup>61</onup>
					<showonepage>true</showonepage>
					<orientation>vertical</orientation>
				</control>
			</control>
		</control>

	</controls>
</window>
