<?xml version="1.0" encoding="UTF-8"?>
<window  id="109">
	<defaultcontrol always="true">21</defaultcontrol>
	<controls>

		<control type="group">
			<include>CommonDialogsAnimation</include>
			<include content="DialogsPanel">
				<param name="group_left" value="510"/>
				<param name="group_top" value="184"/>
				<param name="group_width" value="257"/>
				<param name="body_width" value="257"/>
				<param name="body_height" value="287"/>
				<param name="header_line_width" value="253"/>
				<param name="header_width" value="250"/>
				<param name="countitems_visible" value="false"/>
			</include>
  		<control type="label" id="1">
  			<description>Heading</description>
  			<left>520</left>
  			<top>198</top>
  			<width>250</width>
	      <include>DialogsHeaderLabel</include>
  		</control>
  		<control type="label" id="4">
  			<description>Edit Text</description>
  			<left>526</left>
  			<top>258</top>
  			<width>228</width>
  			<font>FontSize_34</font>
  			<textcolor>77white</textcolor>
  			<align>center</align>
  			<scroll>true</scroll>
  			<scrollspeed>20</scrollspeed>
  		</control>
										
			<control type="group">
				<left>513</left>
				<top>279</top>
					
				<!-- Row 1 -->
				<control type="button" id="11">
					<description>'1' button</description>
					<left>21</left>
					<top>24</top>
					<onleft>23</onleft>
					<onright>12</onright>
					<onup>20</onup>
					<ondown>14</ondown>
          <include>KeyboardButton</include>
					<label>12311</label>
				</control>
				
				<control type="button" id="12">
					<description>'2' button</description>
					<left>76</left>
					<top>24</top>
					<onleft>11</onleft>
					<onright>13</onright>
					<onup>10</onup>
					<ondown>15</ondown>
          <include>KeyboardButton</include>
					<label>12312</label>
				</control>
				
				<control type="button" id="13">
					<description>'3' button</description>
					<left>131</left>
					<top>24</top>
					<onleft>12</onleft>
					<onright>23</onright>
					<onup>22</onup>
					<ondown>16</ondown>
          <include>KeyboardButton</include>
					<label>12313</label>
				</control>
				
				<!-- Row 2 -->
				<control type="button" id="14">
					<description>'4' button</description>
					<left>21</left>
					<top>76</top>
					<onleft>23</onleft>
					<onright>15</onright>
					<onup>11</onup>
					<ondown>17</ondown>
          <include>KeyboardButton</include>
					<label>12314</label>
				</control>
				
				<control type="button" id="15">
					<description>'5' button</description>
					<left>76</left>
					<top>76</top>
					<onleft>14</onleft>
					<onright>16</onright>
					<onup>12</onup>
					<ondown>18</ondown>
          <include>KeyboardButton</include>
					<label>12315</label>
				</control>
				
				<control type="button" id="16">
					<description>'6' button</description>
					<left>131</left>
					<top>76</top>
					<onleft>15</onleft>
					<onright>23</onright>
					<onup>13</onup>
					<ondown>19</ondown>
          <include>KeyboardButton</include>
					<label>12316</label>
				</control>
				
				<!-- Row 3 -->
				<control type="button" id="17">
					<description>'7' button</description>
					<left>21</left>
					<top>128</top>
					<onleft>21</onleft>
					<onright>18</onright>
					<onup>14</onup>
					<ondown>20</ondown>
          <include>KeyboardButton</include>
					<label>12317</label>
				</control>
				
				<control type="button" id="18">
					<description>'8' button</description>
					<left>76</left>
					<top>128</top>
					<onleft>17</onleft>
					<onright>19</onright>
					<onup>15</onup>
					<ondown>10</ondown>
          <include>KeyboardButton</include>
					<label>12318</label>
				</control>
				
				<control type="button" id="19">
					<description>'9' button</description>
					<left>131</left>
					<top>128</top>
					<onleft>18</onleft>
					<onright>21</onright>
					<onup>16</onup>
					<ondown>22</ondown>
          <include>KeyboardButton</include>
					<label>12319</label>
				</control>
				
				<!-- Row 4 -->
				<control type="button" id="20">
					<description>'Previous' button</description>
					<left>21</left>
					<top>180</top>
					<onleft>21</onleft>
					<onright>10</onright>
					<onup>17</onup>
					<ondown>11</ondown>
					<textoffsetx>8</textoffsetx>
					<textoffsety>-3</textoffsety>
			    <font>FontSize_28B</font>
			    <label>◀</label>
					<include>KeyboardButton</include>
				</control>
				
				<control type="button" id="10">
					<description>'0' button</description>
					<left>76</left>
					<top>180</top>
					<onleft>20</onleft>
					<onright>22</onright>
					<onup>18</onup>
					<ondown>12</ondown>
					<include>KeyboardButton</include>
					<label>12310</label>
				</control>
				
				<control type="button" id="22">
					<description>'Next' button</description>
					<left>131</left>
					<top>180</top>
					<onleft>10</onleft>
					<onright>21</onright>
					<onup>19</onup>
					<ondown>13</ondown>
			    <align>right</align>
					<textoffsetx>8</textoffsetx>
					<textoffsety>-3</textoffsety>
			    <font>FontSize_28B</font>
			    <label>▶</label>
					<include>KeyboardButton</include>
				</control>
				
				<!-- Big Side Buttons -->
				<control type="button" id="23">
					<description>'Backspace' button</description>
					<left>186</left>
					<top>24</top>
					<width>48</width>
					<height>100</height>
					<onleft>13</onleft>
					<onright>11</onright>
					<onup>21</onup>
					<ondown>21</ondown>
					<font>FontSize_14B</font>
					<textoffsetx>25</textoffsetx>
					<textoffsety>93</textoffsety>
					<textwidth>120</textwidth>
				  <angle>90</angle>
					<label>20181</label>
					<include>KeyboardButton</include>
				</control>
		
				<control type="button" id="21">
					<description>'Done' button</description>
					<left>186</left>
					<top>128</top>
					<width>48</width>
					<height>100</height>
					<onleft>19</onleft>
					<onright>17</onright>
					<onup>23</onup>
					<ondown>23</ondown>
					<font>FontSize_14B</font>
					<textoffsetx>25</textoffsetx>
					<textoffsety>93</textoffsety>
					<textwidth>120</textwidth>
				  <angle>90</angle>
					<label>20177</label>
					<include>KeyboardButton</include>
				</control>
			</control>
		</control>

	</controls>
</window>