<?xml version="1.0" encoding="UTF-8"?>
<window>
	<defaultcontrol always="true">100</defaultcontrol>
	<controls>
		<control type="button" id="100">
			<include>HiddenItem</include>
			<onfocus>SetFocus(20)</onfocus>
			<animation effect="fade" start="0" end="100" time="0" delay="50">Focus</animation>
		</control>
		<control type="group">
			<include>CommonDialogsAnimation</include>
			<visible>!Window.IsActive(virtualkeyboard) + !Window.IsActive(pvrgroupmanager) + !Window.IsActive(filebrowser) + !Window.IsActive(yesnodialog) + !Window.IsActive(okdialog)</visible>
			<include content="DialogsPanel">
				<param name="group_left" value="211"/>
				<param name="group_top" value="135"/>
				<param name="group_width" value="852"/>
				<param name="body_width" value="852"/>
				<param name="body_height" value="380"/>
				<param name="header_line_width" value="848"/>
				<param name="header_label" value="$VAR[PVRChannelManagerHeadLabel]"/>
				<param name="header_width" value="650"/>
				<param name="countitems_visible" value="true"/>
			</include>
			<control type="image">
				<description>background image</description>
				<include>FullscreenDimensions</include>
				<texture background="true">dialogs/pvr/bg_channelmanager.png</texture>
			</control>
			<control type="image">
				<description>background image</description>
				<include>FullscreenDimensions</include>
				<texture background="true">dialogs/pvr/bg_channelmanager_lines.png</texture>
				<visible>!Window.IsActive(contextmenu)</visible>
			</control>
			<control type="group"  id="10010">
				<!-- Left Part -->
				<control type="group"  id="10020">
					<left>231</left>
					<top>206</top>
					<control type="list" id="20">
						<left>0</left>
						<top>0</top>
						<width>400</width>
						<height>308</height>
						<onup>20</onup>
						<ondown>20</ondown>
						<onleft>34</onleft>
						<onright>10030</onright>
						<pagecontrol>60</pagecontrol>
						<scrolltime>200</scrolltime>
						<visible>!Window.IsActive(contextmenu)</visible>
						<itemlayout height="44" width="400">
							<control type="image">
								<left>3</left>
								<top>3</top>
								<width>34</width>
								<height>34</height>
								<colordiffuse>77white</colordiffuse>
								<aspectratio align="center" aligny="center">keep</aspectratio>
								<texture background="true" fallback="thumbs/fallback_channel_manager_icon.png">$INFO[ListItem.Property(Icon)]</texture>
								<visible>ListItem.Property(ActiveChannel)</visible>
							</control>
							<control type="image">
								<left>3</left>
								<top>3</top>
								<width>34</width>
								<height>34</height>
								<colordiffuse>77white</colordiffuse>
								<aspectratio align="center" aligny="center">keep</aspectratio>
								<texture background="true" fallback="thumbs/fallback_channel_manager_icon.png">$INFO[ListItem.Property(Icon)]</texture>
								<visible>!ListItem.Property(ActiveChannel)</visible>
							</control>
							<control type="label">
								<left>47</left>
								<top>0</top>
								<width>335</width>
								<height>40</height>
								<font>FontSize_20</font>
								<textcolor>77white</textcolor>
								<selectedcolor>$VAR[Text.GlobalColor]</selectedcolor>
								<align>left</align>
								<aligny>center</aligny>
								<label>$INFO[ListItem.Property(Number),,. ]$INFO[ListItem.Property(Name)]</label>
								<visible>ListItem.Property(ActiveChannel)</visible>
							</control>
							<control type="label">
								<left>47</left>
								<top>0</top>
								<width>335</width>
								<height>40</height>
								<font>FontSize_20</font>
								<textcolor>44white</textcolor>
								<selectedcolor>$VAR[Text.GlobalColor]</selectedcolor>
								<align>left</align>
								<aligny>center</aligny>
								<label>$INFO[ListItem.Property(Name)]</label>
								<visible>!ListItem.Property(ActiveChannel)</visible>
							</control>
							<control type="image">
								<left>397</left>
								<top>0</top>
								<width>3</width>
								<height>40</height>
								<texture>windows/pvr/changed.png</texture>
								<visible>ListItem.Property(Changed)</visible>
							</control>
						</itemlayout>
						<focusedlayout height="44" width="400">
							<control type="image">
								<left>0</left>
								<top>0</top>
								<width>400</width>
								<height>40</height>
								<texture>buttons/focus.png</texture>
								<animation effect="fade" start="100" end="0" time="100" condition="!Control.HasFocus(20)">conditional</animation>
								<include>ListFocusAnimation</include>
							</control>
							<control type="image">
								<left>0</left>
								<top>0</top>
								<width>400</width>
								<height>40</height>
								<texture>dialogs/selectdialog/selected.png</texture>
								<animation effect="fade" start="100" end="0" time="100" condition="Control.HasFocus(20)">conditional</animation>
							</control>
							<control type="image">
								<left>3</left>
								<top>3</top>
								<width>34</width>
								<height>34</height>
								<aspectratio align="center" aligny="center">keep</aspectratio>
								<texture background="true" fallback="thumbs/fallback_channel_manager_icon.png">$INFO[ListItem.Property(Icon)]</texture>
								<visible>ListItem.Property(ActiveChannel)</visible>
							</control>
							<control type="image">
								<left>3</left>
								<top>3</top>
								<width>34</width>
								<height>34</height>
								<colordiffuse>77white</colordiffuse>
								<aspectratio align="center" aligny="center">keep</aspectratio>
								<texture background="true" fallback="thumbs/fallback_channel_manager_icon.png">$INFO[ListItem.Property(Icon)]</texture>
								<visible>!ListItem.Property(ActiveChannel)</visible>
							</control>
							<control type="label">
								<left>47</left>
								<top>0</top>
								<width>335</width>
								<height>40</height>
								<font>FontSize_20</font>
								<textcolor>white</textcolor>
								<selectedcolor>$VAR[Text.GlobalColor]</selectedcolor>
								<align>left</align>
								<aligny>center</aligny>
								<label>$INFO[ListItem.Property(Number),,. ]$INFO[ListItem.Property(Name)]</label>
								<visible>ListItem.Property(ActiveChannel)</visible>
							</control>
							<control type="label">
								<left>47</left>
								<top>0</top>
								<width>335</width>
								<height>40</height>
								<font>FontSize_20</font>
								<textcolor>44white</textcolor>
								<selectedcolor>$VAR[Text.GlobalColor]</selectedcolor>
								<align>left</align>
								<aligny>center</aligny>
								<label>$INFO[ListItem.Property(Name)]</label>
								<visible>!ListItem.Property(ActiveChannel)</visible>
							</control>
							<control type="image">
								<left>397</left>
								<top>0</top>
								<width>3</width>
								<height>40</height>
								<texture>windows/pvr/changed.png</texture>
								<visible>ListItem.Property(Changed)</visible>
							</control>
						</focusedlayout>
					</control>
					<control type="togglebutton" id="34">
						<description>TV/Radio Channels Button</description>
						<left>0</left>
						<top>308</top>
						<width>400</width>
						<height>40</height>
						<font>FontSize_20B</font>
						<textcolor>77white</textcolor>
						<focusedcolor>white</focusedcolor>
						<disabledcolor>33white</disabledcolor>
						<shadowcolor>99000000</shadowcolor>
						<texturefocus>buttons/focus.png</texturefocus>
						<alttexturefocus>buttons/focus.png</alttexturefocus>
						<align>center</align>
						<aligny>top</aligny>
						<textoffsetx>5</textoffsetx>
						<textoffsety>7</textoffsety>
						<pulseonselect>true</pulseonselect>
						<label>$LOCALIZE[19024]</label>
						<altlabel>$LOCALIZE[19023]</altlabel>
						<usealttexture>!String.IsEmpty(Window.Property(IsRadio))</usealttexture>
						<onleft>20</onleft>
						<onright>30</onright>
						<onup>20</onup>
						<ondown>20</ondown>
					</control>
				</control>

				<!-- Right Part -->
				<control type="grouplist" id="10030">
					<left>649</left>
					<top>206</top>
					<width>400</width>
					<height>304</height>
					<itemgap>4</itemgap>
					<onup>30</onup>
					<ondown>30</ondown>
					<onleft>10020</onleft>
					<onright>10000</onright>
					<control type="radiobutton" id="7">
						<description>Channel activated</description>
						<left>0</left>
						<top>0</top>
						<width>400</width>
						<height>40</height>
						<font>FontSize_20</font>
						<textcolor>77white</textcolor>
						<focusedcolor>white</focusedcolor>
						<disabledcolor>33white</disabledcolor>
						<shadowcolor>99000000</shadowcolor>
						<texturefocus>buttons/focus.png</texturefocus>
						<texturenofocus></texturenofocus>
						<align>left</align>
						<aligny>top</aligny>
						<textoffsetx>10</textoffsetx>
						<textoffsety>7</textoffsety>
						<radioposx>369</radioposx>
						<pulseonselect>true</pulseonselect>
						<label>$LOCALIZE[19074]</label>
					</control>
					<control type="edit" id="8">
						<description>Channel name</description>
						<left>0</left>
						<top>0</top>
						<width>400</width>
						<height>40</height>
						<font>FontSize_20</font>
						<textcolor>77white</textcolor>
						<focusedcolor>white</focusedcolor>
						<disabledcolor>33white</disabledcolor>
						<shadowcolor>99000000</shadowcolor>
						<texturefocus>buttons/focus.png</texturefocus>
						<texturenofocus></texturenofocus>
						<align>left</align>
						<aligny>top</aligny>
						<textoffsetx>10</textoffsetx>
						<textoffsety>7</textoffsety>
						<pulseonselect>true</pulseonselect>
						<label>$LOCALIZE[19201]</label>
					</control>
					<control type="group" id="10031">
						<left>0</left>
						<top>0</top>
						<width>400</width>
						<height>40</height>
						<control type="button" id="9">
							<description>Channel logo Button</description>
							<left>0</left>
							<top>0</top>
							<width>400</width>
							<height>40</height>
							<font>FontSize_20</font>
							<textcolor>77white</textcolor>
							<focusedcolor>white</focusedcolor>
							<disabledcolor>33white</disabledcolor>
							<shadowcolor>99000000</shadowcolor>
							<texturefocus>buttons/focus.png</texturefocus>
							<texturenofocus></texturenofocus>
							<align>left</align>
							<aligny>top</aligny>
							<textoffsetx>10</textoffsetx>
							<textoffsety>7</textoffsety>
							<pulseonselect>true</pulseonselect>
							<label>$LOCALIZE[19202]</label>
							<onleft>10020</onleft>
							<onright>10000</onright>
							<onup>8</onup>
							<ondown>12</ondown>
						</control>
						<control type="image" id="10">
							<description>Current Channel Icon</description>
							<left>355</left>
							<top>2</top>
							<width>34</width>
							<height>34</height>
							<aspectratio align="right" aligny="center">keep</aspectratio>
							<texture background="true" fallback="thumbs/fallback_channel_manager_icon.png">$INFO[ListItem.Property(Icon)]</texture>
							<animation effect="fade" start="100" end="50" condition="!Control.HasFocus(9)">Conditional</animation>
						</control>
					</control>
					<control type="radiobutton" id="12">
						<description>EPG activated</description>
						<top>132</top>
						<width>400</width>
						<height>40</height>
						<font>FontSize_20</font>
						<textcolor>77white</textcolor>
						<focusedcolor>white</focusedcolor>
						<disabledcolor>33white</disabledcolor>
						<shadowcolor>99000000</shadowcolor>
						<texturefocus>buttons/focus.png</texturefocus>
						<texturenofocus></texturenofocus>
						<align>left</align>
						<aligny>top</aligny>
						<textoffsetx>10</textoffsetx>
						<textoffsety>7</textoffsety>
						<radioposx>369</radioposx>
						<pulseonselect>true</pulseonselect>
						<label>$LOCALIZE[19206]</label>
					</control>
					<control type="spincontrolex" id="13">
						<description>EPG source</description>
						<top>176</top>
						<width>400</width>
						<height>40</height>
						<font>FontSize_20</font>
						<textcolor>77white</textcolor>
						<focusedcolor>white</focusedcolor>
						<disabledcolor>33white</disabledcolor>
						<shadowcolor>99000000</shadowcolor>
						<texturefocus>buttons/focus.png</texturefocus>
						<texturenofocus></texturenofocus>
						<align>left</align>
						<aligny>top</aligny>
						<textoffsetx>10</textoffsetx>
						<textoffsety>7</textoffsety>
						<spinposx>11</spinposx>
						<pulseonselect>true</pulseonselect>
						<label>$LOCALIZE[19200]</label>
					</control>
					<control type="radiobutton" id="14">
						<description>Parental locked</description>
						<top>220</top>
						<width>400</width>
						<height>40</height>
						<font>FontSize_20</font>
						<textcolor>77white</textcolor>
						<focusedcolor>white</focusedcolor>
						<disabledcolor>33white</disabledcolor>
						<shadowcolor>99000000</shadowcolor>
						<texturefocus>buttons/focus.png</texturefocus>
						<texturenofocus></texturenofocus>
						<align>left</align>
						<aligny>top</aligny>
						<textoffsetx>10</textoffsetx>
						<textoffsety>7</textoffsety>
						<radioposx>369</radioposx>
						<pulseonselect>true</pulseonselect>
						<label>$LOCALIZE[19267]</label>
					</control>
					<control type="button" id="31">
						<description>New Channel Button</description>
						<left>0</left>
						<top>308</top>
						<width>400</width>
						<height>40</height>
						<font>FontSize_20</font>
						<textcolor>77white</textcolor>
						<focusedcolor>white</focusedcolor>
						<disabledcolor>33white</disabledcolor>
						<shadowcolor>99000000</shadowcolor>
						<texturefocus>buttons/focus.png</texturefocus>
						<texturenofocus></texturenofocus>
						<align>left</align>
						<aligny>top</aligny>
						<textoffsetx>10</textoffsetx>
						<textoffsety>7</textoffsety>
						<pulseonselect>true</pulseonselect>
						<label>$LOCALIZE[19204]</label>
					</control>
					<control type="button" id="35">
						<description>Client name</description>
						<top>264</top>
						<width>400</width>
						<height>40</height>
						<font>FontSize_20</font>
						<textcolor>77white</textcolor>
						<focusedcolor>white</focusedcolor>
						<disabledcolor>33white</disabledcolor>
						<shadowcolor>99000000</shadowcolor>
						<texturefocus>buttons/focus.png</texturefocus>
						<texturenofocus></texturenofocus>
						<align>left</align>
						<aligny>top</aligny>
						<textoffsetx>10</textoffsetx>
						<textoffsety>7</textoffsety>
						<pulseonselect>true</pulseonselect>
						<label>$LOCALIZE[19210]:</label>
						<label2>$INFO[ListItem.Property(ClientName)]</label2>
					</control>
				</control>
				<control type="button" id="30">
					<description>Group Manager Button</description>
					<left>649</left>
					<top>514</top>
					<width>400</width>
					<height>40</height>
					<font>FontSize_20B</font>
					<textcolor>77white</textcolor>
					<focusedcolor>white</focusedcolor>
					<disabledcolor>33white</disabledcolor>
					<shadowcolor>99000000</shadowcolor>
					<texturefocus>buttons/focus.png</texturefocus>
					<texturenofocus></texturenofocus>
					<align>center</align>
					<aligny>top</aligny>
					<textoffsetx>10</textoffsetx>
					<textoffsety>7</textoffsety>
					<pulseonselect>true</pulseonselect>
					<label>$LOCALIZE[19205]</label>
					<onleft>34</onleft>
					<onright>10000</onright>
					<onup>10030</onup>
					<ondown>10030</ondown>
				</control>
			</control>

			<!-- Control Buttons -->
			<control type="grouplist" id="10000">
				<left>1070</left>
				<top>400</top>
				<height>168</height>
				<onleft>10010</onleft>
				<onright>10010</onright>
				<align>right</align>
				<defaultcontrol always="true">4</defaultcontrol>
				<control type="button" id="5">
					<description>Apply Changes</description>
					<width>235</width>
					<textwidth>145</textwidth>
					<include>DialogsButtonsText</include>
					<texturefocus border="49,0,49,0">dialogs/buttons/settings_focus.png</texturefocus>
					<texturenofocus border="49,0,49,0">dialogs/buttons/settings_nofocus.png</texturenofocus>
					<label>$LOCALIZE[14070]</label>
				</control>
				<control type="button" id="6">
					<description>Cancel</description>
					<include>DialogsButtonsText</include>
					<texturefocus border="49,0,49,0">dialogs/buttons/cancel_focus.png</texturefocus>
					<texturenofocus border="49,0,49,0">dialogs/buttons/cancel_nofocus.png</texturenofocus>
					<label>$LOCALIZE[222]</label>
				</control>
				<control type="button" id="4">
					<description>Save</description>
					<include>DialogsButtonsText</include>
					<texturefocus border="49,0,49,0">dialogs/buttons/save_focus.png</texturefocus>
					<texturenofocus border="49,0,49,0">dialogs/buttons/save_nofocus.png</texturenofocus>
					<label>$LOCALIZE[190]</label>
				</control>
			</control>
		</control>
	</controls>
</window>
