<?xml version="1.0" encoding="UTF-8"?>
<window  id="126">
	<defaultcontrol always="true">450</defaultcontrol>
  <onload condition="Window.IsActive(networksetup)">SetProperty(ShowDialog,1,home)</onload>
  <onload condition="Window.IsActive(networksetup)">SetProperty(ShowDialog,1)</onload>
  <onunload>ClearProperty(ShowDialog,home)</onunload>
	<controls>
		<control type="group">
      <include>CommonDialogsAnimation</include>
		  <visible>!Window.IsActive(virtualkeyboard) + !Window.IsActive(locksettings) + ![Window.IsActive(networksetup) + !String.IsEmpty(Window.Property(ShowDialog))]</visible>
			<include content="DialogsPanel">
				<param name="group_left" value="260"/>
				<param name="group_top" value="170"/>
				<param name="group_width" value="752"/>
				<param name="body_width" value="752"/>
				<param name="body_height" value="303"/>
				<param name="header_line_width" value="748"/>
				<param name="header_id" value="411"/>
				<param name="header_width" value="670"/>
				<param name="countitems_visible" value="true"/>
			</include>
	    <control type="image">
		    <description>background image</description>
		    <include>FullscreenDimensions</include>
				<texture background="true">dialogs/other/bg_filebrowser.png</texture>
		  </control>
			<control type="label" id="412">
				<description>Path</description>
				<left>280</left>
				<top>235</top>
				<width>715</width>
				<height>30</height>
				<font>FontSize_16B</font>
				<align>left</align>
				<aligny>center</aligny>
				<textcolor>44white</textcolor>
				<shadowcolor>99000000</shadowcolor>
				<scroll>true</scroll>
				<scrollspeed>20</scrollspeed>
			</control>
			<control type="image">
				<description>Large Icon Image</description>
				<left>750</left>
				<top>263</top>
				<width>249</width>
				<height>249</height>
				<aspectratio align="center" aligny="center">keep</aspectratio>
				<texture>$INFO[Listitem.Icon]</texture>
				<bordersize>1</bordersize>
			</control>
					
			<!-- List -->
			<control type="list" id="450">
				<left>278</left>
				<top>262</top>
				<width>467</width>
				<height>255</height>
				<onup>450</onup>
				<onleft>10000</onleft>
				<onright>10000</onright>
				<ondown>450</ondown>
			  <scrolltime tween="quadratic" easing="out">250</scrolltime>
				<itemlayout height="51" width="467">
					<control type="label">
						<left>10</left>
						<top>0</top>
						<width>447</width>
						<height>48</height>
						<info>ListItem.Label</info>
						<font>FontSize_20</font>
						<align>left</align>
						<aligny>center</aligny>
						<textcolor>77white</textcolor>
						<shadowcolor>99000000</shadowcolor>
						<scroll>false</scroll>
					</control>
				</itemlayout>
				<focusedlayout height="51" width="467">
					<control type="image">
						<left>0</left>
						<top>0</top>
						<width>467</width>
						<height>47</height>
						<align>left</align>
						<aligny>center</aligny>
					  <texture>buttons/focus.png</texture>
			      <animation effect="slide" start="0,25" end="0,0" time="200" reversible="false" tween="back" easing="out" condition="Container(450).OnPrevious">focus</animation>
			      <animation effect="slide" start="0,-25" end="0,0" time="200" reversible="false" tween="back" easing="out" condition="Container(450).OnNext">focus</animation>
            <visible>Control.HasFocus(450)</visible>
					</control>
					<control type="label">
						<left>10</left>
						<top>0</top>
						<width>447</width>
						<height>48</height>
						<info>ListItem.Label</info>
						<font>FontSize_20</font>
						<align>left</align>
						<aligny>center</aligny>
						<textcolor>white</textcolor>
						<shadowcolor>99000000</shadowcolor>
						<scroll>true</scroll>
						<scrollspeed>20</scrollspeed>
						<visible>Control.HasFocus(450)</visible>
					</control>
					<control type="label">
						<left>10</left>
						<top>0</top>
						<width>447</width>
						<height>48</height>
						<info>ListItem.Label</info>
						<font>FontSize_20</font>
						<align>left</align>
						<aligny>center</aligny>
						<textcolor>77white</textcolor>
						<shadowcolor>99000000</shadowcolor>
						<scroll>true</scroll>
						<scrollspeed>20</scrollspeed>
						<visible>!Control.HasFocus(450)</visible>
					</control>
				</focusedlayout>
			</control>

	    <!-- Control Buttons -->
		  <control type="grouplist" id="10000">
				<left>1018</left>
				<top>358</top>
				<height>168</height>
				<onleft>450</onleft>
				<onright>450</onright>
				<align>right</align>
				<defaultcontrol always="true">413</defaultcontrol>
	  		<control type="button" id="415">
					<description>New Folder</description>
		      <include>DialogsButtonsText</include>
      		<texturefocus border="49,0,49,0">dialogs/buttons/newfolder_focus.png</texturefocus>
      		<texturenofocus border="49,0,49,0">dialogs/buttons/newfolder_nofocus.png</texturenofocus>
					<label>$LOCALIZE[119]</label>
          <animation effect="fade" start="100" end="50" time="0" condition="!Control.IsEnabled(415)">Conditional</animation>
	  		</control>
	  		<control type="button" id="414">
				  <description>Cancel</description>
		      <include>DialogsButtonsText</include>
	    		<texturefocus border="49,0,49,0">dialogs/buttons/cancel_focus.png</texturefocus>
	    		<texturenofocus border="49,0,49,0">dialogs/buttons/cancel_nofocus.png</texturenofocus>
					<label>$LOCALIZE[222]</label>
	  		</control>
	  		<control type="button" id="413">
					<description>Save</description>
		      <include>DialogsButtonsText</include>
	    		<texturefocus border="49,0,49,0">dialogs/buttons/save_focus.png</texturefocus>
	    		<texturenofocus border="49,0,49,0">dialogs/buttons/save_nofocus.png</texturenofocus>
					<label>$LOCALIZE[190]</label>
	  		</control>
		  </control>
		</control>
	</controls>
</window>
