<?xml version="1.0" encoding="UTF-8"?>
<includes>

	<!-- ==================== -->
	<!-- == Settings Items == -->
	<!-- ==================== -->
	<include name="SettingsContent">
		<item id="1">
			<label>$LOCALIZE[14206]</label>
			<onclick condition="Window.IsActive(playercontrols)">Dialog.Close(playercontrols)</onclick>
			<onclick>ActivateWindow(InterfaceSettings)</onclick>
			<!-- <onclick>ActivateWindow(1128)</onclick> -->
			<icon>icons/big/Interface.png</icon>
		</item>
		<item id="2">
			<label>$LOCALIZE[14211]</label>
			<onclick condition="Window.IsActive(playercontrols)">Dialog.Close(playercontrols)</onclick>
			<onclick>ActivateWindow(MediaSettings)</onclick>
			<icon>icons/big/Media.png</icon>
		</item>
		<item id="3">
			<label>$LOCALIZE[14200]</label>
			<onclick condition="Window.IsActive(playercontrols)">Dialog.Close(playercontrols)</onclick>
			<onclick>ActivateWindow(PlayerSettings)</onclick>
			<icon>icons/big/Player.png</icon>
		</item>
		<item id="4">
			<label>$LOCALIZE[31000]</label>
			<onclick condition="Window.IsActive(playercontrols)">Dialog.Close(playercontrols)</onclick>
			<onclick>ActivateWindow(PVRSettings)</onclick>
			<icon>DefaultLiveTV.png</icon>
		</item>
		<item id="5">
			<label>$LOCALIZE[14036]</label>
			<onclick condition="Window.IsActive(playercontrols)">Dialog.Close(playercontrols)</onclick>
			<onclick>ActivateWindow(ServiceSettings)</onclick>
			<icon>icons/big/Services.png</icon>
		</item>
		<item id="6">
			<label>$LOCALIZE[13000]</label>
			<onclick condition="Window.IsActive(playercontrols)">Dialog.Close(playercontrols)</onclick>
			<onclick>ActivateWindow(SystemSettings)</onclick>
			<icon>icons/big/System.png</icon>
		</item>
		<item id="7">
			<label>$LOCALIZE[24001]</label>
			<onclick condition="Window.IsActive(playercontrols)">Dialog.Close(playercontrols)</onclick>
			<onclick>ActivateWindow(AddonBrowser,return)</onclick>
			<icon>DefaultAddon.png</icon>
		</item>
		<item id="8">
			<label>$LOCALIZE[13200]</label>
			<onclick condition="Window.IsActive(playercontrols)">Dialog.Close(playercontrols)</onclick>
			<onclick>ActivateWindow(Profiles)</onclick>
			<icon>icons/big/Profiles.png</icon>
		</item>
		<item id="9">
			<label>$LOCALIZE[130]</label>
			<onclick condition="Window.IsActive(playercontrols)">Dialog.Close(playercontrols)</onclick>
			<onclick>ActivateWindow(SystemInfo)</onclick>
			<icon>icons/big/SystemInfo.png</icon>
		</item>
		<item id="10">
			<label>$LOCALIZE[166]</label>
			<onclick condition="Window.IsActive(playercontrols)">Dialog.Close(playercontrols)</onclick>
			<onclick>ActivateWindow(SkinSettings)</onclick>
			<icon>icons/big/Skin.png</icon>
		</item>
	</include>


	<!-- ==================== -->
	<!-- == QuickNav Items == -->
	<!-- ==================== -->
	<include name="QuickNavContent">
		<item id="1">
			<label>$LOCALIZE[20342]</label>
			<icon>DefaultMovies.png</icon>
			<onclick>Dialog.Close(PlayerControls)</onclick>
			<onclick condition="!Library.HasContent(movies)">ActivateWindow(videos,files,return)</onclick>
			<onclick condition="Library.HasContent(movies)">ActivateWindow(videos,movietitles,return)</onclick>
			<visible>!Skin.HasSetting(QuickNavMoviesButton)</visible>
		</item>
		<item id="2">
			<label>$LOCALIZE[31241]</label>
			<icon>DefaultRecentlyAddedMovies.png</icon>
			<onclick>Dialog.Close(PlayerControls)</onclick>
			<onclick>ActivateWindow(Videos,RecentlyAddedMovies,return)</onclick>
			<visible>Library.HasContent(Movies)</visible>
			<visible>!Skin.HasSetting(QuickNavRecentMoviesButton)</visible>
		</item>
		<item id="3">
			<label>$LOCALIZE[31002]</label>
			<icon>DefaultTVShows.png</icon>
			<onclick>Dialog.Close(PlayerControls)</onclick>
			<onclick condition="!Library.HasContent(tvshows)">ActivateWindow(videos,files,return)</onclick>
			<onclick condition="Library.HasContent(tvshows)">ActivateWindow(videos,tvshowtitles,return)</onclick>
			<visible>!Skin.HasSetting(QuickNavTVShowsButton)</visible>
		</item>
		<item id="4">
			<label>$LOCALIZE[31242]</label>
			<icon>DefaultRecentlyAddedEpisodes.png</icon>
			<onclick>Dialog.Close(PlayerControls)</onclick>
			<onclick>ActivateWindow(Videos,RecentlyAddedEpisodes,return)</onclick>
			<visible>Library.HasContent(TVShows)</visible>
			<visible>!Skin.HasSetting(QuickNavRecentTVShowsButton)</visible>
		</item>
		<item id="5">
			<label>$LOCALIZE[2]</label>
			<icon>DefaultAudio.png</icon>
			<onclick>Dialog.Close(PlayerControls)</onclick>
			<onclick condition="!Library.HasContent(music)">ActivateWindow(music,files,return)</onclick>
			<onclick condition="Library.HasContent(music)">ActivateWindow(music,return)</onclick>
			<visible>!Skin.HasSetting(QuickNavMusicButton)</visible>
		</item>
		<item id="6">
			<label>$LOCALIZE[31243]</label>
			<icon>DefaultMusicRecentlyAdded.png</icon>
			<onclick>Dialog.Close(PlayerControls)</onclick>
			<onclick>ActivateWindow(Music,RecentlyAddedAlbums,return)</onclick>
			<visible>Library.HasContent(Music)</visible>
			<visible>!Skin.HasSetting(QuickNavRecentMusicButton)</visible>
		</item>
		<item id="7">
			<label>$LOCALIZE[3]</label>
			<icon>DefaultVideo.png</icon>
			<onclick>Dialog.Close(PlayerControls)</onclick>
			<onclick>ActivateWindow(videos,files,return)</onclick>
			<visible>!Skin.HasSetting(QuickNavVideosButton)</visible>
		</item>
		<item id="8">
			<label>$LOCALIZE[1]</label>
			<icon>DefaultPicture.png</icon>
			<onclick>Dialog.Close(PlayerControls)</onclick>
			<onclick>ActivateWindow(Pictures)</onclick>
			<visible>!Skin.HasSetting(QuickNavPicturesButton)</visible>
		</item>
		<item id="9">
			<label>$LOCALIZE[24001]</label>
			<icon>DefaultAddon.png</icon>
			<onclick>Dialog.Close(PlayerControls)</onclick>
			<onclick>ActivateWindow(AddonBrowser)</onclick>
			<visible>!Skin.HasSetting(QuickNavAddonsButton)</visible>
		</item>
		<item id="10">
			<label>$LOCALIZE[31000]</label>
			<icon>DefaultLiveTV.png</icon>
			<onclick>Dialog.Close(PlayerControls)</onclick>
			<onclick>ActivateWindow(TVChannels)</onclick>
			<visible>System.HasPVRAddon</visible>
			<visible>!Skin.HasSetting(QuickNavLiveTVButton)</visible>
		</item>
		<item id="15">
			<label>$LOCALIZE[31380]</label>
			<icon>icons/big/Media.png</icon>
			<onclick>Dialog.Close(PlayerControls)</onclick>
			<onclick>RunScript(script.skin.helper.service,action=setskinsetting,setting=UpdateLibraries,header=$LOCALIZE[31380])</onclick>
			<visible>[System.HasAddon(script.skin.helper.service) + [Library.HasContent(Movies) | Library.HasContent(TVShows) | Library.HasContent(MusicVideos) | Library.HasContent(Music)]] + !Skin.HasSetting(UpdateLibrariesButton)</visible>
		</item>
		<item id="16">
			<label>$LOCALIZE[589]</label>
			<icon>icons/big/PartyMode.png</icon>
			<onclick>Dialog.Close(PlayerControls)</onclick>
			<onclick>ActivateWindow(Music,Songs,return)</onclick>
			<onclick>PlayerControl(PartyMode)</onclick>
			<!-- <onclick>AlarmClock(PartyMode,PlayerControl(PartyMode),00:01,silent)</onclick> -->
			<!-- <onclick>AlarmClock(GoFullscreen,Action(Fullscreen),00:02,silent)</onclick> -->
			<visible>!Skin.HasSetting(QuickNavPartyModeButton)</visible>
		</item>
		<item id="17">
			<label>$LOCALIZE[1036]</label>
			<icon>icons/big/Favourites.png</icon>
			<onclick>Dialog.Close(PlayerControls)</onclick>
			<onclick>ActivateWindow(Favourites)</onclick>
			<visible>!Skin.HasSetting(QuickNavFavouritesButton)</visible>
		</item>
		<item id="18">
			<label>$LOCALIZE[31016]</label>
			<icon>icons/big/FileManager.png</icon>
			<onclick>Dialog.Close(PlayerControls)</onclick>
			<onclick>ActivateWindow(FileManager)</onclick>
			<visible>!Skin.HasSetting(QuickNavFileManagerButton)</visible>
		</item>
		<item id="19">
			<label>$LOCALIZE[137]</label>
			<icon>DefaultAddonsSearch.png</icon>
			<onclick>PreviousMenu</onclick>
			<onclick>RunScript(script.globalsearch)</onclick>
			<visible>!Skin.HasSetting(QuickNavSearchButton)</visible>
		</item>
		<item id="20">
			<label>$LOCALIZE[5]</label>
			<icon>icons/big/Settings.png</icon>
			<onclick>Dialog.Close(PlayerControls)</onclick>
			<onclick>ActivateWindow(Settings)</onclick>
			<visible>!Skin.HasSetting(QuickNavSettingsButton)</visible>
		</item>
		<item id="21">
			<label>$LOCALIZE[10035]</label>
			<icon>icons/big/Skin.png</icon>
			<onclick>Dialog.Close(PlayerControls)</onclick>
			<onclick>ActivateWindow(SkinSettings)</onclick>
			<visible>!Skin.HasSetting(QuickNavSkinSettingsButton)</visible>
		</item>
		<item id="22">
			<label>$LOCALIZE[13005]</label>
			<icon>icons/big/Shutdown.png</icon>
			<onclick>Dialog.Close(PlayerControls)</onclick>
			<onclick>Powerdown()</onclick>
			<visible>System.CanPowerDown</visible>
			<visible>!Skin.HasSetting(QuickNavShutdownButton)</visible>
		</item>
	</include>


	<!-- ================== -->
	<!-- == Custom Items == -->
	<!-- ================== -->
	<include name="CustomItems_Item">
		<item>
			<label>$INFO[Skin.String(CustomItem.$PARAM[ItemIndex].Label)]</label>
			<thumb>$INFO[Skin.String(CustomItem.$PARAM[ItemIndex].Thumb)]</thumb>
			<onclick condition="Window.IsActive(playercontrols)">Dialog.Close(playercontrols)</onclick>
			<onclick>$INFO[Skin.String(CustomItem.$PARAM[ItemIndex].Path)]</onclick>
			<visible>!String.IsEmpty(Skin.String(CustomItem.$PARAM[ItemIndex].Path))</visible>
		</item>
	</include>

	<include name="CustomItems">
		<include content="CustomItems_Item">
			<param name="ItemIndex" value="1" />
		</include>
		<include content="CustomItems_Item">
			<param name="ItemIndex" value="2" />
		</include>
		<include content="CustomItems_Item">
			<param name="ItemIndex" value="3" />
		</include>
		<include content="CustomItems_Item">
			<param name="ItemIndex" value="4" />
		</include>
		<include content="CustomItems_Item">
			<param name="ItemIndex" value="5" />
		</include>
		<include content="CustomItems_Item">
			<param name="ItemIndex" value="6" />
		</include>
		<include content="CustomItems_Item">
			<param name="ItemIndex" value="7" />
		</include>
		<include content="CustomItems_Item">
			<param name="ItemIndex" value="8" />
		</include>
		<include content="CustomItems_Item">
			<param name="ItemIndex" value="9" />
		</include>
		<include content="CustomItems_Item">
			<param name="ItemIndex" value="10" />
		</include>
	</include>


	<!-- =================== -->
	<!-- == Weather Items == -->
	<!-- =================== -->
	<include name="Weather10Days_Item">
		<item>
			<thumb>resource://resource.images.weathericons.default/$INFO[Window(Weather).Property(Daily.$PARAM[DailyIndex].OutlookIcon)]</thumb>
			<label>$INFO[Window(Weather).Property(Daily.$PARAM[DailyIndex].LongDay)]</label>
			<label2>$INFO[Window(Weather).Property(Daily.$PARAM[DailyIndex].LongDate)]</label2>
			<property name="WindSpeed">[COLOR=ddC6C6C8]$LOCALIZE[383]:[/COLOR] $LOCALIZE[31227] $INFO[Window(Weather).Property(Daily.$PARAM[DailyIndex].WindDirection)] $LOCALIZE[31228] $INFO[Window(Weather).Property(Daily.$PARAM[DailyIndex].WindSpeed)]</property>
			<property name="Outlook">$INFO[Window(Weather).Property(Daily.$PARAM[DailyIndex].Outlook)]</property>
			<property name="HighTemperature">$INFO[Window(Weather).Property(Daily.$PARAM[DailyIndex].HighTemperature)]</property>
			<property name="LowTemperature">$INFO[Window(Weather).Property(Daily.$PARAM[DailyIndex].LowTemperature)]</property>
			<property name="FeelsLike">[COLOR=ddC6C6C8]$LOCALIZE[402]:[/COLOR] $INFO[Window(Weather).Property(Daily.$PARAM[DailyIndex].FeelsLike)]</property>
			<property name="DewPointAndHumidity">[COLOR=ddC6C6C8]$LOCALIZE[405]:[/COLOR] $INFO[Window(Weather).Property(Daily.$PARAM[DailyIndex].DewPoint)]$COMMA [COLOR=ddC6C6C8]$LOCALIZE[33023]:[/COLOR] $INFO[Window(Weather).Property(Daily.$PARAM[DailyIndex].Humidity)]</property>
			<property name="Cloudiness">$INFO[Window(Weather).Property(Daily.$PARAM[DailyIndex].Cloudiness),[COLOR=ddC6C6C8]$LOCALIZE[31236]: [/COLOR]]</property>
			<onclick condition="!WIndow.IsVisible(Weather)">ActivateWindow(Weather)</onclick>
			<visible>![String.IsEmpty(Window(Weather).Property(Daily.IsFetched)) | String.IsEmpty(Window(weather).Property(Daily.$PARAM[DailyIndex].Outlook))]</visible>
		</item>
	</include>

	<include name="Weather10Days_Forecast">
		<include content="Weather10Days_Item">
			<param name="DailyIndex" value="2" />
		</include>
		<include content="Weather10Days_Item">
			<param name="DailyIndex" value="3" />
		</include>
		<include content="Weather10Days_Item">
			<param name="DailyIndex" value="4" />
		</include>
		<include content="Weather10Days_Item">
			<param name="DailyIndex" value="5" />
		</include>
		<include content="Weather10Days_Item">
			<param name="DailyIndex" value="6" />
		</include>
		<include content="Weather10Days_Item">
			<param name="DailyIndex" value="7" />
		</include>
		<include content="Weather10Days_Item">
			<param name="DailyIndex" value="8" />
		</include>
		<include content="Weather10Days_Item">
			<param name="DailyIndex" value="9" />
		</include>
		<include content="Weather10Days_Item">
			<param name="DailyIndex" value="10" />
		</include>
		<include content="Weather10Days_Item">
			<param name="DailyIndex" value="11" />
		</include>
	</include>


</includes>