<?xml version="1.0" encoding="UTF-8"?>
<includes>

	<!-- ============= -->
	<!-- Home SubMenus -->
	<!-- ============= -->
	<include name="HomeSubMenus_Layout">
		<left>0</left>
		<top>0</top>
		<width>$PARAM[label_width]</width>
		<height>$PARAM[label_height]</height>
		<align>left</align>
		<aligny>center</aligny>
		<font>$PARAM[fontsize]</font>
		<textcolor>$PARAM[textcolor]</textcolor>
		<shadowcolor>55000000</shadowcolor>
		<label>$INFO[ListItem.label]</label>
	</include>

	<include name="HomeSubMenus_ListVars">
		<left>46</left>
		<top>425</top>
		<width>1950</width>
		<height>125</height>
		<onup>20</onup>
		<ondown>20</ondown>
		<onleft>23</onleft>
		<onright>23</onright>
		<onback>20</onback>
		<focusposition>0</focusposition>
		<preloaditems>4</preloaditems>
		<orientation>horizontal</orientation>
		<scrolltime tween="quadratic" easing="out">250</scrolltime>
		<include>HomeMenu_OpenCloseSlideAnimation</include>
		<include>VisibleHiddenSlideAnimation</include>
		<animation type="Conditional" condition="Control.HasFocus(23)">
			<effect type="slide" start="0,-20" end="0,0" time="200" tween="sine" easing="out"/>
			<effect type="fade" start="0" end="100" time="100"/>
		</animation>
		<animation type="Conditional" condition="!Control.HasFocus(23)">
			<effect type="slide" start="0,0" end="0,-20" time="200" tween="sine" easing="out"/>
			<effect type="fade" start="100" end="0" time="100"/>
		</animation>
		<itemlayout width="197" height="43">
			<control type="label">
				<include content="HomeSubMenus_Layout">
					<param name="label_width" value="195"/>
					<param name="label_height" value="37"/>
					<param name="fontsize" value="FontSize_22"/>
					<param name="textcolor" value="66white"/>
				</include>
			</control>
		</itemlayout>
		<focusedlayout width="250" height="43">
			<control type="label">
				<include content="HomeSubMenus_Layout">
					<param name="label_width" value="250"/>
					<param name="label_height" value="30"/>
					<param name="fontsize" value="FontSize_34"/>
					<param name="textcolor" value="white"/>
				</include>
			</control>
		</focusedlayout>
	</include>

	<!-- SubMenus Lists -->
	<include name="HomeSubMenus">
		<include>skinshortcuts-template-submenus</include>
		<control type="image">
			<left>0</left>
			<top>465</top>
			<width>1280</width>
			<height>4</height>
			<aspectratio>stretch</aspectratio>
			<texture background="true">windows/home/submenus_line.png</texture>
			<include>HomeMenu_OpenCloseSlideAnimation</include>
			<include>VisibleHiddenSlideAnimation</include>
			<animation type="Conditional" condition="Control.HasFocus(23)">
				<effect type="slide" start="0,-20" end="0,0" time="200" tween="sine" easing="out"/>
				<effect type="fade" start="0" end="100" time="200"/>
			</animation>
			<animation type="Conditional" condition="!Control.HasFocus(23)">
				<effect type="slide" start="0,0" end="0,-20" time="200" tween="sine" easing="out"/>
				<effect type="fade" start="100" end="0" time="200"/>
			</animation>
		</control>
	</include>


	<!-- ================================ -->
	<!-- 	== Context Menu Content Info == -->
	<!-- ================================ -->
	<include name="ContextMenuContentInfo">
		<control type="group">
			<left>105</left>
			<top>25</top>
			<include>OpenCloseSlideAnimation</include>
			<visible>!Window.IsVisible(LockSettings) + !Window.IsVisible(ProfileSettings) + !Window.IsVisible(LoginScreen) + !Window.IsVisible(Profiles) + !Window.IsVisible(MyPVRChannels.xml) + !Window.IsVisible(MyPVRGuide.xml) + !Window.IsVisible(MyPVRRecordings.xml) + !Window.IsVisible(MyPVRSearch.xml) + !Window.IsVisible(MyPVRTimers.xml)</visible>
			<control type="grouplist">
				<left>0</left>
				<top>0</top>
				<height>70</height>
				<width>1000</width>
				<align>left</align>
				<aligny>center</aligny>
				<itemgap>20</itemgap>
				<orientation>horizontal</orientation>
				<control type="label">
					<include>TopBigLabel</include>
					<label>31009</label>
				</control>
				<control type="label">
					<include>TopSmallLabel</include>
					<label>3</label>
					<visible>!Container.Content(Movies) + !Container.Content(TVShows) + !Container.Content(Seasons) + !Container.Content(Episodes) + !Window.IsVisible(Music) + !String.Contains(Container.FolderPath,addons://) + !Window.IsVisible(Favourites)</visible>
				</control>
				<control type="label">
					<include>TopSmallLabel</include>
					<label>342</label>
					<visible>Container.Content(Movies)</visible>
				</control>
				<control type="label">
					<include>TopSmallLabel</include>
					<label>31002</label>
					<visible>Container.Content(TVShows) | Container.Content(Seasons) | Container.Content(Episodes)</visible>
				</control>
				<control type="label">
					<include>TopSmallLabel</include>
					<label>33054</label>
					<visible>Container.Content(Seasons)</visible>
				</control>
				<control type="label">
					<include>TopSmallLabel</include>
					<label>20360</label>
					<visible>Container.Content(Episodes)</visible>
				</control>
				<control type="label">
					<include>TopSmallLabel</include>
					<label>2</label>
					<visible>Window.IsVisible(Music) + ![String.StartsWith(Container.FolderPath,special://musicplaylists/) | String.EndsWith(Container.FolderPath,.m3u) | String.EndsWith(Container.FolderPath,.xsp)]</visible>
				</control>
				<control type="label">
					<include>TopSmallLabel</include>
					<label>$LOCALIZE[2] $LOCALIZE[559]</label>
					<visible>String.StartsWith(Container.FolderPath,special://musicplaylists/) | String.EndsWith(Container.FolderPath,.m3u) | String.EndsWith(Container.FolderPath,.xsp)</visible>
				</control>
				<control type="label">
					<include>TopSmallLabel</include>
					<label>24001</label>
					<visible>String.Contains(Container.FolderPath,addons://) + !Window.IsVisible(Music)</visible>
				</control>
				<control type="label">
					<include>TopSmallLabel</include>
					<label>24048</label>
					<visible>Window.IsVisible(AddonInformation)</visible>
					<visible>String.Contains(Container.FolderPath,addons://) + !Window.IsVisible(Music)</visible>
				</control>
			</control>
		</control>
	</include>

	<include name="ContextMenuContentInfoWindows">
		<control type="group">
			<left>105</left>
			<top>25</top>
			<include>OpenCloseSlideAnimation</include>
			<visible>!Window.IsVisible(LockSettings)</visible>
			<control type="grouplist">
				<left>0</left>
				<top>0</top>
				<height>70</height>
				<width>1000</width>
				<align>left</align>
				<aligny>center</aligny>
				<itemgap>20</itemgap>
				<orientation>horizontal</orientation>
				<control type="label">
					<include>TopBigLabel</include>
					<label>31009</label>
				</control>
				<control type="label">
					<include>TopSmallLabel</include>
					<label>13200</label>
					<visible>Window.IsVisible(Profiles)</visible>
				</control>
				<control type="label">
					<include>TopSmallLabel</include>
					<label>10029</label>
					<visible>Window.IsVisible(LoginScreen)</visible>
				</control>
				<control type="label">
					<include>TopSmallLabel</include>
					<label>31000</label>
					<visible>Window.IsVisible(MyPVRChannels.xml) | Window.IsVisible(MyPVRGuide.xml) | Window.IsVisible(MyPVRRecordings.xml) | Window.IsVisible(MyPVRSearch.xml) | Window.IsVisible(MyPVRTimers.xml)</visible>
				</control>
			</control>
		</control>
	</include>

	<include name="ContextMenuContentInfoFavourites">
		<control type="group">
			<left>105</left>
			<top>25</top>
			<include>OpenCloseSlideAnimation</include>
			<control type="grouplist">
				<left>0</left>
				<top>0</top>
				<height>70</height>
				<width>1000</width>
				<align>left</align>
				<aligny>center</aligny>
				<itemgap>20</itemgap>
				<orientation>horizontal</orientation>
				<control type="label">
					<include>TopBigLabel</include>
					<label>31009</label>
				</control>
				<control type="label">
					<include>TopSmallLabel</include>
					<label>1036</label>
				</control>
			</control>
		</control>
	</include>



	<!-- ================== -->
	<!-- == Context Menu == -->
	<!-- ================== -->
	<include name="ContextCoordinates">
		<coordinates>
			<left>0</left>
			<top>0</top>
			<origin x="0" y="0">true</origin>
		</coordinates>
	</include>

	<include name="ContextMenuDefault">
		<control type="image" id="999">
			<description>background image</description>
			<left>0</left>
			<top>0</top>
			<width>480</width>
			<height>409</height>
			<texture></texture>
			<aspectratio aligny="center">stretch</aspectratio>
			<visible>false</visible>
		</control>
		<control type="grouplist" id="996">
			<left>0</left>
			<top>0</top>
			<width>480</width>
			<height max="406">auto</height>
			<itemgap>0</itemgap>
			<onleft>Close</onleft>
			<onright>Close</onright>
			<animation effect="fade" start="0" end="100" time="250" reversible="true">WindowOpen</animation>
			<animation effect="fade" start="100" end="0" time="200" reversible="true">WindowClose</animation>
		</control>
		<control type="button" id="1000">
			<description>button template</description>
			<width>480</width>
			<height>45</height>
			<font>FontSize_22</font>
			<textcolor>77white</textcolor>
			<focusedcolor>white</focusedcolor>
			<disabledcolor>33white</disabledcolor>
			<shadowcolor>99000000</shadowcolor>
			<align>center</align>
			<aligny>top</aligny>
			<textwidth>430</textwidth>
			<textoffsetx>23</textoffsetx>
			<textoffsety>7</textoffsety>
			<texturefocus border="1">dialogs/menus/contextmenu_default_fo.png</texturefocus>
			<texturenofocus></texturenofocus>
		</control>
	</include>

	<include name="ContextMenuOnTopLeft">
		<control type="group">
			<left>30</left>
			<include>OpenCloseSlideAnimation</include>
			<control type="image" id="997">
				<left>0</left>
				<top>13</top>
				<width>405</width>
				<height>75</height>
				<texture>dialogs/menus/topmenus_context.png</texture>
				<aspectratio aligny="center">stretch</aspectratio>
			</control>
			<control type="image" id="999">
				<description>background image</description>
				<width>405</width>
				<height>703</height>
				<texture></texture>
				<aspectratio aligny="center">stretch</aspectratio>
			</control>
		</control>
		<control type="grouplist" id="996">
			<left>30</left>
			<top>88</top>
			<width>405</width>
			<height max="620">auto</height>
			<itemgap>0</itemgap>
			<onleft>Close</onleft>
			<onright>Close</onright>
			<include>OpenCloseSlideAnimation</include>
			<control type="button" id="1000">
				<description>button template</description>
				<include>TopLeftMenusButton</include>
			</control>
			<control type="button" id="992">
				<label>$LOCALIZE[31010]</label>
				<include>TopLeftMenusButton</include>
				<onclick>RunScript(script.skinshortcuts,type=manage&amp;nolabels=True&amp;group=mainmenu)</onclick>
				<visible>Window.IsVisible(Home) + ![Window.IsActive(PlayerControls) | Window.IsActive(favourites) | Window.IsActive(script-globalsearch.xml)]</visible>
			</control>
			<include>OptionsTopMenuEnd</include>
		</control>
	</include>


	<!-- ========================== -->
	<!-- == PVR OSD Content Info == -->
	<!-- ========================== -->
	<include name="PVROSDContentInfo">
		<control type="grouplist">
			<left>105</left>
			<top>25</top>
			<height>70</height>
			<width>1000</width>
			<align>left</align>
			<aligny>center</aligny>
			<itemgap>15</itemgap>
			<orientation>horizontal</orientation>
			<visible>![Window.IsActive(PVRGuideInfo) | Window.IsActive(PVRRecordingInfo)]</visible>
			<include>CommonDialogsAnimation</include>
			<control type="label">
				<include>TopBigLabel</include>
				<label>$VAR[PVRContentInfo]</label>
			</control>
			<control type="label">
				<include>TopSmallLabel</include>
				<label>$VAR[OSDPVRChannelsGroupLabel,]$INFO[Container(11).NumItems, (,)]</label>
				<visible>Window.IsVisible(PVROSDChannels)</visible>
			</control>
			<control type="label">
				<include>TopSmallLabel</include>
				<label>$INFO[VideoPlayer.ChannelName]</label>
				<visible>Window.IsVisible(PVRChannelGuide)</visible>
			</control>
		</control>
	</include>

	<!-- ========================== -->
	<!-- == PVR OSD EPGuide Menu == -->
	<!-- ========================== -->
	<include name="PVRGuideOSDMenu">
		<control type="group">
			<left>30</left>
			<top>25</top>
			<include>CommonDialogsAnimation</include>
			<visible>![Window.IsActive(PVRGuideInfo) | Window.IsActive(PVRRecordingInfo)]</visible>
			<control type="image">
				<left>0</left>
				<top>-12</top>
				<width>480</width>
				<height>75</height>
				<texture>dialogs/menus/topmenus_pvr_guide.png</texture>
				<aspectratio>stretch</aspectratio>
			</control>
			<control type="image">
				<left>0</left>
				<top>63</top>
				<width>480</width>
				<height>518</height>
				<texture>dialogs/menus/topmenus_pvr_empty.png</texture>
				<aspectratio>stretch</aspectratio>
			</control>
			<control type="image">
				<left>0</left>
				<top>581</top>
				<width>480</width>
				<height>22</height>
				<texture>dialogs/menus/bottom_pvr.png</texture>
				<aspectratio>stretch</aspectratio>
			</control>
			<control type="list" id="11">
				<left>15</left>
				<top>58</top>
				<width>450</width>
				<height>534</height>
				<itemgap>0</itemgap>
				<onleft>close</onleft>
				<onright>close</onright>
				<preloaditems>2</preloaditems>
				<viewtype label="535">list</viewtype>
				<scrolltime tween="cubic" easing="out">350</scrolltime>
				<itemlayout height="89" width="450">
					<control type="label">
						<left>8</left>
						<top>0</top>
						<width>440</width>
						<height>39</height>
						<font>FontSize_18</font>
						<textcolor>viewsinfo</textcolor>
						<label>$INFO[ListItem.StartDate]</label>
					</control>
					<control type="group">
						<width>60</width>
						<control type="label">
							<left>0</left>
							<top>20</top>
							<width>60</width>
							<height>47</height>
							<align>right</align>
							<font>FontSize_18B</font>
							<textcolor>viewsinfo</textcolor>
							<label>$INFO[ListItem.StartTime]</label>
						</control>
					</control>
					<control type="image">
						<left>30</left>
						<top>45</top>
						<width>40</width>
						<height>40</height>
						<aspectratio>keep</aspectratio>
						<texture>windows/pvr/rec_epg.png</texture>
						<visible>ListItem.IsRecording</visible>
					</control>
					<control type="image">
						<left>38</left>
						<top>52</top>
						<width>26</width>
						<height>24</height>
						<colordiffuse>viewsinfo</colordiffuse>
						<aspectratio>keep</aspectratio>
						<texture>windows/pvr/timer_epg.png</texture>
						<animation effect="slide" start="0,0" end="-28,0" condition="ListItem.IsRecording">Conditional</animation>
						<visible>ListItem.HasTimer</visible>
					</control>
					<control type="image">
						<left>68</left>
						<top>35</top>
						<width>1</width>
						<height>38</height>
						<colordiffuse>viewsinfo</colordiffuse>
						<texture>windows/bg/white.png</texture>
					</control>
					<control type="label">
						<left>77</left>
						<top>20</top>
						<width>370</width>
						<height>47</height>
						<font>FontSize_18B</font>
						<textcolor>viewsinfo</textcolor>
						<label>$INFO[ListItem.Label]</label>
					</control>
					<control type="label">
						<left>77</left>
						<top>40</top>
						<width>370</width>
						<height>47</height>
						<font>FontSize_18</font>
						<textcolor>viewsinfo</textcolor>
						<label>$INFO[ListItem.Genre]</label>
					</control>
					<control type="image">
						<left>2</left>
						<top>86</top>
						<width>446</width>
						<height>1</height>
						<colordiffuse>22FFFFFF</colordiffuse>
						<texture>windows/bg/white.png</texture>
					</control>
				</itemlayout>
				<focusedlayout height="89" width="450">
					<control type="label">
						<left>8</left>
						<top>0</top>
						<width>440</width>
						<height>39</height>
						<font>FontSize_18</font>
						<textcolor>white</textcolor>
						<label>$INFO[ListItem.StartDate]</label>
					</control>
					<control type="group">
						<width>60</width>
						<control type="label">
							<left>0</left>
							<top>20</top>
							<width>60</width>
							<height>47</height>
							<align>right</align>
							<font>FontSize_18B</font>
							<textcolor>white</textcolor>
							<label>$INFO[ListItem.StartTime]</label>
						</control>
					</control>
					<control type="image">
						<left>30</left>
						<top>45</top>
						<width>40</width>
						<height>40</height>
						<aspectratio>keep</aspectratio>
						<texture>windows/pvr/rec_epg.png</texture>
						<visible>ListItem.IsRecording</visible>
					</control>
					<control type="image">
						<left>38</left>
						<top>52</top>
						<width>26</width>
						<height>24</height>
						<aspectratio>keep</aspectratio>
						<texture>windows/pvr/timer_epg.png</texture>
						<animation effect="slide" start="0,0" end="-28,0" condition="ListItem.IsRecording">Conditional</animation>
						<visible>ListItem.HasTimer</visible>
					</control>
					<control type="image">
						<left>68</left>
						<top>35</top>
						<width>1</width>
						<height>38</height>
						<texture>windows/bg/white.png</texture>
					</control>
					<control type="label">
						<left>77</left>
						<top>20</top>
						<width>370</width>
						<height>47</height>
						<font>FontSize_18B</font>
						<textcolor>white</textcolor>
						<label>$INFO[ListItem.Label]</label>
					</control>
					<control type="label">
						<left>77</left>
						<top>40</top>
						<width>370</width>
						<height>47</height>
						<font>FontSize_18</font>
						<textcolor>white</textcolor>
						<label>$INFO[ListItem.Genre]</label>
					</control>
					<control type="image">
						<left>2</left>
						<top>86</top>
						<width>446</width>
						<height>1</height>
						<colordiffuse>22FFFFFF</colordiffuse>
						<texture>windows/bg/white.png</texture>
					</control>
				</focusedlayout>
			</control>
		</control>
	</include>

	<!-- =========================== -->
	<!-- == PVR OSD Channels Menu == -->
	<!-- =========================== -->
	<include name="PVRChannelsOSDMenu">
		<control type="group">
			<left>30</left>
			<top>25</top>
			<include>CommonDialogsAnimation</include>
			<visible>![Window.IsActive(PVRGuideInfo) | Window.IsActive(PVRRecordingInfo)]</visible>
			<control type="image">
				<left>0</left>
				<top>-12</top>
				<width>480</width>
				<height>75</height>
				<texture>dialogs/menus/topmenus_pvr_channels.png</texture>
				<aspectratio>stretch</aspectratio>
			</control>
			<control type="image">
				<left>0</left>
				<top>63</top>
				<width>480</width>
				<height>518</height>
				<texture>dialogs/menus/topmenus_pvr_empty.png</texture>
				<aspectratio>stretch</aspectratio>
			</control>
			<control type="image">
				<left>0</left>
				<top>581</top>
				<width>480</width>
				<height>22</height>
				<texture>dialogs/menus/bottom_pvr.png</texture>
				<aspectratio>stretch</aspectratio>
			</control>
			<control type="list" id="11">
				<left>15</left>
				<top>58</top>
				<width>450</width>
				<height>534</height>
				<itemgap>0</itemgap>
				<onleft>PreviousChannelGroup</onleft>
				<onright>NextChannelGroup</onright>
				<preloaditems>2</preloaditems>
				<viewtype label="535">list</viewtype>
				<scrolltime tween="cubic" easing="out">350</scrolltime>
				<itemlayout height="89" width="450">
					<control type="label">
						<left>10</left>
						<top>0</top>
						<width>440</width>
						<height>39</height>
						<font>FontSize_18B</font>
						<textcolor>viewsinfo</textcolor>
						<label>$INFO[ListItem.ChannelNumberLabel,#,. ]$INFO[ListItem.Label]</label>
						<animation effect="slide" start="0,0" end="0,22" condition="String.IsEmpty(ListItem.Title)">Conditional</animation>
					</control>
					<control type="image">
						<left>0</left>
						<top>24</top>
						<width>59</width>
						<height>59</height>
						<colordiffuse>viewsinfo</colordiffuse>
						<aspectratio align="center" aligny="center">keep</aspectratio>
						<texture fallback="thumbs/fallback_channel_manager_icon.png">$INFO[ListItem.Icon]</texture>
						<bordersize>9</bordersize>
						<visible>!String.IsEmpty(ListItem.Title)</visible>
					</control>
					<control type="image">
						<left>60</left>
						<top>33</top>
						<width>1</width>
						<height>41</height>
						<colordiffuse>viewsinfo</colordiffuse>
						<texture>windows/bg/white.png</texture>
						<visible>!String.IsEmpty(ListItem.Title)</visible>
					</control>
					<!-- DISABLED
					<control type="image">
						<left>60</left>
						<top>33</top>
						<width>1</width>
						<height>41</height>
						<colordiffuse>$VAR[Textures.GlobalColor]</colordiffuse>
						<texture>windows/bg/white.png</texture>
						<visible>ListItem.IsPlaying</visible>
						<visible>!String.IsEmpty(ListItem.Title)</visible>
					</control>
					-->
					<control type="image">
						<left>61</left>
						<top>25</top>
						<width>36</width>
						<height>36</height>
						<aspectratio>keep</aspectratio>
						<texture>windows/pvr/rec_epg.png</texture>
						<visible>ListItem.IsRecording</visible>
					</control>
					<control type="image">
						<left>66</left>
						<top>50</top>
						<width>26</width>
						<height>24</height>
						<colordiffuse>viewsinfo</colordiffuse>
						<aspectratio>keep</aspectratio>
						<texture>windows/pvr/timer_epg.png</texture>
						<visible>ListItem.HasTimer | ListItem.HasTimerSchedule</visible>
					</control>
					<control type="label">
						<left>71</left>
						<top>20</top>
						<width>375</width>
						<height>45</height>
						<font>FontSize_18</font>
						<textcolor>viewsinfo</textcolor>
						<label>$INFO[ListItem.Title]</label>
						<animation effect="slide" start="0,0" end="20,0" condition="ListItem.IsRecording">Conditional</animation>
					</control>
					<control type="label">
						<left>69</left>
						<top>40</top>
						<width>350</width>
						<height>45</height>
						<font>FontSize_18</font>
						<textcolor>viewsinfo</textcolor>
						<label>$INFO[ListItem.StartTime]$INFO[ListItem.EndTime, - ,]</label>
						<animation effect="slide" start="0,0" end="20,0" condition="ListItem.HasTimer | ListItem.HasTimerSchedule">Conditional</animation>
					</control>
					<!-- DISABLED
					<control type="image">
						<left>408</left>
						<top>16</top>
						<width>36</width>
						<height>36</height>
						<aspectratio>stretch</aspectratio>
						<colordiffuse>viewsinfo</colordiffuse>
						<texture>$VAR[PVRTimeProgress]</texture>
						<visible>ListItem.HasEpg</visible>
					</control>
					-->
					<control type="image">
						<left>2</left>
						<top>86</top>
						<width>446</width>
						<height>1</height>
						<colordiffuse>22FFFFFF</colordiffuse>
						<texture>windows/bg/white.png</texture>
					</control>
				</itemlayout>
				<focusedlayout height="89" width="450">
					<control type="label">
						<left>10</left>
						<top>0</top>
						<width>440</width>
						<height>39</height>
						<font>FontSize_18B</font>
						<textcolor>white</textcolor>
						<label>$INFO[ListItem.ChannelNumberLabel,#,. ]$INFO[ListItem.Label]</label>
						<animation effect="slide" start="0,0" end="0,22" condition="String.IsEmpty(ListItem.Title)">Conditional</animation>
					</control>
					<control type="image">
						<left>0</left>
						<top>24</top>
						<width>59</width>
						<height>59</height>
						<aspectratio align="center" aligny="center">keep</aspectratio>
						<texture fallback="thumbs/fallback_channel_manager_icon.png">$INFO[ListItem.Icon]</texture>
						<bordersize>9</bordersize>
						<visible>!String.IsEmpty(ListItem.Title)</visible>
					</control>
					<control type="image">
						<left>60</left>
						<top>33</top>
						<width>1</width>
						<height>41</height>
						<texture>windows/bg/white.png</texture>
						<visible>!String.IsEmpty(ListItem.Title)</visible>
					</control>
					<!-- DISABLED
					<control type="image">
						<left>60</left>
						<top>33</top>
						<width>1</width>
						<height>41</height>
						<colordiffuse>$VAR[Textures.GlobalColor]</colordiffuse>
						<texture>windows/bg/white.png</texture>
						<visible>ListItem.IsPlaying</visible>
						<visible>!String.IsEmpty(ListItem.Title)</visible>
					</control>
					-->
					<control type="image">
						<left>61</left>
						<top>25</top>
						<width>36</width>
						<height>36</height>
						<aspectratio>keep</aspectratio>
						<texture>windows/pvr/rec_epg.png</texture>
						<visible>ListItem.IsRecording</visible>
					</control>
					<control type="image">
						<left>66</left>
						<top>50</top>
						<width>26</width>
						<height>24</height>
						<aspectratio>keep</aspectratio>
						<texture>windows/pvr/timer_epg.png</texture>
						<visible>ListItem.HasTimer | ListItem.HasTimerSchedule</visible>
					</control>
					<control type="label">
						<left>71</left>
						<top>20</top>
						<width>375</width>
						<height>45</height>
						<font>FontSize_18</font>
						<textcolor>white</textcolor>
						<label>$INFO[ListItem.Title]</label>
						<animation effect="slide" start="0,0" end="20,0" condition="ListItem.IsRecording">Conditional</animation>
					</control>
					<control type="label">
						<left>69</left>
						<top>40</top>
						<width>350</width>
						<height>45</height>
						<font>FontSize_18</font>
						<textcolor>white</textcolor>
						<label>$INFO[ListItem.StartTime]$INFO[ListItem.EndTime, - ,]</label>
						<animation effect="slide" start="0,0" end="20,0" condition="ListItem.HasTimer | ListItem.HasTimerSchedule">Conditional</animation>
					</control>
					<!-- DISABLED
					<control type="group">
						<description>Progress</description>
						<visible>ListItem.HasEpg</visible>
						<left>408</left>
						<top>16</top>
						<control type="image">
							<width>36</width>
							<height>36</height>
							<aspectratio>stretch</aspectratio>
							<texture>windows/pvr/clock_progress/back.png</texture>
						</control>
						<control type="image">
							<width>36</width>
							<height>36</height>
							<aspectratio>stretch</aspectratio>
							<texture>$VAR[PVRTimeProgress]</texture>
						</control>
					</control>
					-->
					<control type="image">
						<left>2</left>
						<top>86</top>
						<width>446</width>
						<height>1</height>
						<colordiffuse>22FFFFFF</colordiffuse>
						<texture>windows/bg/white.png</texture>
					</control>
				</focusedlayout>
			</control>
		</control>
	</include>

	<!-- ====================================== -->
	<!-- == Context Menu PVR Channel Manager == -->
	<!-- ====================================== -->
	<include name="ContextMenuPVRChannelManager">
		<control type="image" id="999">
			<description>background image</description>
			<left>0</left>
			<top>0</top>
			<width>350</width>
			<height>304</height>
			<texture></texture>
			<aspectratio aligny="center">stretch</aspectratio>
			<visible>false</visible>
		</control>
		<control type="grouplist" id="996">
			<left>0</left>
			<top>0</top>
			<width>350</width>
			<height max="294">auto</height>
			<itemgap>0</itemgap>
			<onleft>Close</onleft>
			<onright>Close</onright>
			<animation effect="fade" start="0" end="100" time="250" reversible="true">WindowOpen</animation>
			<animation effect="fade" start="100" end="0" time="200" reversible="true">WindowClose</animation>
		</control>
		<control type="button" id="1000">
			<description>button template</description>
			<width>350</width>
			<height>45</height>
			<font>FontSize_22</font>
			<textcolor>77white</textcolor>
			<focusedcolor>white</focusedcolor>
			<disabledcolor>33white</disabledcolor>
			<shadowcolor>99000000</shadowcolor>
			<align>center</align>
			<aligny>top</aligny>
			<textwidth>320</textwidth>
			<textoffsetx>23</textoffsetx>
			<textoffsety>7</textoffsety>
			<texturefocus border="1">dialogs/menus/contextmenu_default_fo.png</texturefocus>
			<texturenofocus></texturenofocus>
		</control>
	</include>
</includes>
