<?xml version="1.0" encoding="UTF-8"?>
<includes>

	<include name="OSDProgressBar">
		<animation effect="slide" start="0,0" end="180,0" condition="[VideoPlayer.Content(Movies) + !String.IsEmpty(Player.Art(poster))] | [VideoPlayer.Content(Files) + !String.IsEmpty(Player.Art(poster))] | [VideoPlayer.Content(Episodes) + !String.IsEmpty(Player.Art(tvshow.poster))] | VideoPlayer.Content(LiveTV) | Player.HasAudio">Conditional</animation>
		<control type="progress" id="1">
			<description>ProgressbarCache</description>
			<include condition="Player.HasAudio">OSDProgressWidthSmall</include>
			<include condition="Pvr.IsPlayingTv | Pvr.IsPlayingRadio">OSDProgressWidthSmall</include>
			<include condition="String.IsEmpty(Player.Art(poster)) + String.IsEmpty(Player.Art(tvshow.poster))">OSDProgressWidthBig</include>
			<include condition="!String.IsEmpty(Player.Art(poster))">OSDProgressWidthSmall</include>
			<include condition="!String.IsEmpty(Player.Art(tvshow.poster))">OSDProgressWidthSmall</include>
			<height>6</height>
			<reveal>true</reveal>
			<info>Player.ProgressCache</info>
			<colordiffuse>$VAR[Textures.GlobalColor]</colordiffuse>
			<animation effect="fade" start="100" end="30" condition="true">Conditional</animation>
		</control>
		<control type="progress" id="1">
			<description>Progressbar</description>
			<include condition="Player.HasAudio">OSDProgressWidthSmall</include>
			<include condition="Pvr.IsPlayingTv | Pvr.IsPlayingRadio">OSDProgressWidthSmall</include>
			<include condition="String.IsEmpty(Player.Art(poster)) + String.IsEmpty(Player.Art(tvshow.poster))">OSDProgressWidthBig</include>
			<include condition="!String.IsEmpty(Player.Art(poster))">OSDProgressWidthSmall</include>
			<include condition="!String.IsEmpty(Player.Art(tvshow.poster))">OSDProgressWidthSmall</include>
			<height>6</height>
			<reveal>true</reveal>
			<info>Player.Progress</info>
			<colordiffuse>$VAR[Textures.GlobalColor]</colordiffuse>
		</control>
		<control type="slider" id="1">
			<left>-3</left>
			<top>-7</top>
			<include condition="Player.HasAudio">OSDProgressSliderWidthSmall</include>
			<include condition="Pvr.IsPlayingTv | Pvr.IsPlayingRadio">OSDProgressSliderWidthSmall</include>
			<include condition="String.IsEmpty(Player.Art(poster)) + String.IsEmpty(Player.Art(tvshow.poster))">OSDProgressSliderWidthBig</include>
			<include condition="!String.IsEmpty(Player.Art(poster))">OSDProgressSliderWidthSmall</include>
			<include condition="!String.IsEmpty(Player.Art(tvshow.poster))">OSDProgressSliderWidthSmall</include>
			<!-- <width>1192</width> -->
			<height>7</height>
			<orientation>horizontal</orientation>
			<texturesliderbar border="1">osd/progressbar/progress_bg.png</texturesliderbar>
			<textureslidernib border="1">osd/progressbar/progress_nib.png</textureslidernib>
			<textureslidernibfocus border="1">osd/progressbar/progress_nib.png</textureslidernibfocus>
			<info>Player.Progress</info>
			<action>seek</action>
			<colordiffuse>$VAR[Textures.GlobalColor]</colordiffuse>
		</control>
	</include>

	<include name="PlayerPoster">
		<control type="image" id="1">
			<width>165</width>
			<height>240</height>
			<aspectratio align="center" aligny="center" scalediffuse="false">scale</aspectratio>
			<texture background="true" diffuse="thumbs/poster_diffuse.png">$VAR[PlayerArtPoster]</texture>
			<fadetime>IconCrossfadeTime</fadetime>
		</control>
		<control type="image" id="1">
			<description>paused indicator</description>
			<width>165</width>
			<height>240</height>
			<aspectratio align="center" aligny="center" scalediffuse="false">scale</aspectratio>
			<texture background="true" diffuse="thumbs/poster_diffuse.png">osd/paused-overlay.png</texture>
			<visible>Player.Paused</visible>
			<animation type="conditional" condition="Player.Paused" reversible="false">
				<effect type="fade" start="0" end="100" time="350"/>
			</animation>
			<include>PlayerStatusFadeOverlay</include>
		</control>
		<control type="image" id="1">
			<description>ff indicator</description>
			<width>165</width>
			<height>240</height>
			<aspectratio align="center" aligny="center" scalediffuse="false">scale</aspectratio>
			<texture background="true" diffuse="thumbs/poster_diffuse.png">osd/ff-overlay.png</texture>
			<visible>Player.Forwarding</visible>
			<animation type="conditional" condition="Player.Forwarding" reversible="false">
				<effect type="fade" start="0" end="100" time="350"/>
			</animation>
			<include>PlayerStatusFadeOverlay</include>
		</control>
		<control type="image" id="1">
			<description>rw indicator</description>
			<width>165</width>
			<height>240</height>
			<aspectratio align="center" aligny="center" scalediffuse="false">scale</aspectratio>
			<texture background="true" diffuse="thumbs/poster_diffuse.png">osd/rw-overlay.png</texture>
			<visible>Player.Rewinding</visible>
			<animation type="conditional" condition="Player.Rewinding" reversible="false">
				<effect type="fade" start="0" end="100" time="350"/>
			</animation>
			<include>PlayerStatusFadeOverlay</include>
		</control>
		<control type="image" id="1">
			<width>165</width>
			<height>240</height>
			<aspectratio align="center" aligny="center">stretch</aspectratio>
			<texture background="true" border="1">thumbs/poster_overlay.png</texture>
		</control>
	</include>

	<include name="PlayerSquare">
		<control type="image" id="1">
			<width>165</width>
			<height>165</height>
			<aspectratio align="center" aligny="center" scalediffuse="false">keep</aspectratio>
			<texture background="true" diffuse="osd/cd_diffuse.png" fallback="osd/cd.png">$INFO[Player.FolderPath]cdart.png</texture>
			<visible>Player.HasAudio + !Player.IsInternetStream</visible>
			<include>CDImageAnim</include>
		</control>
		<control type="image" id="1">
			<width>165</width>
			<height>165</height>
			<aspectratio align="center" aligny="center">stretch</aspectratio>
			<texture background="true" diffuse="thumbs/square_diffuse_small.png">thumbs/thumb_back.png</texture>
		</control>
		<control type="image" id="1">
			<width>165</width>
			<height>165</height>
			<aspectratio align="center" aligny="center" scalediffuse="false">scale</aspectratio>
			<texture background="true" diffuse="thumbs/square_diffuse_small.png" fallback="DefaultAudio.png">$INFO[Player.Art(thumb)]</texture>
			<fadetime>IconCrossfadeTime</fadetime>
			<visible>Player.HasAudio</visible>
		</control>
		<control type="image" id="1">
			<width>165</width>
			<height>165</height>
			<aspectratio align="center" aligny="center" scalediffuse="false">keep</aspectratio>
			<texture background="true" diffuse="thumbs/square_diffuse_small.png" fallback="DefaultLiveTV.png">$INFO[Pvr.EPGEventIcon]</texture>
			<fadetime>IconCrossfadeTime</fadetime>
			<visible>VideoPlayer.Content(LiveTV) + !String.IsEmpty(Pvr.EPGEventIcon)</visible>
		</control>
		<control type="image" id="1">
			<width>165</width>
			<height>165</height>
			<aspectratio align="center" aligny="center" scalediffuse="false">keep</aspectratio>
			<texture background="true" diffuse="thumbs/square_diffuse_small.png" fallback="DefaultLiveTV.png">$INFO[Player.Art(thumb)]</texture>
			<fadetime>IconCrossfadeTime</fadetime>
			<visible>VideoPlayer.Content(LiveTV) + String.IsEmpty(Pvr.EPGEventIcon)</visible>
		</control>
		<control type="image" id="1">
			<description>paused indicator</description>
			<width>165</width>
			<height>165</height>
			<aspectratio align="center" aligny="center" scalediffuse="false">scale</aspectratio>
			<texture background="true" diffuse="thumbs/square_diffuse_small.png">osd/paused-overlay.png</texture>
			<visible>Player.Paused</visible>
			<animation type="conditional" condition="Player.Paused" reversible="false">
				<effect type="fade" start="0" end="80" time="350"/>
			</animation>
			<include>PlayerStatusFadeOverlay</include>
		</control>
		<control type="image" id="1">
			<description>ff indicator</description>
			<width>165</width>
			<height>165</height>
			<aspectratio align="center" aligny="center" scalediffuse="false">scale</aspectratio>
			<texture background="true" diffuse="thumbs/square_diffuse_small.png">osd/ff-overlay.png</texture>
			<visible>Player.Forwarding</visible>
			<animation type="conditional" condition="Player.Forwarding" reversible="false">
				<effect type="fade" start="0" end="80" time="350"/>
			</animation>
			<include>PlayerStatusFadeOverlay</include>
		</control>
		<control type="image" id="1">
			<description>rw indicator</description>
			<width>165</width>
			<height>165</height>
			<aspectratio align="center" aligny="center" scalediffuse="false">scale</aspectratio>
			<texture background="true" diffuse="thumbs/square_diffuse_small.png">osd/rw-overlay.png</texture>
			<visible>Player.Rewinding</visible>
			<animation type="conditional" condition="Player.Rewinding" reversible="false">
				<effect type="fade" start="0" end="80" time="350"/>
			</animation>
			<include>PlayerStatusFadeOverlay</include>
		</control>
		<control type="image" id="1">
			<width>165</width>
			<height>165</height>
			<aspectratio align="center" aligny="center">stretch</aspectratio>
			<texture background="true" border="1">thumbs/square_overlay_small.png</texture>
		</control>
	</include>

	<include name="SeekBarSimple">
		<control type="image" id="1">
			<left>-24</left>
			<top>-15</top>
			<width>346</width>
			<height>125</height>
			<texture background="true" border="1">osd/OSD_seekbar_bg.png</texture>
		</control>
		<control type="grouplist" id="1">
			<left>0</left>
			<top>0</top>
			<width>295</width>
			<height>500</height>
			<orientation>horizontal</orientation>
			<control type="label" id="1">
				<description>Time Elapsed</description>
				<width>110</width>
				<height>95</height>
				<font>FontSize_24</font>
				<textcolor>88white</textcolor>
				<shadowcolor>77000000</shadowcolor>
				<align>right</align>
				<aligny>center</aligny>
				<label>$VAR[DialogSeekBarTime]+</label>
			</control>
			<control type="group" id="1">
				<width>72</width>
				<control type="image" id="1">
					<left>-14.5</left>
					<top>-3</top>
					<width>100</width>
					<height>100</height>
					<colordiffuse>99white</colordiffuse>
					<aspectratio>keep</aspectratio>
					<texture background="true" border="5">$INFO[Control.GetLabel($PARAM[progressbar_id]),osd/progress/p,.png]</texture>
					<visible>![Player.Caching | Player.Forwarding | Player.Rewinding | Integer.IsGreater(PVR.ChannelNumberInput,0)]</visible>
				</control>
			</control>
			<control type="label" id="1">
				<description>Time Remaining</description>
				<width>110</width>
				<height>95</height>
				<font>FontSize_24</font>
				<textcolor>88white</textcolor>
				<shadowcolor>77000000</shadowcolor>
				<align>left</align>
				<aligny>center</aligny>
				<label>-$INFO[Player.TimeRemaining]</label>
			</control>
		</control>
		<control type="image" id="1">
			<left>100.5</left>
			<top>-3</top>
			<width>100</width>
			<height>100</height>
			<colordiffuse>99white</colordiffuse>
			<aspectratio>keep</aspectratio>
			<texture background="true" border="5">osd/progress/0.png</texture>
			<visible>Player.Caching | Player.Forwarding | Player.Rewinding | Integer.IsGreater(PVR.ChannelNumberInput,0)</visible>
		</control>
		<control type="label" id="1">
			<left>117</left>
			<top>28</top>
			<width>68</width>
			<height>40</height>
			<font>FontSize_22B</font>
			<textcolor>99white</textcolor>
			<shadowcolor>77000000</shadowcolor>
			<align>center</align>
			<aligny>center</aligny>
			<label>$VAR[DialogSeekBarLabelSimple]</label>
		</control>
	</include>

	<include name="VideoOSDStyleDefault">


		<!-- ================= -->
		<!-- == Top Buttons == -->
		<!-- ================= -->
		<control type="group">
			<left>45</left>
			<top>25</top>
			<include>CommonDialogsAnimation</include>
			<visible>Player.HasVideo + !Window.IsActive(ShutdownMenu) + !Window.IsActive(favourites) + !Window.IsActive(NumericInput) + !Window.IsActive(SliderDialog) + !Window.IsActive(videobookmarks) + !Window.IsActive(PVROSDChannels) + !Window.IsActive(PVRChannelGuide)</visible>
			<!-- Buttons -->
			<control type="grouplist" id="1000">
				<left>0</left>
				<top>0</top>
				<height>0</height>
				<width>1190</width>
				<itemgap>20</itemgap>
				<onleft>1000</onleft>
				<onright>1000</onright>
				<onup>100</onup>
				<ondown>100</ondown>
				<orientation>horizontal</orientation>
				<control type="group" id="998">
					<width>30</width>
					<include>Logo</include>
				</control>
				<control type="label" id="999">
					<include>TopBigLabel</include>
					<label>$LOCALIZE[33063]:</label>
				</control>
				<control type="button" id="1001">
					<description>Video Settings</description>
					<include>TopMenuButton</include>
					<label>$LOCALIZE[157]</label>
					<onclick>ActivateWindow(OSDVideoSettings)</onclick>
				</control>
				<control type="button" id="1002">
					<description>Audio Settings</description>
					<include>TopMenuButton</include>
					<label>$LOCALIZE[292]</label>
					<onclick>ActivateWindow(OSDAudioSettings)</onclick>
				</control>
				<control type="togglebutton" id="1003">
					<description>Bookmarks</description>
					<include>TopMenuButton</include>
					<label>$LOCALIZE[298]</label>
					<onclick>ActivateWindow(VideoBookmarks)</onclick>
					<visible>!VideoPlayer.Content(LiveTV)</visible>
				</control>
				<control type="button" id="1004">
					<description>Subtitles</description>
					<include>TopMenuButton</include>
					<label>$LOCALIZE[287]</label>
					<onclick>ActivateWindow(OSDSubtitleSettings)</onclick>
					<visible>!VideoPlayer.Content(LiveTV) | VideoPlayer.HasSubtitles</visible>
				</control>
				<control type="button" id="1005">
					<description>PVR Channels</description>
					<include>TopMenuButton</include>
					<label>$LOCALIZE[19019]</label>
					<onclick>ActivateWindow(PVROSDChannels)</onclick>
					<visible>VideoPlayer.Content(LiveTV)</visible>
				</control>
				<control type="button" id="1006">
					<description>PVR Guide</description>
					<include>TopMenuButton</include>
					<label>$LOCALIZE[19069]</label>
					<onclick>ActivateWindow(PVRChannelGuide)</onclick>
					<visible>VideoPlayer.Content(LiveTV)</visible>
				</control>
				<control type="button" id="1007">
					<description>Teletext</description>
					<include>TopMenuButton</include>
					<label>$LOCALIZE[31034]</label>
					<onclick>ActivateWindow(Teletext)</onclick>
					<visible>VideoPlayer.Content(LiveTV)</visible>
				</control>
			</control>
		</control>
	</include>

	<include name="VideoOSDStyleSimple">
		<control type="group">
			<include>FullscreenDimensions</include>
			<include>OSDAnimationSide</include>
			<visible>!Window.IsActive(SliderDialog) + !Window.IsActive(OSDSubtitleSettings) + !Window.IsActive(OSDVideoSettings) + !Window.IsActive(OSDAudioSettings) + !Window.IsActive(VideoBookmarks) + !Window.IsActive(SelectDialog) + !Window.IsActive(SubtitleSearch) + !Window.IsActive(ShutdownMenu) + !Window.IsActive(favourites) + !Window.IsActive(NumericInput) + !Window.IsActive(PVROSDChannels) + !Window.IsActive(PVRChannelGuide) + !Window.IsActive(TextViewer)</visible>
			<!-- Player Controls - General -->
			<control type="grouplist" id="100">
				<right>37</right>
				<top>0</top>
				<width>64</width>
				<height>720</height>
				<itemgap>-8</itemgap>
				<onleft>Close</onleft>
				<onright>190</onright>
				<onup>100</onup>
				<ondown>100</ondown>
				<align>center</align>
				<aligny>center</aligny>
				<orientation>vertical</orientation>
				<include>OSDControlsSimpleAnimationGeneral</include>
				<control type="button" id="114">
					<include>OSDControlsButtonBig</include>
					<texturefocus colordiffuse="$VAR[Textures.GlobalColor]">osd/subtitles_fo.png</texturefocus>
					<texturenofocus>osd/subtitles_nf.png</texturenofocus>
					<onclick>ActivateWindow(OSDSubtitleSettings)</onclick>
					<visible>!VideoPlayer.Content(LiveTV) | VideoPlayer.HasSubtitles</visible>
				</control>
				<control type="button" id="110">
					<include>OSDControlsButtonBig</include>
					<texturefocus colordiffuse="$VAR[Textures.GlobalColor]">osd/rec_fo.png</texturefocus>
					<texturenofocus>osd/rec_nf.png</texturenofocus>
					<onclick>PlayerControl(Record)</onclick>
					<enable>Player.CanRecord</enable>
					<visible>VideoPlayer.Content(LiveTV)</visible>
				</control>
				<control type="button" id="108">
					<include>OSDControlsButtonBig</include>
					<texturefocus colordiffuse="$VAR[Textures.GlobalColor]">osd/channelUP_fo.png</texturefocus>
					<texturenofocus>osd/channelUP_nf.png</texturenofocus>
					<onclick>PlayerControl(Previous)</onclick>
					<visible>VideoPlayer.Content(LiveTV)</visible>
				</control>
				<control type="button" id="109">
					<include>OSDControlsButtonBig</include>
					<texturefocus colordiffuse="$VAR[Textures.GlobalColor]">osd/channelDOWN_fo.png</texturefocus>
					<texturenofocus>osd/channelDOWN_nf.png</texturenofocus>
					<onclick>PlayerControl(Next)</onclick>
					<visible>VideoPlayer.Content(LiveTV)</visible>
				</control>
				<control type="button" id="101">
					<include>OSDControlsButtonBig</include>
					<texturefocus colordiffuse="$VAR[Textures.GlobalColor]">osd/previous_fo.png</texturefocus>
					<texturenofocus>osd/previous_nf.png</texturenofocus>
					<onclick>PlayerControl(Previous)</onclick>
					<visible>!VideoPlayer.Content(LiveTV)</visible>
				</control>
				<control type="button" id="102">
					<include>OSDControlsButtonBig</include>
					<texturefocus colordiffuse="$VAR[Textures.GlobalColor]">osd/rw_fo.png</texturefocus>
					<texturenofocus>osd/rw_nf.png</texturenofocus>
					<onclick>PlayerControl(Rewind)</onclick>
					<enable>Player.SeekEnabled</enable>
					<animation effect="fade" start="100" end="50" time="100" condition="!Player.SeekEnabled">Conditional</animation>
				</control>
				<control type="togglebutton" id="103">
					<include>OSDControlsButtonBig</include>
					<texturefocus colordiffuse="$VAR[Textures.GlobalColor]">osd/pause_fo.png</texturefocus>
					<texturenofocus>osd/pause_nf.png</texturenofocus>
					<usealttexture>Player.Paused | Player.Forwarding | Player.Rewinding</usealttexture>
					<alttexturefocus colordiffuse="$VAR[Textures.GlobalColor]">osd/play_fo.png</alttexturefocus>
					<alttexturenofocus>osd/play_nf.png</alttexturenofocus>
					<onclick>PlayerControl(Play)</onclick>
					<visible>!VideoPlayer.Content(LiveTV)</visible>
				</control>
				<control type="togglebutton" id="111">
					<include>OSDControlsButtonBig</include>
					<texturefocus colordiffuse="$VAR[Textures.GlobalColor]">osd/pause_fo.png</texturefocus>
					<texturenofocus>osd/pause_nf.png</texturenofocus>
					<usealttexture>Player.Paused | Player.Forwarding | Player.Rewinding</usealttexture>
					<alttexturefocus colordiffuse="$VAR[Textures.GlobalColor]">osd/play_fo.png</alttexturefocus>
					<alttexturenofocus>osd/play_nf.png</alttexturenofocus>
					<enable>Player.PauseEnabled</enable>
					<onclick>PlayerControl(Play)</onclick>
					<visible>VideoPlayer.Content(LiveTV)</visible>
					<animation effect="fade" start="100" end="50" time="100" condition="!Player.PauseEnabled">Conditional</animation>
				</control>
				<control type="button" id="104">
					<include>OSDControlsButtonBig</include>
					<texturefocus colordiffuse="$VAR[Textures.GlobalColor]">osd/stop_fo.png</texturefocus>
					<texturenofocus>osd/stop_nf.png</texturenofocus>
					<onclick>PlayerControl(Stop)</onclick>
				</control>
				<control type="button" id="105">
					<include>OSDControlsButtonBig</include>
					<texturefocus colordiffuse="$VAR[Textures.GlobalColor]">osd/ff_fo.png</texturefocus>
					<texturenofocus>osd/ff_nf.png</texturenofocus>
					<onclick>PlayerControl(Forward)</onclick>
					<enable>Player.SeekEnabled</enable>
					<animation effect="fade" start="100" end="50" time="100" condition="!Player.SeekEnabled">Conditional</animation>
				</control>
				<control type="button" id="106">
					<include>OSDControlsButtonBig</include>
					<texturefocus colordiffuse="$VAR[Textures.GlobalColor]">osd/next_fo.png</texturefocus>
					<texturenofocus>osd/next_nf.png</texturenofocus>
					<onclick>PlayerControl(Next)</onclick>
					<visible>!VideoPlayer.Content(LiveTV)</visible>
				</control>
				<control type="button" id="112">
					<include>OSDControlsButtonBig</include>
					<texturefocus colordiffuse="$VAR[Textures.GlobalColor]">osd/3d_fo.png</texturefocus>
					<texturenofocus>osd/3d_nf.png</texturenofocus>
					<onclick>NextStereoMode</onclick>
					<visible>VideoPlayer.IsStereoscopic</visible>
				</control>
			</control>
			<!-- Player Controls - Options -->
			<control type="grouplist" id="190">
				<right>37</right>
				<top>0</top>
				<width>64</width>
				<height>720</height>
				<itemgap>-8</itemgap>
				<onleft>100</onleft>
				<onright>Close</onright>
				<onup>190</onup>
				<ondown>190</ondown>
				<onback>left</onback>
				<align>center</align>
				<aligny>center</aligny>
				<orientation>vertical</orientation>
				<include>OSDControlsSimpleAnimationOptions</include>
				<control type="button" id="188">
					<include>OSDControlsButtonBig</include>
					<texturefocus colordiffuse="$VAR[Textures.GlobalColor]">osd/simple_setting_hor_fo.png</texturefocus>
					<texturenofocus>osd/simple_setting_hor_nf.png</texturenofocus>
					<onclick>Action(back)</onclick>
					<onclick>Skin.SetString(FullScreenVideoStyle,1)</onclick>
					<onclick>ActivateWindow(1110)</onclick>
				</control>
					<control type="button" id="191">
					<include>OSDControlsButtonBig</include>
					<texturefocus colordiffuse="$VAR[Textures.GlobalColor]">osd/3d_fo.png</texturefocus>
					<texturenofocus>osd/3d_nf.png</texturenofocus>
					<onclick>NextStereoMode</onclick>
					<visible>VideoPlayer.IsStereoscopic</visible>
				</control>
				<control type="button" id="192">
					<include>OSDControlsButtonBig</include>
					<texturefocus colordiffuse="$VAR[Textures.GlobalColor]">osd/dvd_fo.png</texturefocus>
					<texturenofocus>osd/dvd_nf.png</texturenofocus>
					<onclick>PlayerControl(ShowVideoMenu)</onclick>
					<visible>VideoPlayer.HasMenu</visible>
				</control>
				<control type="button" id="193">
					<include>OSDControlsButtonBig</include>
					<texturefocus colordiffuse="$VAR[Textures.GlobalColor]">osd/video_fo.png</texturefocus>
					<texturenofocus>osd/video_nf.png</texturenofocus>
					<onclick>ActivateWindow(OSDVideoSettings)</onclick>
				</control>
				<control type="button" id="194">
					<include>OSDControlsButtonBig</include>
					<texturefocus colordiffuse="$VAR[Textures.GlobalColor]">osd/audio_fo.png</texturefocus>
					<texturenofocus>osd/audio_nf.png</texturenofocus>
					<onclick>ActivateWindow(OSDAudioSettings)</onclick>
				</control>
				<control type="button" id="195">
					<include>OSDControlsButtonBig</include>
					<texturefocus colordiffuse="$VAR[Textures.GlobalColor]">osd/bookmarks_fo.png</texturefocus>
					<texturenofocus>osd/bookmarks_nf.png</texturenofocus>
					<onclick>ActivateWindow(VideoBookmarks)</onclick>
					<visible>!VideoPlayer.Content(LiveTV)</visible>
				</control>
				<control type="button" id="196">
					<include>OSDControlsButtonBig</include>
					<texturefocus colordiffuse="$VAR[Textures.GlobalColor]">osd/pvr_channels_fo.png</texturefocus>
					<texturenofocus>osd/pvr_channels_nf.png</texturenofocus>
					<onclick>ActivateWindow(PVROSDChannels)</onclick>
					<visible>VideoPlayer.Content(LiveTV)</visible>
				</control>
				<control type="button" id="197">
					<include>OSDControlsButtonBig</include>
					<texturefocus colordiffuse="$VAR[Textures.GlobalColor]">osd/pvr_guide_fo.png</texturefocus>
					<texturenofocus>osd/pvr_guide_nf.png</texturenofocus>
					<onclick>ActivateWindow(PVRChannelGuide)</onclick>
					<visible>VideoPlayer.Content(LiveTV)</visible>
				</control>
				<control type="button" id="198">
					<include>OSDControlsButtonBig</include>
					<texturefocus colordiffuse="$VAR[Textures.GlobalColor]">osd/pvr_teletext_fo.png</texturefocus>
					<texturenofocus>osd/pvr_teletext_nf.png</texturenofocus>
					<onclick>ActivateWindow(Teletext)</onclick>
					<visible>VideoPlayer.Content(LiveTV)</visible>
				</control>
				<control type="button" id="199">
					<include>OSDControlsButtonBig</include>
					<texturefocus colordiffuse="$VAR[Textures.GlobalColor]">osd/audio_profiles_fo.png</texturefocus>
					<texturenofocus>osd/audio_profiles_nf.png</texturenofocus>
					<onclick>Close</onclick>
					<onclick>RunScript(script.audio.profiles,0)</onclick>
					<visible>System.HasAddon(script.audio.profiles)</visible>
				</control>
				<control type="button" id="188">
					<include>OSDControlsButtonBig</include>
					<texturefocus colordiffuse="$VAR[Textures.GlobalColor]">osd/res_fo.png</texturefocus>
					<texturenofocus>osd/res_nf.png</texturenofocus>
					<onclick>PlayerResolutionSelect</onclick>
					<visible>Player.HasResolutions</visible>
				</control>
			</control>
			<!-- Arrow -->
			<control type="grouplist">
				<left>630</left>
				<top>385</top>
				<width>1280</width>
				<height>720</height>
				<align>center</align>
				<aligny>center</aligny>
				<orientation>horizontal</orientation>
				<animation effect="rotate" start="0" end="90" center="1270,360" condition="true">Conditional</animation>
				<animation effect="slide" start="0,0" end="0,-35" delay="140" time="250" tween="quadratic" easing="out" condition="!ControlGroup(190).HasFocus">Conditional</animation>
				<control type="image">
					<width>16</width>
					<height>16</height>
					<aspectratio>stretch</aspectratio>
					<texture background="true">icons/submenu_arrow.png</texture>
					<colordiffuse>viewsinfo</colordiffuse>
				</control>
				<control type="label">
					<width min="0" max="720">auto</width>
					<height>15</height>
					<font>FontSize_15B</font>
					<label>$LOCALIZE[22082]</label>
					<textcolor>viewsinfo</textcolor>
					<shadowcolor>77000000</shadowcolor>
					<scroll>false</scroll>
				</control>
			</control>
		</control>
	</include>

	<include name="MusicOSDStyleDefault">
		<!-- Player Controls -->
		<control type="group">
			<include>OSDAnimation</include>
			<visible>!Window.IsActive(AddonSettings) + !Window.IsActive(SelectDialog) + !Window.IsActive(busydialog) + !Window.IsActive(VisualisationPresetList) + !Window.IsActive(script-cu-lrclyrics-main.xml) + !Window.IsActive(1112) + !Window.IsActive(ShutdownMenu) + !Window.IsActive(favourites)</visible>
			<control type="grouplist" id="100">
				<right>40</right>
				<top>585</top>
				<width>505</width>
				<height>58</height>
				<itemgap>-8</itemgap>
				<onleft>100</onleft>
				<onright>100</onright>
				<onup>1000</onup>
				<ondown>1000</ondown>
				<align>right</align>
				<orientation>horizontal</orientation>
				<control type="button" id="115">
					<include>OSDControlsButton</include>
					<texturefocus colordiffuse="$VAR[Textures.GlobalColor]">osd/simple_setting_ver_fo.png</texturefocus>
					<texturenofocus>osd/simple_setting_ver_nf.png</texturenofocus>
					<onclick>Action(back)</onclick>
					<onclick>Skin.SetString(FullScreenMusicStyle,2)</onclick>
					<onclick>ActivateWindow(1110)</onclick>
				</control>
				<control type="button" id="108">
					<include>OSDControlsButton</include>
					<texturefocus colordiffuse="$VAR[Textures.GlobalColor]">osd/audio_profiles_fo.png</texturefocus>
					<texturenofocus>osd/audio_profiles_nf.png</texturenofocus>
					<onclick>Close</onclick>
					<onclick>RunScript(script.audio.profiles,0)</onclick>
					<visible>System.HasAddon(script.audio.profiles)</visible>
				</control>
				<control type="button" id="101">
					<include>OSDControlsButton</include>
					<texturefocus colordiffuse="$VAR[Textures.GlobalColor]">osd/previous_fo.png</texturefocus>
					<texturenofocus>osd/previous_nf.png</texturenofocus>
					<onclick>PlayerControl(Previous)</onclick>
				</control>
				<control type="button" id="102">
					<include>OSDControlsButton</include>
					<texturefocus colordiffuse="$VAR[Textures.GlobalColor]">osd/rw_fo.png</texturefocus>
					<texturenofocus>osd/rw_nf.png</texturenofocus>
					<onclick>PlayerControl(Rewind)</onclick>
				</control>
				<control type="togglebutton" id="103">
					<include>OSDControlsButton</include>
					<texturefocus colordiffuse="$VAR[Textures.GlobalColor]">osd/pause_fo.png</texturefocus>
					<texturenofocus>osd/pause_nf.png</texturenofocus>
					<usealttexture>Player.Paused | Player.Forwarding | Player.Rewinding</usealttexture>
					<alttexturefocus colordiffuse="$VAR[Textures.GlobalColor]">osd/play_fo.png</alttexturefocus>
					<alttexturenofocus>osd/play_nf.png</alttexturenofocus>
					<onclick>PlayerControl(Play)</onclick>
				</control>
				<control type="button" id="104">
					<include>OSDControlsButton</include>
					<texturefocus colordiffuse="$VAR[Textures.GlobalColor]">osd/stop_fo.png</texturefocus>
					<texturenofocus>osd/stop_nf.png</texturenofocus>
					<onclick>Dialog.Close(120)</onclick>
					<onclick>PlayerControl(Stop)</onclick>
				</control>
				<control type="button" id="105">
					<include>OSDControlsButton</include>
					<texturefocus colordiffuse="$VAR[Textures.GlobalColor]">osd/ff_fo.png</texturefocus>
					<texturenofocus>osd/ff_nf.png</texturenofocus>
					<onclick>PlayerControl(Forward)</onclick>
				</control>
				<control type="button" id="106">
					<include>OSDControlsButton</include>
					<texturefocus colordiffuse="$VAR[Textures.GlobalColor]">osd/next_fo.png</texturefocus>
					<texturenofocus>osd/next_nf.png</texturenofocus>
					<onclick>PlayerControl(Next)</onclick>
				</control>
				<control type="button" id="107">
					<include>OSDControlsButton</include>
					<texturefocus colordiffuse="$VAR[Textures.GlobalColor]">osd/rec_fo.png</texturefocus>
					<texturenofocus>osd/rec_nf.png</texturenofocus>
					<onclick>PlayerControl(Record)</onclick>
					<visible>Player.CanRecord</visible>
				</control>
			</control>
		</control>

		<!-- ================= -->
		<!-- == Top Buttons == -->
		<!-- ================= -->
		<control type="group">
			<left>45</left>
			<top>25</top>
			<include>CommonDialogsAnimation</include>
			<visible>Player.HasAudio + !Window.IsActive(script-cu-lrclyrics-main.xml) + !Window.IsActive(ShutdownMenu) + !Window.IsActive(favourites)</visible>
			<!-- Buttons -->
			<control type="grouplist" id="1000">
				<left>0</left>
				<top>0</top>
				<height>0</height>
				<width>1190</width>
				<itemgap>20</itemgap>
				<onleft>1000</onleft>
				<onright>1000</onright>
				<onup>100</onup>
				<ondown>100</ondown>
				<orientation>horizontal</orientation>
				<control type="group" id="998">
					<width>30</width>
					<include>Logo</include>
				</control>
				<control type="label" id="999">
					<include>TopBigLabel</include>
					<label>$LOCALIZE[33063]:</label>
				</control>
				<control type="button" id="1001">
					<description>Settings</description>
					<label>$LOCALIZE[5]</label>
					<include>TopMenuButton</include>
					<onclick>ActivateWindow(1112)</onclick>
				</control>
				<control type="togglebutton" id="1002">
					<description>Info</description>
					<label>$LOCALIZE[31023]: $LOCALIZE[591]</label>
					<altlabel>$LOCALIZE[31023]: $LOCALIZE[16041]</altlabel>
					<usealttexture>Skin.HasSetting(MusicInfoOSD)</usealttexture>
					<include>TopMenuButton</include>
					<onclick>Skin.ToggleSetting(MusicInfoOSD)</onclick>
				</control>
				<control type="togglebutton" id="1003">
					<description>Repeat</description>
					<label>$LOCALIZE[486]$INFO[Playlist.Repeat,: ]</label>
					<include>TopMenuButton</include>
					<onclick>PlayerControl(Repeat)</onclick>
				</control>
				<control type="togglebutton" id="1004">
					<description>Random</description>
					<label>$LOCALIZE[590]: $LOCALIZE[591]</label>
					<altlabel>$LOCALIZE[590]: $LOCALIZE[16041]</altlabel>
					<usealttexture>Playlist.IsRandom</usealttexture>
					<include>TopMenuButton</include>
					<onclick>PlayerControl(Random)</onclick>
				</control>
				<control type="togglebutton" id="1005">
					<description>Lyrics</description>
					<label>$LOCALIZE[24013]</label>
					<include>TopMenuButton</include>
					<onclick>RunScript($INFO[Skin.String(LyricScript_Path)])</onclick>
					<altclick>Skin.SetAddon(LyricScript_Path,xbmc.python.lyrics)</altclick>
					<altclick>RunScript($INFO[Skin.String(LyricScript_Path)])</altclick>
					<usealttexture>String.IsEmpty(Skin.String(LyricScript_Path))</usealttexture>
				</control>
				<control type="button" id="1006">
					<description>Playlist</description>
					<label>$LOCALIZE[559]</label>
					<include>TopMenuButton</include>
					<onclick>Close</onclick>
					<onclick>ActivateWindow(musicplaylist)</onclick>
				</control>
			</control>
		</control>
	</include>

	<include name="MusicOSDStyleSimple">
		<control type="group">
			<include>FullscreenDimensions</include>
			<include>OSDAnimationSide</include>
			<visible>!Window.IsActive(AddonSettings) + !Window.IsActive(SelectDialog) + !Window.IsActive(VisualisationPresetList) + !Window.IsActive(script-cu-lrclyrics-main.xml) + !Window.IsActive(1112) + !Window.IsActive(ShutdownMenu) + !Window.IsActive(favourites)</visible>
			<!-- Player Controls - General -->
			<control type="grouplist" id="100">
				<right>37</right>
				<top>0</top>
				<width>64</width>
				<height>720</height>
				<itemgap>-8</itemgap>
				<onleft>Close</onleft>
				<onright>190</onright>
				<onup>100</onup>
				<ondown>100</ondown>
				<align>center</align>
				<aligny>center</aligny>
				<orientation>vertical</orientation>
				<include>OSDControlsSimpleAnimationGeneral</include>
				<control type="button" id="101">
					<include>OSDControlsButtonBig</include>
					<texturefocus colordiffuse="$VAR[Textures.GlobalColor]">osd/settings_fo.png</texturefocus>
					<texturenofocus>osd/settings_nf.png</texturenofocus>
					<onclick>ActivateWindow(1112)</onclick>
				</control>
				<control type="button" id="102">
					<include>OSDControlsButtonBig</include>
					<texturefocus colordiffuse="$VAR[Textures.GlobalColor]">osd/previous_fo.png</texturefocus>
					<texturenofocus>osd/previous_nf.png</texturenofocus>
					<onclick>PlayerControl(Previous)</onclick>
				</control>
				<control type="button" id="104">
					<include>OSDControlsButtonBig</include>
					<texturefocus colordiffuse="$VAR[Textures.GlobalColor]">osd/rw_fo.png</texturefocus>
					<texturenofocus>osd/rw_nf.png</texturenofocus>
					<onclick>PlayerControl(Rewind)</onclick>
				</control>
				<control type="togglebutton" id="103">
					<include>OSDControlsButtonBig</include>
					<texturefocus colordiffuse="$VAR[Textures.GlobalColor]">osd/pause_fo.png</texturefocus>
					<texturenofocus>osd/pause_nf.png</texturenofocus>
					<usealttexture>Player.Paused | Player.Forwarding | Player.Rewinding</usealttexture>
					<alttexturefocus colordiffuse="$VAR[Textures.GlobalColor]">osd/play_fo.png</alttexturefocus>
					<alttexturenofocus>osd/play_nf.png</alttexturenofocus>
					<onclick>PlayerControl(Play)</onclick>
				</control>
				<control type="button" id="105">
					<include>OSDControlsButtonBig</include>
					<texturefocus colordiffuse="$VAR[Textures.GlobalColor]">osd/stop_fo.png</texturefocus>
					<texturenofocus>osd/stop_nf.png</texturenofocus>
					<onclick>Dialog.Close(120)</onclick>
					<onclick>PlayerControl(Stop)</onclick>
				</control>
				<control type="button" id="106">
					<include>OSDControlsButtonBig</include>
					<texturefocus colordiffuse="$VAR[Textures.GlobalColor]">osd/ff_fo.png</texturefocus>
					<texturenofocus>osd/ff_nf.png</texturenofocus>
					<onclick>PlayerControl(Forward)</onclick>
				</control>
				<control type="button" id="107">
					<include>OSDControlsButtonBig</include>
					<texturefocus colordiffuse="$VAR[Textures.GlobalColor]">osd/next_fo.png</texturefocus>
					<texturenofocus>osd/next_nf.png</texturenofocus>
					<onclick>PlayerControl(Next)</onclick>
				</control>
			</control>
			<!-- Player Controls - Options -->
			<control type="grouplist" id="190">
				<right>37</right>
				<top>0</top>
				<width>64</width>
				<height>720</height>
				<itemgap>-8</itemgap>
				<onleft>100</onleft>
				<onright>Close</onright>
				<onup>190</onup>
				<ondown>190</ondown>
				<onback>left</onback>
				<align>center</align>
				<aligny>center</aligny>
				<orientation>vertical</orientation>
				<include>OSDControlsSimpleAnimationOptions</include>
				<control type="button" id="188">
					<include>OSDControlsButtonBig</include>
					<texturefocus colordiffuse="$VAR[Textures.GlobalColor]">osd/simple_setting_hor_fo.png</texturefocus>
					<texturenofocus>osd/simple_setting_hor_nf.png</texturenofocus>
					<onclick>Action(back)</onclick>
					<onclick>Skin.SetString(FullScreenMusicStyle,1)</onclick>
					<onclick>ActivateWindow(1110)</onclick>
				</control>
				<control type="togglebutton" id="191">
					<include>OSDControlsButtonBig</include>
					<texturefocus colordiffuse="$VAR[Textures.GlobalColor]">osd/lyrics_fo.png</texturefocus>
					<texturenofocus>osd/lyrics_nf.png</texturenofocus>
					<alttexturefocus colordiffuse="$VAR[Textures.GlobalColor]">osd/lyrics_fo.png</alttexturefocus>
					<alttexturenofocus>osd/lyrics_nf.png</alttexturenofocus>
					<onclick>Close</onclick>
					<onclick>RunScript($INFO[Skin.String(LyricScript_Path)])</onclick>
					<altclick>Skin.SetAddon(LyricScript_Path,xbmc.python.lyrics)</altclick>
					<altclick>RunScript($INFO[Skin.String(LyricScript_Path)])</altclick>
					<usealttexture>String.IsEmpty(Skin.String(LyricScript_Path))</usealttexture>
				</control>
				<control type="button" id="195">
					<include>OSDControlsButtonBig</include>
					<texturefocus colordiffuse="$VAR[Textures.GlobalColor]">osd/playlist_fo.png</texturefocus>
					<texturenofocus>osd/playlist_nf.png</texturenofocus>
					<onclick>Close</onclick>
					<onclick>ActivateWindow(musicplaylist)</onclick>
				</control>
				<control type="button" id="192">
					<include>OSDControlsButtonBig</include>
					<texturefocus colordiffuse="$VAR[Textures.GlobalColor]">osd/info_fo.png</texturefocus>
					<texturenofocus>osd/info_nf.png</texturenofocus>
					<onclick>Close</onclick>
					<onclick>Skin.ToggleSetting(MusicInfoOSD)</onclick>
				</control>
				<control type="togglebutton" id="193">
					<include>OSDControlsButtonBig</include>
					<texturefocus colordiffuse="$VAR[Textures.GlobalColor]">osd/random_OFF_fo.png</texturefocus>
					<texturenofocus>osd/random_OFF_nf.png</texturenofocus>
					<usealttexture>Playlist.IsRandom</usealttexture>
					<alttexturefocus colordiffuse="$VAR[Textures.GlobalColor]">osd/random_ON_fo.png</alttexturefocus>
					<alttexturenofocus>osd/random_ON_nf.png</alttexturenofocus>
					<onclick>PlayerControl(Random)</onclick>
				</control>
				<control type="group" id="199">
					<width>64</width>
					<height>64</height>
					<control type="togglebutton" id="194">
						<include>OSDControlsButtonBig</include>
						<texturefocus></texturefocus>
						<texturenofocus></texturenofocus>
						<onclick>PlayerControl(Repeat)</onclick>
						<onleft>100</onleft>
						<onright>190</onright>
						<onup>193</onup>
						<ondown>198</ondown>
					</control>
					<control type="image">
						<width>64</width>
						<height>64</height>
						<texture>osd/repeat_nf.png</texture>
						<visible>!Playlist.IsRepeat + !Playlist.IsRepeatOne</visible>
						<visible>!Control.HasFocus(194)</visible>
					</control>
					<control type="image">
						<width>64</width>
						<height>64</height>
						<colordiffuse>$VAR[Textures.GlobalColor]</colordiffuse>
						<texture>osd/repeat_fo.png</texture>
						<visible>!Playlist.IsRepeat + !Playlist.IsRepeatOne</visible>
						<visible>Control.HasFocus(194)</visible>
					</control>
					<control type="image">
						<width>64</width>
						<height>64</height>
						<texture>osd/repeat_one_nf.png</texture>
						<visible>Playlist.IsRepeatOne</visible>
						<visible>!Control.HasFocus(194)</visible>
					</control>
					<control type="image">
						<width>64</width>
						<height>64</height>
						<colordiffuse>$VAR[Textures.GlobalColor]</colordiffuse>
						<texture>osd/repeat_one_fo.png</texture>
						<visible>Playlist.IsRepeatOne</visible>
						<visible>Control.HasFocus(194)</visible>
					</control>
					<control type="image">
						<width>64</width>
						<height>64</height>
						<texture>osd/repeat_all_nf.png</texture>
						<visible>Playlist.IsRepeat</visible>
						<visible>!Control.HasFocus(194)</visible>
					</control>
					<control type="image">
						<width>64</width>
						<height>64</height>
						<colordiffuse>$VAR[Textures.GlobalColor]</colordiffuse>
						<texture>osd/repeat_all_fo.png</texture>
						<visible>Playlist.IsRepeat</visible>
						<visible>Control.HasFocus(194)</visible>
					</control>
				</control>
				<control type="button" id="198">
					<include>OSDControlsButtonBig</include>
					<texturefocus colordiffuse="$VAR[Textures.GlobalColor]">osd/rec_fo.png</texturefocus>
					<texturenofocus>osd/rec_nf.png</texturenofocus>
					<onclick>PlayerControl(Record)</onclick>
					<visible>Player.CanRecord</visible>
				</control>
				<control type="button" id="197">
					<include>OSDControlsButtonBig</include>
					<texturefocus colordiffuse="$VAR[Textures.GlobalColor]">osd/audio_profiles_fo.png</texturefocus>
					<texturenofocus>osd/audio_profiles_nf.png</texturenofocus>
					<onclick>Close</onclick>
					<onclick>RunScript(script.audio.profiles,0)</onclick>
					<visible>System.HasAddon(script.audio.profiles)</visible>
				</control>
			</control>
			<!-- Arrow -->
			<control type="grouplist">
				<left>630</left>
				<top>385</top>
				<width>1280</width>
				<height>720</height>
				<align>center</align>
				<aligny>center</aligny>
				<orientation>horizontal</orientation>
				<animation effect="rotate" start="0" end="90" center="1270,360" condition="true">Conditional</animation>
				<animation effect="slide" start="0,0" end="0,-35" delay="140" time="250" tween="quadratic" easing="out" condition="!ControlGroup(190).HasFocus">Conditional</animation>
				<control type="image">
					<width>16</width>
					<height>16</height>
					<aspectratio>stretch</aspectratio>
					<texture background="true">icons/submenu_arrow.png</texture>
					<colordiffuse>viewsinfo</colordiffuse>
				</control>
				<control type="label">
					<width min="0" max="720">auto</width>
					<height>15</height>
					<font>FontSize_15B</font>
					<label>$LOCALIZE[22082]</label>
					<textcolor>viewsinfo</textcolor>
					<shadowcolor>77000000</shadowcolor>
					<scroll>false</scroll>
				</control>
			</control>
		</control>
	</include>


	<include name="OSDControlsButton">
		<width>58</width>
		<height>58</height>
		<pulseonselect>true</pulseonselect>
	</include>

	<include name="OSDControlsButtonBig">
		<width>64</width>
		<height>64</height>
		<pulseonselect>true</pulseonselect>
	</include>


	<variable name="SubtitlesSearchTitleString">
		<value condition="VideoPlayer.Content(Episodes)"> for [B]"$INFO[VideoPlayer.TVShowTitle,, ]$INFO[VideoPlayer.Season,,x]$INFO[VideoPlayer.Episode]"[/B]</value>
		<value>$INFO[Player.Title, for [B]","[/B]]</value>
	</variable>


	<variable name="PlayerTitleLabel">
		<value condition="VideoPlayer.Content(Movies) + !VideoPlayer.Content(LiveTV)">$INFO[Player.Title,, ]$INFO[VideoPlayer.Year, (,) ]</value>
		<value condition="VideoPlayer.Content(LiveTV)">$INFO[VideoPlayer.ChannelNumber,,. ]$INFO[VideoPlayer.ChannelName]</value>
		<value>$INFO[Player.Title]</value>
	</variable>

	<variable name="PlayerSubLabel">
		<value condition="VideoPlayer.Content(Movies)">$INFO[VideoPlayer.Genre]</value>
		<value condition="VideoPlayer.Content(Episodes) + !String.IsEmpty(VideoPlayer.TVShowTitle)">$INFO[VideoPlayer.TVShowTitle]$INFO[VideoPlayer.Season, · $LOCALIZE[20373] ,]$INFO[VideoPlayer.Episode, · $LOCALIZE[20359] ,]</value>
		<value condition="![VideoPlayer.Content(Movies) | VideoPlayer.Content(Episodes) | VideoPlayer.Content(LiveTV)] + !String.IsEmpty(VideoPlayer.Genre)">$INFO[VideoPlayer.Genre]</value>
		<value condition="VideoPlayer.Content(LiveTV) + !String.IsEmpty(Player.Title)">$INFO[Player.Title,, · ]$INFO[VideoPlayer.Genre]</value>
		<value condition="Player.HasAudio + ![VideoPlayer.Content(Movies) | VideoPlayer.Content(Episodes) | VideoPlayer.Content(LiveTV)] + !String.IsEmpty(MusicPlayer.Artist)">$INFO[MusicPlayer.Artist,, - ]$INFO[MusicPlayer.Album]$INFO[MusicPlayer.Year, (,) ]</value>
		<value>$INFO[Player.FolderPath]</value>
	</variable>

	<variable name="PlayerArtPoster">
		<value condition="!String.IsEmpty(Player.Art(poster))">$INFO[Player.Art(poster)]</value>
		<value condition="VideoPlayer.Content(Episodes) + !String.IsEmpty(Player.Art(tvshow.poster))">$INFO[Player.Art(tvshow.poster)]</value>
	</variable>

	<include name="OSDProgressWidthBig">
		<width>1188</width>
	</include>
	<include name="OSDProgressWidthSmall">
		<width>1008</width>
	</include>

	<include name="OSDProgressSliderWidthBig">
		<width>1195</width>
	</include>
	<include name="OSDProgressSliderWidthSmall">
		<width>1015</width>
	</include>

	<variable name="OSDInfoPremieredFadeLabel">
		<value condition="VideoPlayer.Content(Episodes)">$INFO[VideoPlayer.Premiered,[COLOR=white]$LOCALIZE[20416]:[/COLOR] ]</value>
	</variable>

	<variable name="OSDInfoChapterFadeLabel">
		<value condition="Player.ChapterCount">$LOCALIZE[21396]: [COLOR=white]$INFO[Player.Chapter]$INFO[Player.ChapterCount, / ][/COLOR]</value>
	</variable>


	<variable name="OSDPVRChannelsGroupLabel">
		<value condition="pvr.IsPlayingTv">$INFO[VideoPlayer.ChannelGroup]</value>
		<value condition="pvr.IsPlayingRadio">$INFO[MusicPlayer.ChannelGroup]</value>
	</variable>

	<variable name="FullScreenMusicStyleName">
		<value condition="String.IsEqual(Skin.String(FullScreenMusicStyle),1)">$LOCALIZE[571]</value>
		<value condition="String.IsEqual(Skin.String(FullScreenMusicStyle),2)">$LOCALIZE[31107]</value>
	</variable>

	<variable name="FullScreenVideoStyleName">
		<value condition="String.IsEqual(Skin.String(FullScreenVideoStyle),1)">$LOCALIZE[571]</value>
		<value condition="String.IsEqual(Skin.String(FullScreenVideoStyle),2)">$LOCALIZE[31107]</value>
	</variable>

	<variable name="DialogSeekBarStyleName">
		<value condition="String.IsEqual(Skin.String(DialogSeekBarStyle),1)">$LOCALIZE[571]</value>
		<value condition="String.IsEqual(Skin.String(DialogSeekBarStyle),2)">$LOCALIZE[31107]</value>
		<value condition="String.IsEqual(Skin.String(DialogSeekBarStyle),3)">$LOCALIZE[20159]</value>
	</variable>

	<variable name="DialogSeekBarTime">
		<value condition="!Player.Seeking">$INFO[Player.Time]</value>
		<value condition="Player.Seeking">$INFO[Player.SeekTime]</value>
	</variable>

	<variable name="DialogSeekBarLabel">
		<value condition="Integer.IsGreater(PVR.ChannelNumberInput,0)">[COLOR=$VAR[Text.GlobalColor]]$INFO[PVR.ChannelNumberInput,$LOCALIZE[19000] ][/COLOR]</value>
		<value condition="Player.Caching">[COLOR=osdinfo]$LOCALIZE[15107] $INFO[Player.CacheLevel]%[/COLOR]</value>
		<value condition="Player.Paused + ![Player.Caching | Player.Seeking]">[COLOR=$VAR[Text.GlobalColor]]$LOCALIZE[31302][/COLOR]</value>
		<value condition="!String.IsEmpty(Player.SeekStepSize) + ![Player.Forwarding | Player.Rewinding]">$LOCALIZE[773]  [COLOR=osdinfo]$INFO[Player.SeekStepSize][/COLOR]</value>
		<value condition="Player.Seeking + !String.IsEmpty(Player.SeekOffset)">$LOCALIZE[773]  [COLOR=osdinfo]$INFO[Player.SeekOffset][/COLOR]</value>
		<value condition="Player.Rewinding2x + !Player.Seeking">$LOCALIZE[31303] [COLOR=osdinfo]x2[/COLOR]</value>
		<value condition="Player.Rewinding4x + !Player.Seeking">$LOCALIZE[31303] [COLOR=osdinfo]x4[/COLOR]</value>
		<value condition="Player.Rewinding8x + !Player.Seeking">$LOCALIZE[31303] [COLOR=osdinfo]x8[/COLOR]</value>
		<value condition="Player.Rewinding16x + !Player.Seeking">$LOCALIZE[31303] [COLOR=osdinfo]x16[/COLOR]</value>
		<value condition="Player.Rewinding32x + !Player.Seeking">$LOCALIZE[31303] [COLOR=osdinfo]x32[/COLOR]</value>
		<value condition="Player.Forwarding2x + !Player.Seeking">$LOCALIZE[31304] [COLOR=osdinfo]x2[/COLOR]</value>
		<value condition="Player.Forwarding4x + !Player.Seeking">$LOCALIZE[31304] [COLOR=osdinfo]x4[/COLOR]</value>
		<value condition="Player.Forwarding8x + !Player.Seeking">$LOCALIZE[31304] [COLOR=osdinfo]x8[/COLOR]</value>
		<value condition="Player.Forwarding16x + !Player.Seeking">$LOCALIZE[31304] [COLOR=osdinfo]x16[/COLOR]</value>
		<value condition="Player.Forwarding32x + !Player.Seeking">$LOCALIZE[31304] [COLOR=osdinfo]x32[/COLOR]</value>
		<value condition="Player.DisplayAfterSeek + !Player.Seeking + !String.IsEmpty(Player.SeekOffset)">$LOCALIZE[773]  [COLOR=osdinfo]$INFO[Player.SeekOffset][/COLOR]</value>
		<value>[COLOR=$VAR[Text.GlobalColor]]$LOCALIZE[31301][/COLOR]</value>
	</variable>
	<variable name="DialogSeekBarLabelSimple">
		<value condition="Integer.IsGreater(PVR.ChannelNumberInput,0)">$INFO[PVR.ChannelNumberInput]</value>
		<value condition="Player.Caching">$INFO[Player.CacheLevel,,%]</value>
		<value condition="Player.Rewinding2x + !Player.Seeking">x2</value>
		<value condition="Player.Rewinding4x + !Player.Seeking">x4</value>
		<value condition="Player.Rewinding8x + !Player.Seeking">x8</value>
		<value condition="Player.Rewinding16x + !Player.Seeking">x16</value>
		<value condition="Player.Rewinding32x + !Player.Seeking">x32</value>
		<value condition="Player.Forwarding2x + !Player.Seeking">x2</value>
		<value condition="Player.Forwarding4x + !Player.Seeking">x4</value>
		<value condition="Player.Forwarding8x + !Player.Seeking">x8</value>
		<value condition="Player.Forwarding16x + !Player.Seeking">x16</value>
		<value condition="Player.Forwarding32x + !Player.Seeking">x32</value>
	</variable>

	<variable name="DialogSeekBarIcons">
		<value condition="Player.Forwarding">osd/osd_ff.png</value>
		<value condition="Player.Rewinding">osd/osd_rw.png</value>
		<value condition="Player.Paused | Player.Caching">osd/osd_pause.png</value>
	</variable>

	<variable name="Vis-Background">
		<value condition="Skin.HasSetting(Vis-Fanart) + !String.IsEmpty(Player.Art(fanart))">$INFO[Player.Art(fanart)]</value>
		<value condition="Skin.HasSetting(Vis-ArtistSlideshow) + String.IsEmpty(Window(Visualisation).Property(ArtistSlideshowRefresh))">$INFO[Window(Visualisation).Property(ArtistSlideshow)]</value>
		<value condition="Skin.HasSetting(Vis-MusicSlideshow)">$INFO[Window(Home).Property(SkinHelper.AllMusicBackground)]</value>
		<value>empty_icon.png</value>
	</variable>


</includes>
