<?xml version="1.0" encoding="UTF-8"?>
<includes>

	<include name="DialogsPanel">
		<control type="group">
			<left>$PARAM[group_left]</left>
			<top>$PARAM[group_top]</top>
  		<width>$PARAM[group_width]</width>
  	  <control type="image">
  			<left>3</left>
  			<top>55</top>
  		  <width>$PARAM[body_width]</width>
  		  <height>$PARAM[body_height]</height>
  		  <texture background="true" border="39,19,39,19">dialogs/other/body.png</texture>
  	  </control>
  	  <control type="image">
  			<left>3</left>
  			<top>0</top>
  		  <width>$PARAM[body_width]</width>
  		  <height>58</height>
		    <colordiffuse>$VAR[Textures.GlobalColor]</colordiffuse>
  		  <texture background="true" border="9">dialogs/other/header.png</texture>
  	  </control>
  		 <control type="image">
  			<left>5</left>
  			<top>55</top>
  		  <width>$PARAM[header_line_width]</width>
  			<height>4</height>
  			<aspectratio>stretch</aspectratio>
  			<texture background="true">dialogs/other/header_line.png</texture>
  		 </control>
  		<control type="label" id="$PARAM[header_id]">
  			<description>header label</description>
				<left>15</left>
				<top>13</top>
  		  <width>$PARAM[header_width]</width>
        <label>$PARAM[header_label]</label>
  	    <include>DialogsHeaderLabel</include>
  		</control>
  		<control type="label">
  			<description>Page Count Label</description>
  			<right>10</right>
  			<top>25</top>
  			<width>200</width>
  			<font>FontSize_16B</font>
  			<textcolor>aawhite</textcolor>
    		<shadowcolor>77000000</shadowcolor>
  			<scroll>false</scroll>
  			<align>right</align>
  			<aligny>center</aligny>
  			<label>$VAR[ContainerNumItems]</label>
				<visible>$PARAM[countitems_visible]</visible>
  		</control>
  	</control>
	</include>

	<include name="InfoDialogs_TopMenuVars">
		<animation type="Visible" reversible="false">
			<effect type="fade" start="0" end="100" time="300" tween="sine" easing="out"  />
			<effect type="slide" start="0,35" end="0,0" time="350" tween="sine" easing="out" />
		</animation>
		<animation type="Hidden" reversible="false">
			<effect type="fade" start="100" end="0" time="300" tween="sine" easing="out" />
			<effect type="slide" start="0,0" end="0,35" time="350" tween="sine" easing="out" />
		</animation>
		<left>0</left>
		<top>0</top>
		<height>0</height>
		<width>1000</width>
		<itemgap>12</itemgap>
		<orientation>horizontal</orientation>
		<onleft>9000</onleft>
		<onright>9000</onright>
	</include>

	<include name="InfoDialogs_EditMenuVars">
		<animation type="Visible"  reversible="false">
			<effect type="fade" start="0" end="100" time="300" tween="sine" easing="in"  />
			<effect type="slide" start="0,-35" end="0,0" time="350" tween="cubic" easing="out" />
		</animation>
		<animation type="Hidden" reversible="false">
			<effect type="fade" start="100" end="0" time="300" tween="sine" easing="out" />
			<effect type="slide" start="0,0" end="0,-35" time="350" tween="sine" easing="out" />
		</animation>
		<left>0</left>
		<top>0</top>
		<height>0</height>
		<width>1000</width>
		<itemgap>12</itemgap>
		<orientation>horizontal</orientation>
		<onleft>9222</onleft>
		<onright>9222</onright>
		<onup>9000</onup>
		<ondown>9000</ondown>
		<onback>9000</onback>
	</include>

	<include name="ParametricEQLabelLeft">
		<control type="label" id="$PARAM[id]">
			<left>374</left>
			<top>$PARAM[top]</top>
			<width>553</width>
			<height>36</height>
			<font>FontSize_20</font>
			<textcolor>white</textcolor>
			<shadowcolor>99000000</shadowcolor>
			<align>left</align>
			<label>$PARAM[label]</label>
		</control>
	</include>

	<include name="ParametricEQLabelRight">
		<control type="label" id="$PARAM[id]">
			<right>374</right>
			<top>$PARAM[top]</top>
			<width>553</width>
			<height>36</height>
			<font>FontSize_20</font>
			<textcolor>white</textcolor>
			<shadowcolor>99000000</shadowcolor>
			<align>right</align>
			<label>$PARAM[label]</label>
		</control>
	</include>

	<include name="ParametricEQSlider">
		<left>514</left>
		<width>250</width>
		<height>25</height>
		<orientation>horizontal</orientation>
		<texturesliderbar>osd/osd_slider_bg.png</texturesliderbar>
		<textureslidernib>osd/osd_slider_nib_nf.png</textureslidernib>
		<textureslidernibfocus>osd/osd_slider_nib_fo.png</textureslidernibfocus>
	</include>

	<include name="VideoInfoDialogLabel">
		<width min="10" max="850">auto</width>
		<height>30</height>
		<font>FontSize_22</font>
		<textcolor>white</textcolor>
		<shadowcolor>99000000</shadowcolor>
	</include>
	<include name="VideoInfoDialogLabelValue">
		<width min="10" max="850">auto</width>
		<height>30</height>
		<font>FontSize_22</font>
		<textcolor>99white</textcolor>
		<shadowcolor>99000000</shadowcolor>
	</include>

	<include name="MusicInfoDialogLabel">
		<width min="10" max="775">auto</width>
		<height>30</height>
		<font>FontSize_22</font>
		<textcolor>white</textcolor>
		<shadowcolor>99000000</shadowcolor>
	</include>
	<include name="MusicInfoDialogLabelValue">
		<width min="10" max="775">auto</width>
		<height>30</height>
		<font>FontSize_22</font>
		<textcolor>99white</textcolor>
		<shadowcolor>99000000</shadowcolor>
	</include>

	<include name="DialogsButton">
		<description>Default Button</description>
		<height>47</height>
		<font>FontSize_20</font>
		<textcolor>77white</textcolor>
		<focusedcolor>white</focusedcolor>
		<disabledcolor>33white</disabledcolor>
		<shadowcolor>99000000</shadowcolor>
		<align>left</align>
		<aligny>top</aligny>
		<textoffsetx>10</textoffsetx>
		<textoffsety>10</textoffsety>
	</include>
	<include name="DialogsRadioButton">
		<description>Default RadioButton</description>
		<height>47</height>
		<font>FontSize_20</font>
		<textcolor>77white</textcolor>
		<focusedcolor>white</focusedcolor>
		<disabledcolor>33white</disabledcolor>
		<shadowcolor>99000000</shadowcolor>
		<align>left</align>
		<aligny>top</aligny>
		<radioposx>522</radioposx>
		<textoffsetx>10</textoffsetx>
		<textoffsety>10</textoffsety>
	</include>
	<include name="DialogsSpincontrolex">
		<description>Default SpinControlex</description>
		<height>47</height>
		<font>FontSize_20</font>
		<textcolor>77white</textcolor>
		<focusedcolor>white</focusedcolor>
		<disabledcolor>33white</disabledcolor>
		<shadowcolor>99000000</shadowcolor>
		<align>left</align>
		<aligny>top</aligny>
		<spinposx>11</spinposx>
		<textoffsetx>10</textoffsetx>
		<textoffsety>10</textoffsety>
		<reverse>yes</reverse>
	</include>
	<include name="DialogsSliderex">
		<description>Default Slider</description>
		<height>47</height>
		<font>FontSize_20</font>
		<textcolor>77white</textcolor>
		<focusedcolor>white</focusedcolor>
		<disabledcolor>33white</disabledcolor>
		<shadowcolor>99000000</shadowcolor>
		<align>left</align>
		<aligny>top</aligny>
		<sliderwidth>150</sliderwidth>
		<sliderheight>18</sliderheight>
		<textoffsetx>10</textoffsetx>
		<textoffsety>10</textoffsety>
	</include>

	<include name="KeyboardButton">
		<width>48</width>
		<height>48</height>
		<texturenofocus border="4,6,4,6">dialogs/keyboard/button_nf.png</texturenofocus>
		<texturefocus border="4,6,4,6" colordiffuse="$VAR[Textures.GlobalColor]">dialogs/keyboard/button_fo.png</texturefocus>
		<align>left</align>
		<aligny>top</aligny>
		<font>FontSize_16B</font>
		<textoffsetx>10</textoffsetx>
		<textoffsety>5</textoffsety>
		<textcolor>99grey</textcolor>
		<focusedcolor>white</focusedcolor>
		<shadowcolor>99000000</shadowcolor>
	</include>
	<include name="KeyboardHiddenButton">
		<textcolor></textcolor>
		<focusedcolor></focusedcolor>
		<texturenofocus></texturenofocus>
		<texturefocus></texturefocus>
	</include>

	<include name="DialogsButtonsYesNo">
		<width min="142" max="242">auto</width>
		<height>42</height>
		<font>FontSize_22</font>
		<textcolor>88white</textcolor>
		<focusedcolor>bbwhite</focusedcolor>
		<disabledcolor>44white</disabledcolor>
		<shadowcolor>77000000</shadowcolor>
		<align>center</align>
		<aligny>top</aligny>
		<textoffsetx>20</textoffsetx>
		<textoffsety>5</textoffsety>
		<texturefocus border="22,2,20,2" colordiffuse="$VAR[Textures.GlobalColor]">dialogs/keyboard/button_fo.png</texturefocus>
		<texturenofocus border="22,2,20,2">dialogs/keyboard/button_nf.png</texturenofocus>
	</include>
	<include name="DialogsButtonsText">
		<height>47</height>
		<width min="0" max="390">auto</width>
		<font>FontSize_22</font>
		<textcolor>00000000</textcolor>
		<focusedcolor>aawhite</focusedcolor>
		<disabledcolor>00000000</disabledcolor>
		<shadowcolor>99000000</shadowcolor>
		<align>left</align>
		<aligny>top</aligny>
		<textoffsetx>45</textoffsetx>
		<textoffsety>7</textoffsety>
		<textureradioonfocus></textureradioonfocus>
		<textureradioonnofocus></textureradioonnofocus>
		<textureradioofffocus></textureradioofffocus>
		<textureradiooffnofocus></textureradiooffnofocus>
	</include>

	<include name="DialogsHeaderLabel">
		<font>FontSize_36</font>
		<textcolor>white</textcolor>
		<shadowcolor>77000000</shadowcolor>
		<align>left</align>
		<aligny>center</aligny>
		<scroll>false</scroll>
	</include>

	<include name="DialogConfirm">
		<include content="DialogsPanel">
			<param name="group_left" value="0"/>
			<param name="group_top" value="0"/>
			<param name="group_width" value="665"/>
			<param name="body_width" value="665"/>
			<param name="body_height" value="178"/>
			<param name="header_line_width" value="661"/>
			<param name="header_id" value="1"/>
			<param name="header_width" value="630"/>
			<param name="countitems_visible" value="false"/>
		</include>
		<control type="textbox" id="9">
			<left>15</left>
			<top>62</top>
			<width>630</width>
			<height>90</height>
			<align>left</align>
			<font>FontSize_22</font>
			<textcolor>99white</textcolor>
			<shadowcolor>99000000</shadowcolor>
			<autoscroll time="3000" delay="3000" repeat="5000">true</autoscroll>
			<!-- <label>Remove ID to Test, Remove ID to Test, Remove ID to Test, Remove ID to Test, Remove ID to Test, Remove ID to Test, Remove ID to Test, Remove ID to Test, Remove ID to Test, Remove ID to Test, Remove ID to Test, Remove ID to Test</label> -->
		</control>
		<control type="grouplist">
			<left>20</left>
			<top>170</top>
			<height>60</height>
			<width>330</width>
			<align>left</align>
			<aligny>center</aligny>
			<itemgap>7</itemgap>
			<orientation>horizontal</orientation>
			<visible>Window.IsActive(progressdialog)</visible>
			<control type="label">
				<height>48</height>
				<width min="10" max="120">auto</width>
				<font>FontSize_48</font>
				<textcolor>white</textcolor>
				<shadowcolor>99000000</shadowcolor>
				<align>left</align>
				<scroll>false</scroll>
				<label>$INFO[System.Progressbar,,%]</label>
			</control>
			<control type="group">
				<width>230</width>
				<control type="label">
					<height>68</height>
					<width min="10" max="210">auto</width>
					<font>FontSize_22</font>
					<textcolor>bbwhite</textcolor>
					<shadowcolor>99000000</shadowcolor>
					<align>left</align>
					<scroll>false</scroll>
					<label>$LOCALIZE[19256]</label>
					<visible>Integer.IsGreater(System.Progressbar,0)</visible>
				</control>
			</control>
		</control>
	</include>


	<!-- =========================== -->
	<!-- == Dialog Select Default == -->
	<!-- =========================== -->
	<include name="DialogSelect">
		<control type="group">
			<include>CommonDialogsAnimation</include>
			<visible>![Window.IsActive(DialogConfirm.xml) | Window.IsActive(virtualkeyboard) | Window.IsActive(textviewer)]</visible>
			<include content="DialogsPanel">
				<param name="group_left" value="344"/>
				<param name="group_top" value="130"/>
				<param name="group_width" value="587"/>
				<param name="body_width" value="587"/>
				<param name="body_height" value="395"/>
				<param name="header_line_width" value="583"/>
				<param name="header_id" value="1"/>
				<param name="header_width" value="450"/>
				<param name="countitems_visible" value="true"/>
			</include>
			<control type="image">
				<description>background image</description>
				<include>FullscreenDimensions</include>
				<texture background="true">dialogs/selectdialog/bg_select.png</texture>
				<visible>Control.IsVisible(3)</visible>
			</control>
			<control type="image">
				<description>background image</description>
				<include>FullscreenDimensions</include>
				<texture background="true">dialogs/selectdialog/bg_select_icon.png</texture>
				<visible>Control.IsVisible(6)</visible>
			</control>
			<control type="list" id="3">
				<left>364</left>
				<top>202</top>
				<width>553</width>
				<height>364</height>
				<onup>3</onup>
				<ondown>3</ondown>
				<onleft>10000</onleft>
				<onright>10000</onright>
				<scrolltime tween="quadratic" easing="out">250</scrolltime>
				<itemlayout height="52" width="553">
					<control type="label">
						<left>10</left>
						<top>0</top>
						<width>540</width>
						<height>48</height>
						<font>FontSize_20</font>
						<textcolor>77white</textcolor>
						<shadowcolor>77000000</shadowcolor>
						<selectedcolor>$VAR[Text.GlobalColor]</selectedcolor>
						<label>$INFO[ListItem.Label]</label>
					</control>
					<control type="image">
						<left>0</left>
						<top>0</top>
						<width>553</width>
						<height>48</height>
						<texture background="true">dialogs/selectdialog/selected.png</texture>
						<visible>ListItem.IsSelected</visible>
					</control>
				</itemlayout>
				<focusedlayout height="52" width="553">
					<control type="image">
						<left>0</left>
						<top>0</top>
						<width>553</width>
						<height>48</height>
						<texture background="true">buttons/focus.png</texture>
						<visible>Control.HasFocus(3)</visible>
						<include>ListFocusAnimation</include>
					</control>
					<control type="label">
						<left>10</left>
						<top>0</top>
						<width>540</width>
						<height>48</height>
						<font>FontSize_20</font>
						<textcolor>white</textcolor>
						<shadowcolor>77000000</shadowcolor>
						<selectedcolor>white</selectedcolor>
						<label>$INFO[ListItem.Label]</label>
						<scroll>true</scroll>
					</control>
					<control type="image">
						<left>0</left>
						<top>0</top>
						<width>553</width>
						<height>48</height>
						<texture>dialogs/selectdialog/selected.png</texture>
						<visible>ListItem.IsSelected</visible>
					</control>
				</focusedlayout>
			</control>
			<control type="list" id="6">
				<left>364</left>
				<top>202</top>
				<width>553</width>
				<height>365</height>
				<onup>6</onup>
				<ondown>6</ondown>
				<onleft>10000</onleft>
				<onright>10000</onright>
				<scrolltime tween="quadratic" easing="out">250</scrolltime>
				<itemlayout height="73" width="553">
					<control type="image">
						<left>0</left>
						<top>0</top>
						<width>70</width>
						<height>70</height>
						<aspectratio align="center" aligny="center">keep</aspectratio>
						<texture colordiffuse="77white" fallback="DefaultAddon.png">$INFO[Listitem.Icon]</texture>
						<bordertexture border="6">thumbs/thumb_border.png</bordertexture>
						<bordersize>6</bordersize>
						<visible>String.IsEmpty(Window(Home).Property(SelectRSSFeed)) + !Window.IsVisible(SettingsProfile.xml)</visible>
					</control>
					<control type="image">
						<left>6</left>
						<top>6</top>
						<width>58</width>
						<height>58</height>
						<aspectratio align="center" aligny="center">scale</aspectratio>
						<texture background="true" colordiffuse="77white" fallback="dialogs/profiles/profile_thumb.png" diffuse="dialogs/profiles/profile_diffuse.png">$INFO[Listitem.Icon]</texture>
						<bordersize>2</bordersize>
						<visible>!String.IsEmpty(Window(Home).Property(SelectRSSFeed)) | Window.IsVisible(SettingsProfile.xml)</visible>
					</control>
					<control type="label">
						<left>75</left>
						<top>10</top>
						<width>475</width>
						<height>26</height>
						<font>FontSize_20</font>
						<textcolor>77white</textcolor>
						<shadowcolor>77000000</shadowcolor>
						<selectedcolor>$VAR[Text.GlobalColor]</selectedcolor>
						<label>$INFO[ListItem.Label]</label>
						<animation effect="slide" end="0,12" time="0" reversible="false" condition="String.IsEmpty(ListItem.Label2)">Conditional</animation>
					</control>
					<control type="label">
						<left>75</left>
						<top>34</top>
						<width>475</width>
						<height>26</height>
						<font>FontSize_20</font>
						<textcolor>77white</textcolor>
						<shadowcolor>77000000</shadowcolor>
						<selectedcolor>$VAR[Text.GlobalColor]</selectedcolor>
						<label>$VAR[DialogSelectListItemLabel2]</label>
					</control>
					<control type="image">
						<left>0</left>
						<top>0</top>
						<width>553</width>
						<height>69</height>
						<texture background="true">dialogs/selectdialog/selected.png</texture>
						<visible>ListItem.IsSelected</visible>
					</control>
				</itemlayout>
				<focusedlayout height="73" width="553">
					<control type="image">
						<left>0</left>
						<top>0</top>
						<width>553</width>
						<height>69</height>
						<texture background="true">buttons/focus.png</texture>
						<visible>Control.HasFocus(6)</visible>
						<include>ListFocusAnimation</include>
					</control>
					<control type="image">
						<left>0</left>
						<top>0</top>
						<width>70</width>
						<height>70</height>
						<aspectratio align="center" aligny="center">keep</aspectratio>
						<texture fallback="DefaultAddon.png">$INFO[Listitem.Icon]</texture>
						<bordertexture border="6">thumbs/thumb_border.png</bordertexture>
						<bordersize>6</bordersize>
						<visible>String.IsEmpty(Window(Home).Property(SelectRSSFeed)) + !Window.IsVisible(SettingsProfile.xml)</visible>
					</control>
					<control type="image">
						<left>6</left>
						<top>6</top>
						<width>58</width>
						<height>58</height>
						<aspectratio align="center" aligny="center">scale</aspectratio>
						<texture background="true" fallback="dialogs/profiles/profile_thumb.png" diffuse="dialogs/profiles/profile_diffuse.png">$INFO[Listitem.Icon]</texture>
						<bordersize>2</bordersize>
						<visible>!String.IsEmpty(Window(Home).Property(SelectRSSFeed)) | Window.IsVisible(SettingsProfile.xml)</visible>
					</control>
					<control type="label">
						<left>75</left>
						<top>10</top>
						<width>475</width>
						<height>26</height>
						<font>FontSize_20</font>
						<textcolor>white</textcolor>
						<scroll>true</scroll>
						<shadowcolor>77000000</shadowcolor>
						<selectedcolor>white</selectedcolor>
						<label>$INFO[ListItem.Label]</label>
						<animation effect="slide" end="0,12" time="0" reversible="false" condition="String.IsEmpty(ListItem.Label2)">Conditional</animation>
					</control>
					<control type="label">
						<left>75</left>
						<top>34</top>
						<width>475</width>
						<height>26</height>
						<font>FontSize_20</font>
						<textcolor>white</textcolor>
						<shadowcolor>77000000</shadowcolor>
						<selectedcolor>white</selectedcolor>
						<scroll>true</scroll>
						<label>$VAR[DialogSelectListItemLabel2]</label>
					</control>
					<control type="image">
						<left>0</left>
						<top>0</top>
						<width>553</width>
						<height>69</height>
						<texture background="true">dialogs/selectdialog/selected.png</texture>
						<visible>ListItem.IsSelected</visible>
					</control>
				</focusedlayout>
			</control>

			<!-- Control Buttons -->
			<control type="grouplist" id="10000">
				<left>938</left>
				<top>466</top>
				<height>112</height>
				<onleft condition="Control.IsVisible(3)">3</onleft>
				<onleft condition="Control.IsVisible(6)">6</onleft>
				<onright condition="Control.IsVisible(3)">3</onright>
				<onright condition="Control.IsVisible(6)">6</onright>
				<align>right</align>
				<defaultcontrol always="true">5</defaultcontrol>
				<control type="button" id="7">
					<description>Cancel</description>
					<include>DialogsButtonsText</include>
					<texturefocus border="49,0,49,0">dialogs/buttons/cancel_focus.png</texturefocus>
					<texturenofocus border="49,0,49,0">dialogs/buttons/cancel_nofocus.png</texturenofocus>
					<label></label>
				</control>
				<control type="button" id="5">
					<description>Get More/Manual/Ok</description>
					<include>DialogsButtonsText</include>
					<texturefocus border="49,0,49,0">dialogs/buttons/add_focus.png</texturefocus>
					<texturenofocus border="49,0,49,0">dialogs/buttons/add_nofocus.png</texturenofocus>
					<label></label>
				</control>
			</control>
		</control>
	</include>


	<!-- ======================= -->
	<!-- == Dialog Select Art == -->
	<!-- ======================= -->
	<include name="DialogSelectArt">
		<control type="group">
			<include>CommonDialogsAnimation</include>
			<visible>![Window.IsActive(DialogConfirm.xml) | Window.IsActive(virtualkeyboard) | Window.IsActive(textviewer)]</visible>

			<!-- Slim List Panel -->
			<control type="group">
				<visible>Control.IsVisible(3)</visible>
				<include content="DialogsPanel">
					<param name="group_left" value="344"/>
					<param name="group_top" value="130"/>
					<param name="group_width" value="587"/>
					<param name="body_width" value="587"/>
					<param name="body_height" value="395"/>
					<param name="header_line_width" value="583"/>
					<param name="header_id" value="1"/>
					<param name="header_width" value="450"/>
					<param name="countitems_visible" value="true"/>
				</include>
				<control type="image">
					<description>background image</description>
					<include>FullscreenDimensions</include>
					<texture background="true">dialogs/selectdialog/bg_select.png</texture>
				</control>
			</control>

			<!-- Select Art Panel -->
			<control type="group">
				<visible>Control.IsVisible(6)</visible>
				<include content="DialogsPanel">
					<param name="group_left" value="280"/>
					<param name="group_top" value="140"/>
					<param name="group_width" value="722"/>
					<param name="body_width" value="722"/>
					<param name="body_height" value="400"/>
					<param name="header_line_width" value="718"/>
					<param name="header_label" value="$LOCALIZE[13511]"/>
					<param name="header_width" value="620"/>
					<param name="countitems_visible" value="true"/>
				</include>
				<control type="label">
					<description>Label</description>
					<left>300</left>
					<top>553</top>
					<width>680</width>
					<height>40</height>
					<font>FontSize_20</font>
					<textcolor>99grey</textcolor>
					<shadowcolor>99000000</shadowcolor>
					<scroll>false</scroll>
					<align>left</align>
					<aligny>center</aligny>
					<label>$INFO[Container(6).ListItem.Label2,[COLOR=white]$LOCALIZE[13514]:[/COLOR] ]</label>
					<visible>[String.Contains(Container(6).ListItem.Label2,.jpg) | String.Contains(Container(6).ListItem.Label2,.png) | String.Contains(Container(6).ListItem.Label2,.tbn)]</visible>
				</control>
				<control type="label">
					<description>Label</description>
					<left>300</left>
					<top>553</top>
					<width>680</width>
					<height>40</height>
					<font>FontSize_20</font>
					<textcolor>99grey</textcolor>
					<shadowcolor>99000000</shadowcolor>
					<scroll>false</scroll>
					<align>left</align>
					<aligny>center</aligny>
					<label>$INFO[Container(6).ListItem.Label]</label>
					<visible>![String.Contains(Container(6).ListItem.Label2,.jpg) | String.Contains(Container(6).ListItem.Label2,.png) | String.Contains(Container(6).ListItem.Label2,.tbn) | String.Contains(Container(6).ListItem.Label,thumb) | String.Contains(Container(6).ListItem.Label,poster) | String.Contains(Container(6).ListItem.Label,fanart) | String.Contains(Container(6).ListItem.Label,banner) | String.Contains(Container(6).ListItem.Label,clearart) | String.Contains(Container(6).ListItem.Label,clearlogo) | String.Contains(Container(6).ListItem.Label,landscape) | String.Contains(Container(6).ListItem.Label,discart)]</visible>
				</control>
				<control type="label">
					<description>Label</description>
					<left>300</left>
					<top>553</top>
					<width>680</width>
					<height>40</height>
					<font>FontSize_20</font>
					<textcolor>99grey</textcolor>
					<shadowcolor>99000000</shadowcolor>
					<scroll>false</scroll>
					<align>left</align>
					<aligny>center</aligny>
					<label>$INFO[Container(6).ListItem.Label,[COLOR=white]$LOCALIZE[13512]:[/COLOR] ]</label>
					<visible>[String.Contains(Container(6).ListItem.Label,thumb) | String.Contains(Container(6).ListItem.Label,poster) | String.Contains(Container(6).ListItem.Label,fanart) | String.Contains(Container(6).ListItem.Label,banner) | String.Contains(Container(6).ListItem.Label,clearart) | String.Contains(Container(6).ListItem.Label,clearlogo) | String.Contains(Container(6).ListItem.Label,landscape) | String.Contains(Container(6).ListItem.Label,discart)]</visible>
				</control>
			</control>

			<!-- Slim List -->
			<control type="list" id="3">
				<left>364</left>
				<top>200</top>
				<width>553</width>
				<height>364</height>
				<onup>3</onup>
				<ondown>3</ondown>
				<onleft>10000</onleft>
				<onright>10000</onright>
				<scrolltime tween="quadratic" easing="out">250</scrolltime>
				<itemlayout height="52" width="553">
					<control type="label">
						<left>10</left>
						<top>0</top>
						<width>540</width>
						<height>48</height>
						<font>FontSize_20</font>
						<textcolor>77white</textcolor>
						<shadowcolor>77000000</shadowcolor>
						<selectedcolor>$VAR[Text.GlobalColor]</selectedcolor>
						<label>$INFO[ListItem.Label]</label>
					</control>
					<control type="image">
						<left>0</left>
						<top>0</top>
						<width>553</width>
						<height>48</height>
						<texture background="true">dialogs/selectdialog/selected.png</texture>
						<visible>ListItem.IsSelected</visible>
					</control>
				</itemlayout>
				<focusedlayout height="52" width="553">
					<control type="image">
						<left>0</left>
						<top>0</top>
						<width>553</width>
						<height>48</height>
						<texture background="true">buttons/focus.png</texture>
						<visible>Control.HasFocus(3)</visible>
						<include>ListFocusAnimation</include>
					</control>
					<control type="label">
						<left>10</left>
						<top>0</top>
						<width>540</width>
						<height>48</height>
						<font>FontSize_20</font>
						<textcolor>white</textcolor>
						<shadowcolor>77000000</shadowcolor>
						<selectedcolor>white</selectedcolor>
						<label>$INFO[ListItem.Label]</label>
						<scroll>true</scroll>
					</control>
					<control type="image">
						<left>0</left>
						<top>0</top>
						<width>553</width>
						<height>48</height>
						<texture>dialogs/selectdialog/selected.png</texture>
						<visible>ListItem.IsSelected</visible>
					</control>
				</focusedlayout>
			</control>

			<!-- Select Art -->
			<control type="panel" id="6">
				<left>276</left>
				<top>211</top>
				<width>710</width>
				<height>350</height>
				<onup>6</onup>
				<ondown>6</ondown>
				<onleft>10000</onleft>
				<onright>10000</onright>
				<preloaditems>3</preloaditems>
				<focusposition>0</focusposition>
				<scrolltime tween="Quadratic" easing="out">250</scrolltime>
				<itemlayout height="175" width="175">
					<control type="image">
						<left>20</left>
						<top>0</top>
						<width>165</width>
						<height>165</height>
						<colordiffuse>95FFFFFF</colordiffuse>
						<aspectratio align="center" aligny="center">stretch</aspectratio>
						<texture border="31">windows/home/panel_widgets.png</texture>
					</control>
					<control type="image">
						<left>20</left>
						<top>0</top>
						<width>165</width>
						<height>165</height>
						<aspectratio align="center" aligny="center">keep</aspectratio>
						<texture background="true" fallback="thumbs/fallback_square_tp.png">$INFO[ListItem.Icon]</texture>
						<bordersize>ThumbsBordersize6pix</bordersize>
					</control>
				</itemlayout>
				<focusedlayout height="175" width="175">
					<control type="image">
						<left>20</left>
						<top>0</top>
						<width>165</width>
						<height>165</height>
						<colordiffuse>95FFFFFF</colordiffuse>
						<aspectratio align="center" aligny="center">stretch</aspectratio>
						<texture border="31">windows/home/panel_widgets.png</texture>
					</control>
					<control type="image">
						<left>20</left>
						<top>0</top>
						<width>165</width>
						<height>165</height>
						<aspectratio align="center" aligny="center">keep</aspectratio>
						<texture background="true" fallback="thumbs/fallback_square_tp.png">$INFO[ListItem.Icon]</texture>
						<bordersize>ThumbsBordersize6pix</bordersize>
					</control>
					<control type="image">
						<left>20</left>
						<top>0</top>
						<width>165</width>
						<height>165</height>
						<colordiffuse>$VAR[Textures.GlobalColor]</colordiffuse>
						<aspectratio align="center" aligny="center">stretch</aspectratio>
						<texture border="31">windows/home/focus_widgets.png</texture>
						<include>ThumbnailsFocusAnimation</include>
					</control>
				</focusedlayout>
			</control>

			<control type="grouplist" id="10000">
				<left>937</left>
				<top>466</top>
				<height>112</height>
				<onleft condition="Control.IsVisible(3)">3</onleft>
				<onleft condition="Control.IsVisible(6)">6</onleft>
				<onright condition="Control.IsVisible(3)">3</onright>
				<onright condition="Control.IsVisible(6)">6</onright>
				<align>right</align>
				<defaultcontrol always="true">5</defaultcontrol>
				<animation effect="slide" start="0,0" end="71,15" condition="Control.IsVisible(6)">Conditional</animation>
				<control type="button" id="7">
					<description>Cancel</description>
					<include>DialogsButtonsText</include>
					<texturefocus border="49,0,49,0">dialogs/buttons/cancel_focus.png</texturefocus>
					<texturenofocus border="49,0,49,0">dialogs/buttons/cancel_nofocus.png</texturenofocus>
					<label>$LOCALIZE[222]</label>
				</control>
				<control type="button" id="5">
					<description>Get More/Manual/Ok</description>
					<include>DialogsButtonsText</include>
					<texturefocus border="49,0,49,0">dialogs/buttons/add_focus.png</texturefocus>
					<texturenofocus border="49,0,49,0">dialogs/buttons/add_nofocus.png</texturenofocus>
					<label></label>
				</control>
			</control>
		</control>
	</include>

	<variable name="AutosaveOnOff">
		<value condition="!Control.IsEnabled(23)">$LOCALIZE[16041]</value>
		<value>$LOCALIZE[16039]</value>
	</variable>


	<!-- =========================== -->
	<!-- == Dialog PlayerControls == -->
	<!-- =========================== -->
	<include name="PlayerControls_Labels">
		<control type="image">
			<left>-45</left>
			<top>120</top>
			<include>FullscreenDimensions</include>
			<texture background="true">windows/home/menu_overlay.png</texture>
		</control>
		<control type="label">
			<description>Title label</description>
			<left>0</left>
			<top>555</top>
			<height>30</height>
			<width>630</width>
			<align>left</align>
			<aligny>center</aligny>
			<font>FontSize_36</font>
			<textcolor>white</textcolor>
			<shadowcolor>77000000</shadowcolor>
			<label>$VAR[HomeWidgetsListItemLabel]</label>
			<visible>!ControlGroup(100).HasFocus</visible>
		</control>
		<control type="label">
			<right>43</right>
			<top>585</top>
			<height>60</height>
			<width>550</width>
			<label>$INFO[Player.Time]$INFO[Player.Duration, / ]</label>
			<align>right</align>
			<aligny>center</aligny>
			<font>FontSize_46</font>
			<textcolor>white</textcolor>
			<shadowcolor>77000000</shadowcolor>
			<visible>Player.HasMedia + !ControlGroup(100).HasFocus</visible>
		</control>
		<control type="grouplist">
			<right>40</right>
			<top>548</top>
			<width>535</width>
			<itemgap>6</itemgap>
			<orientation>horizontal</orientation>
			<visible>!Skin.HasSetting(DisableQuickNav)</visible>
			<visible>Player.HasMedia | Integer.IsGreater(Container(200).NumItems,0) | Integer.IsGreater(Container(250).NumItems,0) | Integer.IsGreater(Container(300).NumItems,0) | Integer.IsGreater(Container(350).NumItems,0)</visible>
			<animation effect="slide" start="0,0" end="0,-38" condition="ControlGroup(100).HasFocus" reversible="false">Conditional</animation>
			<control type="label">
				<width>500</width>
				<height>21</height>
				<align>right</align>
				<font>FontSize_18B</font>
				<label>$LOCALIZE[22082]</label>
				<textcolor>77white</textcolor>
				<scroll>false</scroll>
			</control>
			<control type="image">
				<width>22</width>
				<height>22</height>
				<aspectratio>stretch</aspectratio>
				<texture background="true">icons/submenu_arrow.png</texture>
				<colordiffuse>77white</colordiffuse>
				<animation effect="rotate" start="180" end="0" center="auto" time="0" condition="String.IsEmpty(Window.Property(Movement))">conditional</animation>
				<!-- <colordiffuse>$VAR[Text.GlobalColor]</colordiffuse> -->
			</control>
		</control>
	</include>
	<include name="PlayerControls_NavigationArrows">
		<control type="image">
			<left>-48</left>
			<top>403</top>
			<include>WidgetsArrow_Left</include>
			<visible>[Control.HasFocus(150) + Container(150).HasPrevious] | [Control.HasFocus(200) + Container(200).HasPrevious] | [Control.HasFocus(250) + Container(250).HasPrevious] | [Control.HasFocus(300) + Container(300).HasPrevious] | [Control.HasFocus(350) + Container(350).HasPrevious]</visible>
		</control>
		<control type="image">
			<left>1187</left>
			<top>403</top>
			<include>WidgetsArrow_Right</include>
			<visible>[Control.HasFocus(150) + Container(150).HasNext] | [Control.HasFocus(200) + Container(200).HasNext] | [Control.HasFocus(250) + Container(250).HasNext] | [Control.HasFocus(300) + Container(300).HasNext] | [Control.HasFocus(350) + Container(350).HasNext]</visible>
		</control>
	</include>

	<variable name="PlayerContent">
		<value condition="Player.HasVideo + VideoPlayer.Content(Files)">$LOCALIZE[3]</value>
		<value condition="Player.HasVideo + VideoPlayer.Content(Movies)">$LOCALIZE[342]</value>
		<value condition="Player.HasVideo + VideoPlayer.Content(Episodes)">$LOCALIZE[31002]</value>
		<value condition="Player.HasVideo + VideoPlayer.Content(MusicVideos)">$LOCALIZE[20389]</value>
		<value condition="Player.HasAudio">$LOCALIZE[2]</value>
		<value condition="Pvr.IsPlayingTv | Pvr.IsPlayingRadio">$LOCALIZE[31000]</value>
	</variable>


	<!-- ========================== -->
	<!-- == Global Search Script == -->
	<!-- ========================== -->
	<include name="SearchResultsSubMenus_Layout">
		<left>0</left>
		<top>0</top>
		<width>$PARAM[label_width]</width>
		<height>$PARAM[label_height]</height>
		<height>35</height>
		<align>left</align>
		<aligny>center</aligny>
		<font>$PARAM[fontsize]</font>
		<textcolor>$PARAM[textcolor]</textcolor>
		<shadowcolor>55000000</shadowcolor>
		<label>$INFO[ListItem.label]$INFO[ListItem.label2, (,)]</label>
	</include>

	<include name="GlobalSearch_Labels">
		<control type="image">
			<left>-45</left>
			<top>45</top>
			<include>FullscreenDimensions</include>
			<texture background="true">windows/home/menu_overlay.png</texture>
			<visible>!String.IsEmpty(Container(9000).ListItem.Label)</visible>
		</control>
		<control type="group">
			<top>455</top>
			<animation type="Conditional" condition="Control.IsVisible(991) | Control.HasFocus(9000)">
				<effect type="slide" start="0,20" end="0,0" time="200" tween="sine" easing="inout"/>
				<effect type="fade" start="100" end="0" time="200"/>
			</animation>
			<control type="label">
				<description>Title label</description>
				<left>0</left>
				<top>5</top>
				<height>30</height>
				<width>950</width>
				<align>left</align>
				<aligny>center</aligny>
				<font>FontSize_36</font>
				<textcolor>white</textcolor>
				<label>$VAR[GlobalSearchResults_TitleLabel]</label>
			</control>
			<control type="grouplist">
				<left>0</left>
				<top>42</top>
				<width>950</width>
				<height>30</height>
				<align>left</align>
				<itemgap>6</itemgap>
				<orientation>horizontal</orientation>
				<include>SmallDownInfo_Top250</include>
				<control type="image">
					<include>SmallDownInfo_Def3DFlags</include>
				</control>
				<control type="image">
					<include>SmallDownInfo_MPAATVFlags</include>
				</control>
				<control type="label">
					<label>$VAR[GlobalSearchResults_SubtitleLabel]</label>
					<include>SmallDownInfo_SmallGlobalInfo</include>
				</control>
			</control>
			<control type="grouplist">
				<right>40</right>
				<top>0</top>
				<width>535</width>
				<itemgap>6</itemgap>
				<orientation>horizontal</orientation>
				<visible>!String.IsEmpty(Container(9000).ListItem.Label)</visible>
				<control type="label">
					<width>500</width>
					<height>21</height>
					<align>right</align>
					<font>FontSize_18B</font>
					<label>$LOCALIZE[283]</label>
					<textcolor>77white</textcolor>
					<scroll>false</scroll>
				</control>
				<control type="image">
					<width>22</width>
					<height>22</height>
					<aspectratio>stretch</aspectratio>
					<texture background="true">icons/submenu_arrow.png</texture>
					<colordiffuse>77white</colordiffuse>
				</control>
			</control>
		</control>
	</include>

	<include name="GlobalSearch_NavigationArrows">
		<control type="image">
			<left>-48</left>
			<top>320</top>
			<animation effect="slide" start="0,0" end="0,36" condition="Container.Content(Episodes)" reversible="false">Conditional</animation>
			<animation effect="slide" start="0,0" end="0,8" condition="![Container.Content(Movies) | Container.Content(TVShows) | Container.Content(Seasons) | Container.Content(MusicVideos) | Container.Content(Episodes)]" reversible="false">Conditional</animation>
			<include>WidgetsArrow_Left</include>
			<visible>Control.HasFocus(50) + Container(50).HasPrevious</visible>
		</control>
		<control type="image">
			<left>1187</left>
			<top>320</top>
			<animation effect="slide" start="0,0" end="0,36" condition="Container.Content(Episodes)" reversible="false">Conditional</animation>
			<animation effect="slide" start="0,0" end="0,8" condition="![Container.Content(Movies) | Container.Content(TVShows) | Container.Content(Seasons) | Container.Content(MusicVideos) | Container.Content(Episodes)]" reversible="false">Conditional</animation>
			<include>WidgetsArrow_Right</include>
			<visible>Control.HasFocus(50) + Container(50).HasNext</visible>
		</control>
	</include>

	<include name="GlobalSearch_UnWatchedPoster">
		<control type="image">
			<width>142</width>
			<height>203</height>
			<aspectratio align="center" aligny="center">stretch</aspectratio>
			<texture background="true">overlays/unwatched/thumbs/UnWatched_Poster.png</texture>
			<bordersize>ThumbsBordersize6pix</bordersize>
			<visible>Integer.IsEqual(ListItem.PlayCount,0)</visible>
		</control>
	</include>

	<include name="GlobalSearch_UnWatchedLandscape">
		<control type="image">
			<width>232</width>
			<height>136</height>
			<aspectratio align="center" aligny="center">stretch</aspectratio>
			<texture background="true">overlays/unwatched/banners/UnWatched_Episodes.png</texture>
			<bordersize>ThumbsBordersize6pix</bordersize>
			<visible>Integer.IsEqual(ListItem.PlayCount,0)</visible>
		</control>
	</include>

	<variable name="GlobalSearchResults_TitleLabel">
		<value condition="Container.Content(Albums) | Container.Content(MusicVideos)">$INFO[ListItem.Label]$INFO[ListItem.Artist, - ,]</value>
		<value condition="Container.Content(Songs) + !Integer.IsGreater(ListItem.TrackNumber,9)">$INFO[ListItem.TrackNumber,0,. ]$INFO[ListItem.Label]$INFO[ListItem.Duration, (,)]</value>
		<value condition="Container.Content(Songs) + Integer.IsGreater(ListItem.TrackNumber,9)">$INFO[ListItem.TrackNumber,,. ]$INFO[ListItem.Label]$INFO[ListItem.Duration, (,)]</value>
		<value condition="Container.Content(Episodes)">$INFO[ListItem.Title]</value>
		<value>$INFO[ListItem.Label]</value>
	</variable>

	<variable name="GlobalSearchResults_SubtitleLabel">
		<value condition="Container.Content(Movies) | Container.Content(MusicVideos)">$INFO[ListItem.Year]$INFO[ListItem.Rating, • ,]$VAR[ListItemDuration, • ,]</value>
		<value condition="Container.Content(TVShows)">$INFO[ListItem.Year]$INFO[ListItem.Rating, • ,]$INFO[ListItem.Property(UnWatchedEpisodes), • , $LOCALIZE[16101]]</value>
		<value condition="Container.Content(Seasons)">$INFO[ListItem.TVShowTitle]</value>
		<value condition="Container.Content(Episodes)">$INFO[ListItem.TVShowTitle,, ]$INFO[ListItem.Season,,x]$INFO[ListItem.Episode]$INFO[ListItem.Premiered, • $LOCALIZE[31003] ]</value>
		<value condition="Container.Content(Artists)">$INFO[ListItem.Property(Artist_Genre)]$INFO[ListItem.Property(Artist_YearsActive), • $LOCALIZE[21898] ,]</value>
		<value condition="Container.Content(Albums)">$INFO[ListItem.Year]$INFO[ListItem.Property(Album_label), • ]</value>
		<value condition="Container.Content(Songs)">$INFO[ListItem.Album]$INFO[ListItem.Artist, - ,]</value>
		<value condition="Container.Content(Actors)">$INFO[ListItem.Label2,$LOCALIZE[38026]: ]</value>
		<value condition="Container.Content(Directors)">$INFO[ListItem.Label2,$LOCALIZE[38026]: ]</value>
		<value condition="Container.Content(LiveTV)">$INFO[ListItem.Title]</value>
	</variable>

	<variable name="GlobalSearchResults_ContentHeadLabel">
		<value condition="Container.Content(Movies)">$LOCALIZE[342]</value>
		<value condition="Container.Content(TVShows)">$LOCALIZE[31002]</value>
		<value condition="Container.Content(Seasons)">$LOCALIZE[33054]</value>
		<value condition="Container.Content(Episodes)">$LOCALIZE[20360]</value>
		<value condition="Container.Content(MusicVideos)">$LOCALIZE[20389]</value>
		<value condition="Container.Content(Artists)">$LOCALIZE[133]</value>
		<value condition="Container.Content(Albums)">$LOCALIZE[132]</value>
		<value condition="Container.Content(Songs)">$LOCALIZE[134]</value>
		<value condition="Container.Content(Actors)">$LOCALIZE[344]</value>
		<value condition="Container.Content(Directors)">$LOCALIZE[20348]</value>
		<value condition="Container.Content(LiveTV)">$LOCALIZE[31000]</value>
	</variable>

	<variable name="GlobalSearchResults_LabelTwo">
		<value condition="Control.IsVisible(119)">$INFO[Control.GetLabel(110)]</value>
		<value condition="Control.IsVisible(129)">$INFO[Control.GetLabel(120)]</value>
		<value condition="Control.IsVisible(139)">$INFO[Control.GetLabel(130)]</value>
		<value condition="Control.IsVisible(149)">$INFO[Control.GetLabel(140)]</value>
		<value condition="Control.IsVisible(159)">$INFO[Control.GetLabel(150)]</value>
		<value condition="Control.IsVisible(169)">$INFO[Control.GetLabel(160)]</value>
		<value condition="Control.IsVisible(179)">$INFO[Control.GetLabel(170)]</value>
		<value condition="Control.IsVisible(189)">$INFO[Control.GetLabel(180)]</value>
	</variable>

	<!-- =============================== -->
	<!-- == ExtendedInfo Dialogs Vars == -->
	<!-- =============================== -->
	<variable name="ExtendedInfoDialogs_Title">
		<value condition="String.IsEqual(Window.Property(type),movie)">$INFO[Window.Property(Title)]$INFO[Window.Property(Year), (,) ]</value>
		<value condition="String.IsEqual(Window.Property(type),tvshow)">$INFO[Window.Property(Title)]</value>
	</variable>

	<variable name="ExtendedInfoDialogs_Row.1.Label">
		<value condition="String.IsEqual(Window.Property(type),movie)">$LOCALIZE[20339]:</value>
		<value condition="String.IsEqual(Window.Property(type),tvshow)">$LOCALIZE[126]:</value>
	</variable>

	<variable name="ExtendedInfoDialogs_Row.2.Label">
		<value condition="String.IsEqual(Window.Property(type),movie)">$LOCALIZE[20417]:</value>
		<value condition="String.IsEqual(Window.Property(type),tvshow)">$LOCALIZE[31004]:</value>
	</variable>

	<variable name="ExtendedInfoDialogs_Row.3.Label">
		<value condition="String.IsEqual(Window.Property(type),movie)">$LOCALIZE[572]:</value>
		<value condition="String.IsEqual(Window.Property(type),tvshow)">$LOCALIZE[33054]:</value>
	</variable>

	<variable name="ExtendedInfoDialogs_Row.4.Label">
		<value condition="String.IsEqual(Window.Property(type),movie)">$LOCALIZE[2050]:</value>
		<value condition="String.IsEqual(Window.Property(type),tvshow)">$LOCALIZE[572]:</value>
	</variable>

	<variable name="CastListContent">
		<value condition="String.IsEqual(ListItem.DBType,Movie)">plugin://script.skin.helper.service/?action=getcast&amp;movie=$INFO[ListItem.DBID]&amp;castaction=extendedinfo</value>
		<value condition="String.IsEqual(ListItem.DBType,TVShow) | String.IsEqual(ListItem.DBType,Season)">plugin://script.skin.helper.service/?action=getcast&amp;tvshow=$INFO[ListItem.DBID]&amp;castaction=extendedinfo</value>
		<value condition="String.IsEqual(ListItem.DBType,Episode)">plugin://script.skin.helper.service/?action=getcast&amp;episode=$INFO[ListItem.DBID]&amp;castaction=extendedinfo</value>
	</variable>

	<variable name="SimilarListContent">
		<value condition="String.IsEqual(ListItem.DBType,Movie)">plugin://script.extendedinfo?info=similarmovies&amp;&amp;dbid=$ESCINFO[ListItem.DBID]</value>
		<value condition="String.IsEqual(ListItem.DBType,TVShow) | String.IsEqual(ListItem.DBType,Season)">plugin://script.extendedinfo?info=similartvshows&amp;&amp;dbid=$ESCINFO[ListItem.DBID]</value>
	</variable>

	<variable name="SimilarItemsHeadLabel">
		<value condition="String.IsEqual(ListItem.DBType,Movie)">$ADDON[script.skin.helper.widgets 32006]</value>
		<value condition="String.IsEqual(ListItem.DBType,TVShow) | String.IsEqual(ListItem.DBType,Season)">$ADDON[script.skin.helper.widgets 32014]</value>
	</variable>
	<!--
	<variable name="SimilarItemsHeadLabel">
	<value condition="String.IsEqual(Window.Property(type),movie) | String.IsEqual(ListItem.DBType,Movie)">$ADDON[script.skin.helper.widgets 32006]</value>
	<value condition="String.IsEqual(Window.Property(type),tvshow) | String.IsEqual(Window.Property(type),season) | String.IsEqual(ListItem.DBType,TVShow) | String.IsEqual(ListItem.DBType,Season)">$ADDON[script.skin.helper.widgets 32014]</value>
	</variable>
	-->
	<!-- ===================== -->
	<!-- == Trailers Window == -->
	<!-- ===================== -->
	<include name="TrailersHeader">
		<control type="grouplist">
			<left>42</left>
			<top>0</top>
			<width>1085</width>
			<height>48</height>
			<itemgap>0</itemgap>
			<orientation>horizontal</orientation>
			<include>CommonViews_VerticalAnimation</include>
			<control type="image">
				<height>48</height>
				<width>48</width>
				<colordiffuse>bbwhite</colordiffuse>
				<aspectratio>stretch</aspectratio>
				<texture>$PARAM[provider_icon]</texture>
			</control>
			<control type="label">
				<height>46</height>
				<width max="1085">auto</width>
				<font>FontSize_18B</font>
				<textcolor>bbwhite</textcolor>
				<shadowcolor>77000000</shadowcolor>
				<scroll>false</scroll>
				<label>$PARAM[provider_name]</label>
			</control>
		</control>
		<control type="grouplist">
			<right>0</right>
			<top>5</top>
			<width>1085</width>
			<height>48</height>
			<itemgap>6</itemgap>
			<align>right</align>
			<orientation>horizontal</orientation>
			<include>CommonViews_VerticalAnimation</include>
			<control type="label">
				<width max="300">auto</width>
				<height>38</height>
				<textcolor>bbwhite</textcolor>
				<shadowcolor>77000000</shadowcolor>
				<font>FontSize_18B</font>
				<scroll>false</scroll>
				<label>$INFO[Container($PARAM[container_id]).CurrentItem,Item ]$INFO[Container($PARAM[container_id]).NumItems, of ]</label>
				<visible>$PARAM[visible]</visible>
			</control>
			<control type="label">
				<height>36</height>
				<width max="300">auto</width>
				<font>FontSize_18B</font>
				<textcolor>$VAR[Text.GlobalColor]</textcolor>
				<shadowcolor>77000000</shadowcolor>
				<scroll>false</scroll>
				<label>$LOCALIZE[31006]</label>
				<visible>!$PARAM[visible]</visible>
			</control>
			<control type="image">
				<width>32</width>
				<height>32</height>
				<colordiffuse>$VAR[Text.GlobalColor]</colordiffuse>
				<shadowcolor>77000000</shadowcolor>
				<aspectratio>keep</aspectratio>
				<texture>dialogs/busy/busy_small.png</texture>
				<animation effect="rotate" start="0" end="-360" center="auto" time="1500" loop="true" condition="true">conditional</animation>
				<visible>!$PARAM[visible]</visible>
			</control>
		</control>
	</include>

	<include name="TrailersPanel_Posters">
		<control type="panel" id="$PARAM[container_id]">
			<left>45</left>
			<top>35</top>
			<height>256</height>
			<width>1196</width>
			<onleft>9000</onleft>
			<onright>$PARAM[container_id]</onright>
			<onup>$PARAM[onup]</onup>
			<ondown>$PARAM[ondown]</ondown>
			<orientation>horizontal</orientation>
			<pagecontrol>60</pagecontrol>
			<preloaditems>4</preloaditems>
			<viewtype label="31085">icons</viewtype>
			<scrolltime tween="Quadratic" easing="out">300</scrolltime>
			<include>CommonViews_VerticalAnimation</include>
			<itemlayout height="246" width="149.5">
				<control type="image">
					<left>0</left>
					<top>5</top>
					<width>143</width>
					<height>200</height>
					<aspectratio align="center" aligny="center">stretch</aspectratio>
					<texture border="39">windows/home/panel_widgets.png</texture>
				</control>
				<control type="image">
					<left>0</left>
					<top>5</top>
					<width>143</width>
					<height>200</height>
					<aspectratio aligny="center" align="center">scale</aspectratio>
					<texture background="true" fallback="thumbs/fallback_poster_tp.png">$VAR[VarArtPoster]</texture>
					<bordersize>ThumbsBordersize6pix</bordersize>
				</control>
				<control type="image">
					<left>0</left>
					<top>5</top>
					<width>143</width>
					<height>200</height>
					<texture background="true">overlays/unwatched/thumbs/UnWatched_Poster.png</texture>
					<aspectratio align="center" aligny="center">stretch</aspectratio>
					<bordersize>ThumbsBordersize6pix</bordersize>
					<visible>String.IsEqual(ListItem.Overlay,OverlayUnWatched.png)</visible>
				</control>
				<control type="textbox">
					<left>3</left>
					<top>205</top>
					<width>140</width>
					<height>35</height>
					<textcolor>99white</textcolor>
					<shadowcolor>77000000</shadowcolor>
					<font>TextboxFont_15B</font>
					<label>$INFO[ListItem.Label]</label>
				</control>
			</itemlayout>
			<focusedlayout height="246" width="149.5">
				<control type="image">
					<left>0</left>
					<top>5</top>
					<width>143</width>
					<height>200</height>
					<aspectratio align="center" aligny="center">stretch</aspectratio>
					<texture border="39">windows/home/panel_widgets.png</texture>
				</control>
				<control type="image">
					<left>0</left>
					<top>5</top>
					<width>143</width>
					<height>200</height>
					<aspectratio align="center" aligny="center">scale</aspectratio>
					<texture background="true" fallback="thumbs/fallback_poster_tp.png">$VAR[VarArtPoster]</texture>
					<bordersize>ThumbsBordersize6pix</bordersize>
				</control>
				<control type="image">
					<left>0</left>
					<top>5</top>
					<width>143</width>
					<height>200</height>
					<texture background="true">overlays/unwatched/thumbs/UnWatched_Poster.png</texture>
					<aspectratio align="center" aligny="center">stretch</aspectratio>
					<bordersize>ThumbsBordersize6pix</bordersize>
					<visible>String.IsEqual(ListItem.Overlay,OverlayUnWatched.png)</visible>
				</control>
				<control type="textbox">
					<left>3</left>
					<top>205</top>
					<width>140</width>
					<height>35</height>
					<textcolor>$VAR[Textures.GlobalColor]</textcolor>
					<shadowcolor>77000000</shadowcolor>
					<font>TextboxFont_15B</font>
					<label>$INFO[ListItem.Label]</label>
				</control>
				<control type="image">
					<left>0</left>
					<top>5</top>
					<width>143</width>
					<height>200</height>
					<colordiffuse>$VAR[Textures.GlobalColor]</colordiffuse>
					<aspectratio align="center" aligny="center">stretch</aspectratio>
					<texture border="39">windows/home/focus_widgets.png</texture>
					<include>ThumbnailsFocusAnimation</include>
				</control>
			</focusedlayout>
			<content>$PARAM[content]</content>
		</control>
	</include>

	<include name="TrailersPanel_Landscape">
		<control type="panel" id="$PARAM[container_id]">
			<left>40</left>
			<top>35</top>
			<height>256</height>
			<width>1200</width>
			<onleft>9000</onleft>
			<onright>$PARAM[container_id]</onright>
			<onup>$PARAM[onup]</onup>
			<ondown>$PARAM[ondown]</ondown>
			<orientation>horizontal</orientation>
			<pagecontrol>60</pagecontrol>
			<preloaditems>4</preloaditems>
			<viewtype label="31085">icons</viewtype>
			<scrolltime tween="Quadratic" easing="out">300</scrolltime>
			<include>CommonViews_VerticalAnimation</include>
			<itemlayout height="145" width="239.4">
				<control type="image">
					<left>5</left>
					<top>5</top>
					<width>232</width>
					<height>136</height>
					<aspectratio align="center" aligny="center">stretch</aspectratio>
					<texture border="30">windows/home/panel_widgets.png</texture>
				</control>
				<control type="image">
					<left>5</left>
					<top>5</top>
					<width>232</width>
					<height>136</height>
					<aspectratio align="center" aligny="center">scale</aspectratio>
					<texture background="true" fallback="thumbs/fallback_episode_tp.png">$VAR[VarArtThumb]</texture>
					<bordersize>ThumbsBordersize6pix</bordersize>
				</control>
				<control type="textbox">
					<left>10</left>
					<top>140</top>
					<width>224</width>
					<height>65</height>
					<textcolor>99white</textcolor>
					<shadowcolor>77000000</shadowcolor>
					<font>TextboxFont_15B</font>
					<label>$INFO[ListItem.Label]</label>
				</control>
			</itemlayout>
			<focusedlayout height="145" width="239.4">
				<control type="image">
					<left>5</left>
					<top>5</top>
					<width>232</width>
					<height>136</height>
					<aspectratio align="center" aligny="center">stretch</aspectratio>
					<texture border="30">windows/home/panel_widgets.png</texture>
				</control>
				<control type="image">
					<left>5</left>
					<top>5</top>
					<width>232</width>
					<height>136</height>
					<aspectratio align="center" aligny="center">scale</aspectratio>
					<texture background="true" fallback="thumbs/fallback_episode_tp.png">$VAR[VarArtThumb]</texture>
					<bordersize>ThumbsBordersize6pix</bordersize>
				</control>
				<control type="textbox">
					<left>10</left>
					<top>140</top>
					<width>224</width>
					<height>65</height>
					<textcolor>$VAR[Textures.GlobalColor]</textcolor>
					<shadowcolor>77000000</shadowcolor>
					<font>TextboxFont_15B</font>
					<label>$INFO[ListItem.Label]</label>
				</control>
				<control type="image">
					<left>5</left>
					<top>5</top>
					<width>232</width>
					<height>136</height>
					<colordiffuse>$VAR[Textures.GlobalColor]</colordiffuse>
					<aspectratio align="center" aligny="center">stretch</aspectratio>
					<texture border="30">windows/home/focus_widgets.png</texture>
					<include>ThumbnailsFocusAnimation</include>
				</control>
			</focusedlayout>
			<content limit="30">$PARAM[content]</content>
		</control>
	</include>

	<include name="Trailers_Fanart">
		<control type="group">
			<include>QuickNavFadeEffect</include>
			<visible>!Skin.HasSetting(HideBGFanart)</visible>
			<control type="image">
				<include>FullscreenDimensions</include>
				<texture background="true">$VAR[TrailersContainerID]</texture>
				<fadetime>FanartCrossfadeTime</fadetime>
				<animation effect="fade" time="450" tween="sine" easing="out" reversible="false">WindowOpen</animation>
				<animation effect="fade" time="450" tween="sine" easing="in" reversible="false">WindowClose</animation>
				<animation effect="fade" time="300" tween="sine" easing="out" reversible="false">Visible</animation>
				<animation effect="fade" time="230" tween="sine" easing="in" reversible="false">Hidden</animation>
			</control>
		</control>
	</include>

	<variable name="TrailersContainerID">
		<value condition="ControlGroup(4000).HasFocus(4100)">$INFO[Container(4100).ListItem.Art(fanart)]</value>
		<value condition="ControlGroup(4000).HasFocus(4200)">$INFO[Container(4200).ListItem.Thumb]</value>
		<value condition="ControlGroup(4000).HasFocus(4300)">$INFO[Container(4300).ListItem.Art(fanart)]</value>
		<value condition="ControlGroup(4000).HasFocus(4400)">$INFO[Container(4400).ListItem.Thumb]</value>
		<value condition="ControlGroup(4000).HasFocus(4500)">$INFO[Container(4500).ListItem.Art(fanart)]</value>
		<value condition="ControlGroup(4000).HasFocus(4600)">$INFO[Container(4600).ListItem.Thumb]</value>
		<value condition="ControlGroup(4000).HasFocus(4700)">$INFO[Container(4700).ListItem.Art(fanart)]</value>
		<value condition="ControlGroup(4000).HasFocus(4800)">$INFO[Container(4800).ListItem.Thumb]</value>
		<value condition="ControlGroup(4000).HasFocus(4900)">$INFO[Container(4900).ListItem.Art(fanart)]</value>
		<value condition="ControlGroup(4000).HasFocus(5000)">$INFO[Container(5000).ListItem.Thumb]</value>
		<value condition="ControlGroup(4000).HasFocus(5100)">$INFO[Container(5100).ListItem.Art(fanart)]</value>
		<value condition="ControlGroup(4000).HasFocus(5200)">$INFO[Container(5200).ListItem.Thumb]</value>
	</variable>

	<!-- ====================== -->
	<!-- == VideoInfo Window == -->
	<!-- ====================== -->
	<include name="VideoInfoListHeader">
		<control type="grouplist">
			<left>8</left>
			<top>0</top>
			<width>700</width>
			<height>48</height>
			<itemgap>0</itemgap>
			<orientation>horizontal</orientation>
			<animation effect="slide" start="0,0" end="0,-45" time="250" condition="Control.HasFocus($PARAM[container_id]) + ![String.IsEqual(Window.Property(videoinfo),4) | String.IsEqual(Window.Property(castinfo),4)]">Conditional</animation>
			<control type="image">
				<height>48</height>
				<width>48</width>
				<colordiffuse>99white</colordiffuse>
				<aspectratio>stretch</aspectratio>
				<texture>$PARAM[header_icon]</texture>
			</control>
			<control type="label">
				<height>46</height>
				<width max="660">auto</width>
				<font>FontSize_18B</font>
				<label>$PARAM[header_label]</label>
				<textcolor>99white</textcolor>
				<shadowcolor>99000000</shadowcolor>
				<scroll>false</scroll>
			</control>
			<!--
			<control type="image">
			<height>1</height>
			<width max="745">auto</width>
			<colordiffuse>77white</colordiffuse>
			<texture>windows/bg/white.png</texture>
			<animation effect="slide" end="0,17" time="0" condition="true">Conditional</animation>
			<visible>$PARAM[visible]</visible>
			</control>
			-->
		</control>
		<control type="grouplist">
			<right>10</right>
			<top>5</top>
			<width>300</width>
			<height>48</height>
			<itemgap>6</itemgap>
			<align>right</align>
			<orientation>horizontal</orientation>
			<animation effect="slide" start="0,0" end="0,-45" time="250" condition="Control.HasFocus($PARAM[container_id]) + ![String.IsEqual(Window.Property(videoinfo),4) | String.IsEqual(Window.Property(castinfo),4)]">Conditional</animation>
			<control type="label">
				<width max="300">auto</width>
				<height>36</height>
				<textcolor>99white</textcolor>
				<shadowcolor>77000000</shadowcolor>
				<font>FontSize_18B</font>
				<scroll>false</scroll>
				<label>$INFO[Container($PARAM[container_id]).CurrentItem,Item ]$INFO[Container($PARAM[container_id]).NumItems, of ]</label>
				<visible>$PARAM[visible]</visible>
			</control>
			<control type="label">
				<height>36</height>
				<width max="300">auto</width>
				<font>FontSize_18B</font>
				<label>$LOCALIZE[31006]</label>
				<textcolor>$VAR[Text.GlobalColor]</textcolor>
				<scroll>false</scroll>
				<visible>!$PARAM[visible]</visible>
			</control>
			<control type="image">
				<width>32</width>
				<height>32</height>
				<colordiffuse>$VAR[Text.GlobalColor]</colordiffuse>
				<aspectratio>keep</aspectratio>
				<texture>dialogs/busy/busy_small.png</texture>
				<animation effect="rotate" start="0" end="-360" center="auto" time="1500" loop="true" condition="true">conditional</animation>
				<visible>!$PARAM[visible]</visible>
			</control>
		</control>
	</include>

	<include name="VideoInfoListContainer">
		<control type="fixedlist" id="$PARAM[container_id]">
			<left>0</left>
			<top>40</top>
			<width>870</width>
			<height>316</height>
			<!-- <onclick condtion="String.IsEqual(Window.Property(videoinfo),1)">Action(down)</onclick> -->
			<!-- <onclick condtion="!String.IsEqual(Window.Property(videoinfo),1)">Action(select)</onclick> -->
			<onleft>$PARAM[container_id]</onleft>
			<onright>$PARAM[container_id]</onright>
			<onup>$PARAM[onup]</onup>
			<ondown>$PARAM[ondown]</ondown>
			<orientation>horizontal</orientation>
			<scrolltime tween="sine" easing="out">250</scrolltime>
			<animation effect="slide" start="0,0" end="0,-45" time="250" condition="Control.HasFocus($PARAM[container_id])">Conditional</animation>
			<itemlayout width="174" height="240">
				<control type="image">
					<left>10</left>
					<top>0</top>
					<width>160</width>
					<height>240</height>
					<aspectratio align="center" aligny="center">stretch</aspectratio>
					<texture background="true" diffuse="thumbs/poster_diffuse.png">thumbs/thumb_back.png</texture>
				</control>
				<control type="image">
					<left>10</left>
					<top>0</top>
					<width>160</width>
					<height>240</height>
					<aspectratio align="center" aligny="center" scalediffuse="false">scale</aspectratio>
					<texture background="true" fallback="thumbs/fallback_poster.png" diffuse="thumbs/poster_diffuse.png">$INFO[ListItem.Icon]</texture>
				</control>
				<control type="image">
					<left>10</left>
					<top>0</top>
					<width>160</width>
					<height>240</height>
					<aspectratio align="center" aligny="center">stretch</aspectratio>
					<texture diffuse="thumbs/poster_diffuse.png">overlays/in_library.png</texture>
					<visible>!String.IsEmpty(ListItem.DBID)</visible>
				</control>
				<control type="image">
					<left>10</left>
					<top>0</top>
					<width>160</width>
					<height>240</height>
					<aspectratio align="center" aligny="center">stretch</aspectratio>
					<texture background="true" border="1">thumbs/poster_overlay.png</texture>
				</control>
			</itemlayout>
			<focusedlayout width="174" height="240">
				<control type="group">
					<animation reversible="false" effect="zoom" start="100" end="120" center="0,0" time="250">Focus</animation>
					<animation reversible="false" effect="zoom" start="120" end="100" center="0,0" time="250">UnFocus</animation>
					<control type="image">
						<left>10</left>
						<top>0</top>
						<width>160</width>
						<height>240</height>
						<aspectratio align="center" aligny="center">stretch</aspectratio>
						<texture background="true" diffuse="thumbs/poster_diffuse.png">thumbs/thumb_back.png</texture>
					</control>
					<control type="image">
						<left>10</left>
						<top>0</top>
						<width>160</width>
						<height>240</height>
						<aspectratio align="center" aligny="center" scalediffuse="false">scale</aspectratio>
						<texture background="true" fallback="thumbs/fallback_poster.png" diffuse="thumbs/poster_diffuse.png">$INFO[ListItem.Icon]</texture>
					</control>
					<control type="image">
						<left>10</left>
						<top>0</top>
						<width>160</width>
						<height>240</height>
						<aspectratio align="center" aligny="center">stretch</aspectratio>
						<texture diffuse="thumbs/poster_diffuse.png">overlays/in_library.png</texture>
						<visible>!String.IsEmpty(ListItem.DBID)</visible>
					</control>
					<control type="image">
						<left>10</left>
						<top>0</top>
						<width>160</width>
						<height>240</height>
						<aspectratio align="center" aligny="center">stretch</aspectratio>
						<texture background="true" border="1">thumbs/poster_overlay.png</texture>
					</control>
				</control>
				<control type="label">
					<left>210</left>
					<top>243</top>
					<width>675</width>
					<height>40</height>
					<font>FontSize_22</font>
					<textcolor>white</textcolor>
					<shadowcolor>99000000</shadowcolor>
					<selectedcolor>white</selectedcolor>
					<label>$INFO[ListItem.Label]$INFO[ListItem.Label2, $LOCALIZE[20347] ]$INFO[Listitem.Year, (,) ]</label>
					<visible>Control.HasFocus($PARAM[container_id])</visible>
					<animation reversible="false" effect="fade" start="0" end="100" time="300">Focus</animation>
					<animation reversible="false" effect="fade" start="100" end="0" time="0">UnFocus</animation>
				</control>
			</focusedlayout>
			<content>$PARAM[content]</content>
		</control>
	</include>

	<include name="VideoInfoListContainerScripts">
		<control type="fixedlist" id="$PARAM[container_id]">
			<left>0</left>
			<top>40</top>
			<width>870</width>
			<height>316</height>
			<onleft>$PARAM[container_id]</onleft>
			<onright>$PARAM[container_id]</onright>
			<onup>$PARAM[onup]</onup>
			<ondown>$PARAM[ondown]</ondown>
			<orientation>horizontal</orientation>
			<scrolltime tween="sine" easing="out">250</scrolltime>
			<animation effect="slide" start="0,0" end="0,-45" time="250" condition="Control.HasFocus($PARAM[container_id])">Conditional</animation>
			<itemlayout width="174" height="240">
				<control type="image">
					<left>10</left>
					<top>0</top>
					<width>160</width>
					<height>240</height>
					<aspectratio align="center" aligny="center">stretch</aspectratio>
					<texture background="true" diffuse="thumbs/poster_diffuse.png">thumbs/thumb_back.png</texture>
				</control>
				<control type="image">
					<left>10</left>
					<top>0</top>
					<width>160</width>
					<height>240</height>
					<aspectratio align="center" aligny="center" scalediffuse="false">scale</aspectratio>
					<texture background="true" fallback="thumbs/fallback_poster.png" diffuse="thumbs/poster_diffuse.png">$INFO[ListItem.Icon]</texture>
				</control>
				<control type="image">
					<left>10</left>
					<top>0</top>
					<width>160</width>
					<height>240</height>
					<aspectratio align="center" aligny="center">stretch</aspectratio>
					<texture diffuse="thumbs/poster_diffuse.png">overlays/in_library.png</texture>
					<visible>!String.IsEmpty(ListItem.DBID)</visible>
				</control>
				<control type="image">
					<left>10</left>
					<top>0</top>
					<width>160</width>
					<height>240</height>
					<aspectratio align="center" aligny="center">stretch</aspectratio>
					<texture background="true" border="1">thumbs/poster_overlay.png</texture>
				</control>
			</itemlayout>
			<focusedlayout width="174" height="240">
				<control type="group">
					<animation reversible="false" effect="zoom" start="100" end="120" center="0,0" time="250">Focus</animation>
					<animation reversible="false" effect="zoom" start="120" end="100" center="0,0" time="250">UnFocus</animation>
					<control type="image">
						<left>10</left>
						<top>0</top>
						<width>160</width>
						<height>240</height>
						<aspectratio align="center" aligny="center">stretch</aspectratio>
						<texture background="true" diffuse="thumbs/poster_diffuse.png">thumbs/thumb_back.png</texture>
					</control>
					<control type="image">
						<left>10</left>
						<top>0</top>
						<width>160</width>
						<height>240</height>
						<aspectratio align="center" aligny="center" scalediffuse="false">scale</aspectratio>
						<texture background="true" fallback="thumbs/fallback_poster.png" diffuse="thumbs/poster_diffuse.png">$INFO[ListItem.Icon]</texture>
					</control>
					<control type="image">
						<left>10</left>
						<top>0</top>
						<width>160</width>
						<height>240</height>
						<aspectratio align="center" aligny="center">stretch</aspectratio>
						<texture diffuse="thumbs/poster_diffuse.png">overlays/in_library.png</texture>
						<visible>!String.IsEmpty(ListItem.DBID)</visible>
					</control>
					<control type="image">
						<left>10</left>
						<top>0</top>
						<width>160</width>
						<height>240</height>
						<aspectratio align="center" aligny="center">stretch</aspectratio>
						<texture background="true" border="1">thumbs/poster_overlay.png</texture>
					</control>
				</control>
				<control type="label">
					<left>210</left>
					<top>243</top>
					<width>675</width>
					<height>40</height>
					<font>FontSize_22</font>
					<textcolor>white</textcolor>
					<shadowcolor>99000000</shadowcolor>
					<selectedcolor>white</selectedcolor>
					<label>$INFO[ListItem.Label]$INFO[Listitem.Property(Job), (,) ]$INFO[ListItem.Property(Character), $LOCALIZE[20347] ]$INFO[Listitem.Year, (,) ]</label>
					<visible>Control.HasFocus($PARAM[container_id])</visible>
					<visible>!String.IsEqual(Window.Property(castinfo),3)</visible>
					<animation reversible="false" effect="fade" start="0" end="100" time="300">Focus</animation>
					<animation reversible="false" effect="fade" start="100" end="0" time="0">UnFocus</animation>
				</control>
			</focusedlayout>
		</control>
	</include>


	<!-- ======================= -->
	<!-- == MusicInfo Window == -->
	<!-- ======================= -->
	<variable name="BiographyReview_ButtonLabel">
		<value condition="String.IsEqual(ListItem.DBType,artist)">$LOCALIZE[21887]</value>
		<value condition="String.IsEqual(ListItem.DBType,album)">$LOCALIZE[183]</value>
	</variable>
	<variable name="DiscographyTracks_ButtonLabel">
		<value condition="String.IsEqual(ListItem.DBType,artist)">$LOCALIZE[21888]</value>
		<value condition="String.IsEqual(ListItem.DBType,album)">$LOCALIZE[182]</value>
	</variable>


	<!-- ======================= -->
	<!-- == AddonInfo Window == -->
	<!-- ======================= -->
	<variable name="AddonBrokenDisclaimerDiffuseIcon">
		<value condition="!String.IsEmpty(ListItem.AddonBroken)">red</value>
		<value condition="!String.IsEmpty(ListItem.AddonDisclaimer)">55white</value>
	</variable>

	<variable name="AddonBrokenDisclaimerLabel">
		<value condition="!String.IsEmpty(ListItem.AddonBroken)">[COLOR=red]$INFO[ListItem.AddonBroken][/COLOR]</value>
		<value condition="!String.IsEmpty(ListItem.AddonDisclaimer)">$INFO[ListItem.AddonDisclaimer]</value>
	</variable>


	<!-- ======================= -->
	<!-- StartExit Custom Dialog -->
	<!-- ======================= -->
	<variable name="Custom_ExitBigLabels">
		<value condition="!String.IsEmpty(Window(Home).Property(SmoothStart))">$LOCALIZE[31042]</value>
		<value condition="!String.IsEmpty(Window(Home).Property(SmoothExit))">$LOCALIZE[31043]</value>
	</variable>
	<variable name="Custom_ExitSubLabels">
		<value condition="String.Contains(Window(Home).Property(SmoothExit),Exiting)">$LOCALIZE[31045]</value>
		<value condition="String.Contains(Window(Home).Property(SmoothExit),Poweringoff)">$LOCALIZE[31046]</value>
		<value condition="String.Contains(Window(Home).Property(SmoothExit),Suspending)">$LOCALIZE[31047]</value>
		<value condition="String.Contains(Window(Home).Property(SmoothExit),Hibernating)">$LOCALIZE[31048]</value>
		<value condition="String.Contains(Window(Home).Property(SmoothExit),Rebooting)">$LOCALIZE[31049]</value>
		<value condition="String.Contains(Window(Home).Property(SmoothExit),Logingoff)">$LOCALIZE[31050]</value>
	</variable>
	<variable name="Custom_ExitActions">
		<value condition="String.Contains(Window(Home).Property(SmoothExit),Exiting)">AlarmClock(Exiting,Quit(),00:01,silent)</value>
		<value condition="String.Contains(Window(Home).Property(SmoothExit),Poweringoff)">AlarmClock(Poweringoff,Powerdown(),00:01,silent)</value>
		<value condition="String.Contains(Window(Home).Property(SmoothExit),Suspending)">AlarmClock(Suspending,Suspend(),00:01,silent)</value>
		<value condition="String.Contains(Window(Home).Property(SmoothExit),Hibernating)">AlarmClock(Hibernating,Hibernate(),00:01,silent)</value>
		<value condition="String.Contains(Window(Home).Property(SmoothExit),Rebooting)">AlarmClock(Rebooting,Reset(),00:01,silent)</value>
		<value condition="String.Contains(Window(Home).Property(SmoothExit),Logingoff)">AlarmClock(Logingoff,System.LogOff,00:03,silent)</value>
	</variable>

</includes>
