<?xml version="1.0" encoding="UTF-8"?>
<window>
	<defaultcontrol always="true">50</defaultcontrol>
	<views>50</views>
	<controls>

		<control type="group">
			<include>InfoDialogs_OpenCloseAnimation</include>
			<control type="grouplist">
				<left>900</left>
				<top>100</top>
				<width>775</width>
				<height>30</height>
				<orientation>horizontal</orientation>
				<control type="label">
					<textcolor>white</textcolor>
					<shadowcolor>99000000</shadowcolor>
					<font>FontSize_22</font>
					<width min="10" max="705">auto</width>
					<height>30</height>
					<label>$LOCALIZE[180]:</label>
					<visible>!String.IsEmpty(ListItem.Duration)</visible>
					<visible>!window.isactive(tvtimerrules)</visible>
				</control>
				<control type="label">
					<textcolor>99white</textcolor>
					<shadowcolor>99000000</shadowcolor>
					<font>FontSize_22</font>
					<width min="10" max="705">auto</width>
					<height>30</height>
					<label>$VAR[ListItemDuration]</label>
					<visible>!String.IsEmpty(ListItem.Duration)</visible>
					<visible>!window.isactive(tvtimerrules)</visible>
				</control>
			</control>
			<control type="group">
				<left>45</left>
				<top>80</top>
				<control type="image">
					<width>180</width>
					<height>180</height>
					<aspectratio align="center" aligny="center" scalediffuse="false">keep</aspectratio>
					<texture background="true">$INFO[ListItem.EPGEventIcon]</texture>
				</control>
			</control>
			<control type="group">
				<left>5</left>
				<top>40</top>
				<control type="label">
					<description>Title</description>
					<left>455</left>
					<top>0</top>
					<width>775</width>
					<height>30</height>
					<font>FontSize_36</font>
					<label>$INFO[ListItem.Title]</label>
					<align>left</align>
					<aligny>center</aligny>
					<textcolor>white</textcolor>
					<shadowcolor>99000000</shadowcolor>
				</control>
				<control type="label">
					<description>episode number</description>
					<left>455</left>
					<top>28</top>
					<width>775</width>
					<height>30</height>
					<font>FontSize_22</font>
					<label>S$INFO[ListItem.Season] E$INFO[ListItem.Episode] - Episode $INFO[ListItem.Episode] of Season $INFO[ListItem.Season]</label>
					<align>left</align>
					<aligny>center</aligny>
					<textcolor>99white</textcolor>
					<shadowcolor>99000000</shadowcolor>
					<visible>!String.IsEmpty(ListItem.Season)</visible>
				</control>
				<control type="textbox">
					<description>Description Value</description>
					<left>255</left>
					<top>110</top>
					<width>900</width>
					<height>100</height>
					<font>FontSize_22</font>
					<align>justify</align>
					<textcolor>99white</textcolor>
					<shadowcolor>99000000</shadowcolor>
					<label>$VAR[GlobalPlotDescription]</label>
					<autoscroll time="3000" delay="5000" repeat="5000">Skin.HasSetting(AutoScroll)</autoscroll>
					</control>
			</control>
			<control type="group">
				<left>255</left>
				<top>90</top>
				<control type="grouplist">
					<left>0</left>
					<top>0</top>
					<width>775</width>
					<height>30</height>
					<orientation>horizontal</orientation>
					<control type="label">
						<textcolor>white</textcolor>
						<shadowcolor>99000000</shadowcolor>
						<font>FontSize_22</font>
						<width min="10" max="675">auto</width>
						<label>$LOCALIZE[19126]:</label>
						<visible>!String.IsEmpty(ListItem.StartTime)</visible>
						<visible>!window.isactive(tvtimerrules)</visible>
					</control>
					<control type="label">
						<textcolor>99white</textcolor>
						<shadowcolor>99000000</shadowcolor>
						<font>FontSize_22</font>
						<width min="10" max="675">auto</width>
						<height>30</height>
						<label fallback="195">$INFO[ListItem.StartTime]$INFO[ListItem.StartDate, (,)]</label>
<visible>!String.IsEmpty(ListItem.StartTime)</visible>
<visible>!window.isactive(tvtimerrules)</visible>
					</control>
				</control>
				<control type="grouplist">
					<left>0</left>
					<top>25</top>
					<width>775</width>
					<height>30</height>
					<orientation>horizontal</orientation>
					<control type="label">
						<textcolor>white</textcolor>
						<shadowcolor>99000000</shadowcolor>
						<font>FontSize_22</font>
						<width min="10" max="705">auto</width>
						<height>30</height>
						<label>$LOCALIZE[19127]:</label>
						<visible>!String.IsEmpty(ListItem.EndTime)</visible>
						<visible>!window.isactive(tvtimerrules)</visible>
					</control>
					<control type="label">
						<textcolor>99white</textcolor>
						<shadowcolor>99000000</shadowcolor>
						<font>FontSize_22</font>
						<width min="10" max="705">auto</width>
						<height>30</height>
						<label fallback="195">$INFO[ListItem.EndTime]$INFO[ListItem.EndDate, (,)]</label>
						<visible>!String.IsEmpty(ListItem.EndTime)</visible>
						<visible>!window.isactive(tvtimerrules)</visible>
					</control>
				</control>
			</control>
		</control>

		<control type="group">
			<visible>Control.IsVisible(50)</visible>
			<include>FullscreenDimensions</include>
			<include>InfoDialogsVisible_ZoomAnimation</include>
			<include>VisibleHiddenSlideAnimation</include>
			<include>HomeMenu_OpenCloseSlideAnimation</include>
			<control type="list" id="50">
				<left>35</left>
				<top>270</top>
				<width>1200</width>
				<height>350</height>
				<onleft condition="Window.IsVisible(TVTimers) | Window.IsVisible(RadioTimers)">133</onleft>
				<onleft condition="Window.IsVisible(TVTimerRules) | Window.IsVisible(RadioTimerRules)">134</onleft>
				<onright>60</onright>
				<onup>50</onup>
				<ondown>50</ondown>
				<preloaditems>2</preloaditems>
				<viewtype label="537">list</viewtype>
				<pagecontrol>60</pagecontrol>
				<scrolltime tween="cubic" easing="out">300</scrolltime>
				<itemlayout height="50">
					<control type="group">
						<control type="image">
							<description>ChannelNumber Sep</description>
							<left>10</left>
							<top>0</top>
							<width>60</width>
							<height>45</height>
							<texture>windows/pvr/seperator.png</texture>
						</control>
						<control type="image">
							<description>ChannelName Sep</description>
							<left>74</left>
							<top>0</top>
							<width>265</width>
							<height>45</height>
							<texture>windows/pvr/seperator.png</texture>
							<visible>!String.IsEmpty(ListItem.Date)</visible>
						</control>
						<control type="image">
							<description>Title Sep</description>
							<left>343</left>
							<top>0</top>
							<width>578</width>
							<height>45</height>
							<texture>windows/pvr/seperator.png</texture>
							<visible>!String.IsEmpty(ListItem.Date)</visible>
						</control>
						<control type="image">
							<description>Date/Status Comment Sep</description>
							<left>925</left>
							<top>0</top>
							<width>275</width>
							<height>45</height>
							<texture>windows/pvr/seperator.png</texture>
							<visible>!String.IsEmpty(ListItem.Date)</visible>
						</control>
						<control type="image">
							<description>Add Timer Sep</description>
							<left>74</left>
							<top>0</top>
							<width>1126</width>
							<height>45</height>
							<texture>windows/pvr/seperator.png</texture>
							<include>VisibleFadeEffect2</include>
							<visible>String.IsEmpty(ListItem.Date)</visible>
						</control>
						<control type="label">
							<left>10</left>
							<top>0</top>
							<width>60</width>
							<height>45</height>
							<font>FontSize_22</font>
							<textcolor>viewsinfo</textcolor>
							<shadowcolor>77000000</shadowcolor>
							<selectedcolor>$VAR[Text.GlobalColor]</selectedcolor>
							<align>center</align>
							<aligny>center</aligny>
							<label fallback="#">$INFO[ListItem.ChannelNumberLabel]</label>
						</control>
						<control type="label">
							<left>85</left>
							<top>0</top>
							<width>253</width>
							<height>45</height>
							<font>FontSize_22</font>
							<textcolor>viewsinfo</textcolor>
							<shadowcolor>77000000</shadowcolor>
							<selectedcolor>$VAR[Text.GlobalColor]</selectedcolor>
							<align>left</align>
							<aligny>center</aligny>
							<label>$INFO[ListItem.ChannelName]</label>
						</control>
						<control type="label">
							<left>355</left>
							<top>0</top>
							<width>560</width>
							<height>45</height>
							<font>FontSize_22</font>
							<textcolor>viewsinfo</textcolor>
							<shadowcolor>77000000</shadowcolor>
							<selectedcolor>$VAR[Text.GlobalColor]</selectedcolor>
							<align>left</align>
							<aligny>center</aligny>
							<label>$INFO[ListItem.Label]</label>
							<animation effect="slide" end="-267" condition="String.IsEmpty(ListItem.Date)">Conditional</animation>
						</control>
						<control type="label">
							<left>925</left>
							<top>0</top>
							<width>275</width>
							<height>45</height>
							<font>TextboxFont_18</font>
							<textcolor>viewsinfo</textcolor>
							<shadowcolor>77000000</shadowcolor>
							<selectedcolor>$VAR[Text.GlobalColor]</selectedcolor>
							<align>center</align>
							<aligny>center</aligny>
							<label>$INFO[ListItem.Date][CR]$INFO[ListItem.Comment]</label>
						</control>
						<control type="image">
							<left>10</left>
							<top>0</top>
							<width>1180</width>
							<height>45</height>
							<texture>windows/pvr/selected.png</texture>
							<visible>ListItem.IsSelected | ListItem.IsPlaying</visible>
						</control>
					</control>
				</itemlayout>
				<focusedlayout height="50">
					<control type="group">
						<include>PVRListFocusAnimation</include>
						<control type="image">
							<description>ChannelNumber Sep</description>
							<left>10</left>
							<top>0</top>
							<width>60</width>
							<height>45</height>
							<colordiffuse>$VAR[Textures.GlobalColor]</colordiffuse>
							<texture>windows/pvr/focus.png</texture>
						</control>
						<control type="image">
							<description>ChannelName Sep</description>
							<left>74</left>
							<top>0</top>
							<width>265</width>
							<height>45</height>
							<colordiffuse>$VAR[Textures.GlobalColor]</colordiffuse>
							<texture>windows/pvr/focus.png</texture>
							<visible>!String.IsEmpty(ListItem.Date)</visible>
						</control>
						<control type="image">
							<description>Title Sep</description>
							<left>343</left>
							<top>0</top>
							<width>578</width>
							<height>45</height>
							<colordiffuse>$VAR[Textures.GlobalColor]</colordiffuse>
							<texture>windows/pvr/focus.png</texture>
							<visible>!String.IsEmpty(ListItem.Date)</visible>
						</control>
						<control type="image">
							<description>Date/Status Comment Sep</description>
							<left>925</left>
							<top>0</top>
							<width>275</width>
							<height>45</height>
							<colordiffuse>$VAR[Textures.GlobalColor]</colordiffuse>
							<texture>windows/pvr/focus.png</texture>
							<visible>!String.IsEmpty(ListItem.Date)</visible>
						</control>
						<control type="image">
							<description>Add Timer Sep</description>
							<left>74</left>
							<top>0</top>
							<width>1126</width>
							<height>45</height>
							<colordiffuse>$VAR[Textures.GlobalColor]</colordiffuse>
							<texture>windows/pvr/focus.png</texture>
							<visible>String.IsEmpty(ListItem.Date)</visible>
						</control>
						<control type="label">
							<left>10</left>
							<top>0</top>
							<width>60</width>
							<height>45</height>
							<font>FontSize_22</font>
							<textcolor>white</textcolor>
							<shadowcolor>77000000</shadowcolor>
							<selectedcolor>$VAR[Text.GlobalColor]</selectedcolor>
							<align>center</align>
							<aligny>center</aligny>
							<label fallback="#">$INFO[ListItem.ChannelNumberLabel]</label>
						</control>
						<control type="label">
							<left>85</left>
							<top>0</top>
							<width>253</width>
							<height>45</height>
							<font>FontSize_22</font>
							<textcolor>white</textcolor>
							<shadowcolor>77000000</shadowcolor>
							<selectedcolor>$VAR[Text.GlobalColor]</selectedcolor>
							<align>left</align>
							<aligny>center</aligny>
							<label>$INFO[ListItem.ChannelName]</label>
						</control>
						<control type="label">
							<left>355</left>
							<top>0</top>
							<width>560</width>
							<height>45</height>
							<font>FontSize_22</font>
							<textcolor>white</textcolor>
							<shadowcolor>77000000</shadowcolor>
							<selectedcolor>$VAR[Text.GlobalColor]</selectedcolor>
							<align>left</align>
							<aligny>center</aligny>
							<label>$INFO[ListItem.Label]</label>
							<animation effect="slide" end="-267" condition="String.IsEmpty(ListItem.Date)">Conditional</animation>
						</control>
						<control type="label">
							<left>925</left>
							<top>0</top>
							<width>275</width>
							<height>45</height>
							<font>TextboxFont_18</font>
							<textcolor>white</textcolor>
							<shadowcolor>77000000</shadowcolor>
							<selectedcolor>$VAR[Text.GlobalColor]</selectedcolor>
							<align>center</align>
							<aligny>center</aligny>
							<label>$INFO[ListItem.Date][CR]$INFO[ListItem.Comment]</label>
						</control>
						<control type="image">
							<left>10</left>
							<top>0</top>
							<width>1180</width>
							<height>45</height>
							<texture>windows/pvr/selected.png</texture>
							<visible>ListItem.IsSelected | ListItem.IsPlaying</visible>
						</control>
					</control>
				</focusedlayout>
			</control>
			<control type="scrollbar" id="60">
				<left>896</left>
				<top>219</top>
				<width>2</width>
				<height>395</height>
				<texturesliderbackground></texturesliderbackground>
				<texturesliderbar border="0,14,0,14">views/scrollbar/scrollbar_pvr.png</texturesliderbar>
				<texturesliderbarfocus border="0,14,0,14">views/scrollbar/scrollbar_pvr.png</texturesliderbarfocus>
				<textureslidernib></textureslidernib>
				<textureslidernibfocus></textureslidernibfocus>
				<onleft>50</onleft>
				<onright>50</onright>
				<showonepage>false</showonepage>
				<orientation>vertical</orientation>
				<animation effect="fade" start="100" end="0" time="250" condition="!Control.HasFocus(60)">Conditional</animation>
			</control>
		</control>

		<include>CommonDialogsFadeOutBG</include>
		<include>PVRControlsMenu</include>
		<include>CommonScrollingLetters</include>
		<include>CommonNowPlaying</include>
		<include>CommonWeatherAndClock</include>

	</controls>
</window>
