<?xml version="1.0" encoding="UTF-8"?>
<window>
	<defaultcontrol always="true">50</defaultcontrol>
	<views>50</views>
	<controls>
		<include>BackgroundItemsPVR</include>

		<control type="group">
			<description>Recordings</description>
			<visible>Control.IsVisible(50)</visible>
			<include>FullscreenDimensions</include>
			<include>InfoDialogsVisible_ZoomAnimation</include>
			<include>VisibleHiddenSlideAnimation</include>
			<include>HomeMenu_OpenCloseSlideAnimation</include>
			<control type="group">
				<left>45</left>
				<top>100</top>
				<control type="image">
					<description>Plot panel</description>
					<left>0</left>
					<top>0</top>
					<width>1200</width>
					<height>250</height>
					<texture border="4">windows/pvr/seperator.png</texture>
					<include>VisibleFadeEffect2</include>
				</control>
				<control type="label">
					<left>250</left>
					<top>5</top>
					<width>800</width>
					<height>35</height>
					<font>FontSize_20B</font>
					<textcolor>viewsinfo</textcolor>
					<shadowcolor>77000000</shadowcolor>
					<scroll>false</scroll>
					<label>$INFO[Container(50).ListItem.Title]</label>
				</control>
				<control type="image">
					<left>10</left>
					<top>5</top>
					<width>220</width>
					<height>150</height>
				<texture background="true">$INFO[ListItem.Icon]</texture>
				</control>
				<control type="label">
					<left>250</left>
					<top>32</top>
					<width>800</width>
					<height>25</height>
					<font>FontSize_18</font>
					<textcolor>viewsinfo</textcolor>
					<shadowcolor>77000000</shadowcolor>
					<scroll>false</scroll>
					<label>$INFO[ListItem.EpisodeName]</label>
				</control>
				<control type="label">
					<left>800</left>
					<top>10</top>
					<width>395</width>
					<height>25</height>
					<font>FontSize_18</font>
					<textcolor>viewsinfo</textcolor>
					<shadowcolor>77000000</shadowcolor>
					<scroll>false</scroll>
					<label>S$INFO[ListItem.Season] E$INFO[ListItem.Episode] - Episode $INFO[ListItem.Episode] of Season $INFO[ListItem.Season]</label>
					<visible>!String.IsEmpty(Container(50).ListItem.Title)</visible>
				</control>
				<control type="textbox">
					<left>250</left>
					<top>70</top>
				<width>800</width>
					<height>90</height>
					<font>FontSize_18</font>
					<textcolor>viewsinfo</textcolor>
					<shadowcolor>77000000</shadowcolor>
					<align>justify</align>
					<autoscroll delay="800" time="2000" repeat="800">Skin.HasSetting(AutoScroll)</autoscroll>
					<info>Container(50).ListItem.Plot</info>
				</control>
				<control type="button">
					<left>900</left>
					<top>32</top>
					<width>295</width>
					<height>25</height>
					<font>FontSize_18</font>
					<textcolor>viewsinfo</textcolor>
					<shadowcolor>99000000</shadowcolor>
					<label>Length: $VAR[ListItemDuration]</label>
					<visible>!String.IsEmpty(Container(50).ListItem.Title)</visible>
				</control>
			</control>
			<control type="list" id="50">
				<left>200</left>
				<top>280</top>
				<width>1190</width>
				<height>350</height>
				<onleft>132</onleft>
				<onright>60</onright>
				<onup>50</onup>
				<ondown>50</ondown>
				<preloaditems>2</preloaditems>
				<viewtype label="537">list</viewtype>
				<pagecontrol>60</pagecontrol>
				<scrolltime tween="cubic" easing="out">300</scrolltime>
				<itemlayout height="50">
					<control type="group">
						<control type="image">
							<description>ChannelNumber Sep</description>
							<left>10</left>
							<top>0</top>
							<width>60</width>
							<height>45</height>
							<texture>windows/pvr/seperator.png</texture>
						</control>
						<control type="image">
							<description>ChannelName Sep</description>
							<left>74</left>
							<top>0</top>
							<width>475</width>
							<height>45</height>
							<texture>windows/pvr/seperator.png</texture>
						</control>
						<control type="image">
							<description>Date/Time Sep</description>
							<left>553</left>
							<top>0</top>
							<width>325</width>
							<height>45</height>
							<texture>windows/pvr/seperator.png</texture>
						</control>
						<control type="image">
							<left>81</left>
							<top>13</top>
							<width>22</width>
							<height>22</height>
							<texture background="true" colordiffuse="viewsinfo">overlays/unwatched/info/UnWatched.png</texture>
							<visible>String.IsEqual(ListItem.Overlay,OverlayUnWatched.png)</visible>
						</control>
						<control type="label">
							<left>85</left>
							<top>0</top>
							<width>465</width>
							<height>45</height>
							<font>FontSize_22</font>
							<textcolor>viewsinfo</textcolor>
							<shadowcolor>77000000</shadowcolor>
							<selectedcolor>$VAR[Text.GlobalColor]</selectedcolor>
							<align>left</align>
							<aligny>center</aligny>
							<label>$INFO[ListItem.Label]</label>
							<animation effect="slide" start="0,0" end="25,0" time="0" tween="sine" easing="inout" condition="String.IsEqual(ListItem.Overlay,OverlayUnWatched.png)">Conditional</animation>
						</control>
						<control type="label">
							<left>555</left>
							<top>0</top>
							<width>320</width>
							<height>45</height>
							<font>FontSize_20</font>
							<textcolor>viewsinfo</textcolor>
							<shadowcolor>77000000</shadowcolor>
							<selectedcolor>$VAR[Text.GlobalColor]</selectedcolor>
							<align>center</align>
							<aligny>center</aligny>
							<label>$INFO[ListItem.StartDate]$INFO[ListItem.StartTime,$COMMA ]</label>
						</control>
					</control>
				</itemlayout>
		<focusedlayout height="50">
					<control type="group">
						<include>PVRListFocusAnimation</include>
						<control type="image">
							<description>ChannelNumber Sep</description>
							<left>10</left>
							<top>0</top>
							<width>60</width>
							<height>45</height>
							<colordiffuse>$VAR[Textures.GlobalColor]</colordiffuse>
							<texture>windows/pvr/focus.png</texture>
						</control>
						<control type="image">
							<description>ChannelName Sep</description>
							<left>74</left>
							<top>0</top>
							<width>475</width>
							<height>45</height>
							<colordiffuse>$VAR[Textures.GlobalColor]</colordiffuse>
							<texture>windows/pvr/focus.png</texture>
						</control>
						<control type="image">
							<description>Date/Time Sep</description>
							<left>553</left>
							<top>0</top>
							<width>325</width>
							<height>45</height>
							<colordiffuse>$VAR[Textures.GlobalColor]</colordiffuse>
							<texture>windows/pvr/focus.png</texture>
						</control>
						<control type="image">
							<left>81</left>
							<top>13</top>
							<width>22</width>
							<height>22</height>
							<texture background="true">overlays/unwatched/info/UnWatched.png</texture>
							<visible>String.IsEqual(ListItem.Overlay,OverlayUnWatched.png)</visible>
						</control>
						<control type="label">
							<left>85</left>
							<top>0</top>
							<width>465</width>
							<height>45</height>
							<font>FontSize_22</font>
							<textcolor>white</textcolor>
							<shadowcolor>77000000</shadowcolor>
							<selectedcolor>$VAR[Text.GlobalColor]</selectedcolor>
							<align>left</align>
							<aligny>center</aligny>
							<label>$INFO[ListItem.Label]</label>
							<animation effect="slide" start="0,0" end="25,0" time="0" tween="sine" easing="inout" condition="String.IsEqual(ListItem.Overlay,OverlayUnWatched.png)">Conditional</animation>
						</control>
						<control type="label">
							<left>555</left>
							<top>0</top>
							<width>320</width>
							<height>45</height>
							<font>FontSize_20</font>
							<textcolor>white</textcolor>
							<shadowcolor>77000000</shadowcolor>
							<selectedcolor>$VAR[Text.GlobalColor]</selectedcolor>
							<align>center</align>
							<aligny>center</aligny>
							<label>$INFO[ListItem.StartDate]$INFO[ListItem.StartTime,$COMMA ]</label>
						</control>
					</control>
				</focusedlayout>
			</control>
		</control>

		<control type="button" id="10">
			<description>All/Watched/Unwatched Toggle</description>
			<visible>false</visible>
		</control>
		<include>CommonDialogsFadeOutBG</include>
		<include>PVRControlsMenu</include>
		<include>CommonScrollingLetters</include>
		<include>CommonNowPlaying</include>
		<include>CommonWeatherAndClock</include>
		<include content="PVRInfoPanel">
			<param name="folder_sortorder" value="descending" />
		</include>
	</controls>
</window>
