<?xml version="1.0" encoding="UTF-8"?>
<window  type="dialog" id="114">
	<defaultcontrol always="true">500</defaultcontrol>
	<include condition="![Skin.HasSetting(DisableQuickNav) + !Player.HasMedia]">OnLoadDialogsClose</include>
	<onload condition="Window.IsActive(favourites) + ![Skin.HasSetting(DisableQuickNav) + !Player.HasMedia]">Dialog.Close(favourites)</onload>
	<onload>SetProperty(Movement,1)</onload>
	<onunload>ClearProperty(Movement)</onunload>
	<controls>
		<include>QuickNavFanart</include>
		<control type="button" id="500">
			<include>HiddenItem</include>
			<onfocus condition="!Player.HasMedia + [String.IsEqual(Skin.String(QuickNavWidgetType),1) | String.IsEqual(Skin.String(QuickNavWidgetType),2)  | String.IsEqual(Skin.String(QuickNavWidgetType),3) | [String.IsEqual(Skin.String(QuickNavWidgetType),4) + !String.IsEmpty(Skin.String(CustomItem.1.Path))]]">SetFocus(150)</onfocus>
			<onfocus condition="!Player.HasMedia + [String.IsEqual(Skin.String(QuickNavWidgetType),3) + String.IsEmpty(Skin.String(CustomItem.1.Path))]">SetFocus(600)</onfocus>
			<onfocus condition="[Player.HasMedia + !VideoPlayer.Content(LiveTV)]">SetFocus(103)</onfocus>
			<onfocus condition="[Player.HasMedia + VideoPlayer.Content(LiveTV)]">SetFocus(109)</onfocus>
		</control>

		<control type="group" id="600">
			<include>VisibleHiddenSlideAnimation</include>
			<visible>[Window.IsActive(PlayerControls) + ![Skin.HasSetting(DisableQuickNav) + !Player.HasMedia]] + !Window.IsActive(DialogVideoInfo.xml) + !Window.IsActive(DialogMusicInfo.xml) + !Window.IsActive(FullscreenVideo) + !Window.IsActive(Visualisation)</visible>
			<width>1280</width>
			<!-- <animation effect="slide" start="0,0" end="0,-50" time="200" condition="Window.IsActive(notification) | Window.IsActive(extendedprogressdialog) | Window.IsActive(busydialog)">Conditional</animation> -->

			<!-- ===================== -->
			<!-- == QuickNav Widget == -->
			<!-- ===================== -->
			<control type="group">
				<left>45</left>
				<include>VisibleFadeEffectQuickNav</include>
				<visible allowhiddenfocus="true">Control.HasFocus(150)</visible>
				<include>PlayerControls_Labels</include>
				<control type="fixedlist" id="150">
					<left>0</left>
					<top>332</top>
					<width>1190</width>
					<height>256</height>
					<onleft>150</onleft>
					<onright>150</onright>
					<onup>SetProperty(Movement,1)</onup>
					<onup condition="Player.HasMedia">100</onup>
					<onup condition="!Player.HasMedia">300</onup>
					<ondown>ClearProperty(Movement)</ondown>
					<ondown>200</ondown>
					<preloaditems>4</preloaditems>
					<focusposition>0</focusposition>
					<!-- <movement>7</movement> -->
					<orientation>horizontal</orientation>
					<scrolltime tween="Quadratic" easing="out">300</scrolltime>
					<itemlayout height="256" width="199.5">
						<include>HomeWidgets_Square_ItemLayout</include>
					</itemlayout>
					<focusedlayout height="256" width="199.5">
						<control type="image">
							<width>191</width>
							<height>191</height>
							<aspectratio align="center" aligny="center">stretch</aspectratio>
							<texture border="30">windows/home/panel_widgets.png</texture>
						</control>
						<control type="image">
							<width>191</width>
							<height>191</height>
							<aspectratio align="center" aligny="center">scale</aspectratio>
							<texture background="true" fallback="thumbs/fallback_square_tp.png">$VAR[HomeWidgetsIcons]</texture>
							<bordersize>ThumbsBordersize6pix</bordersize>
							<visible>String.IsEqual(Skin.String(QuickNavWidgetType),4)</visible>
						</control>
						<control type="image">
							<width>191</width>
							<height>191</height>
							<colordiffuse>$VAR[Textures.GlobalColor]</colordiffuse>
							<aspectratio align="center" aligny="center">scale</aspectratio>
							<texture background="true" fallback="thumbs/fallback_square_tp.png">$VAR[HomeWidgetsIcons]</texture>
							<bordersize>ThumbsBordersize6pix</bordersize>
							<visible>!String.IsEqual(Skin.String(QuickNavWidgetType),4)</visible>
						</control>
						<include>HomeWidgets_FocusTexture</include>
					</focusedlayout>
					<content>
						<include condition="String.IsEqual(Skin.String(QuickNavWidgetType),1)">QuickNavContent</include>
						<include condition="String.IsEqual(Skin.String(QuickNavWidgetType),2)">skinshortcuts-mainmenu</include>
						<include condition="String.IsEqual(Skin.String(QuickNavWidgetType),3)">SettingsContent</include>
						<include condition="String.IsEqual(Skin.String(QuickNavWidgetType),4)">CustomItems</include>
					</content>
				</control>
				<include>PlayerControls_NavigationArrows</include>
			</control>

			<!-- =================== -->
			<!-- == Movies Widget == -->
			<!-- =================== -->
			<control type="group">
				<left>45</left>
				<include>VisibleFadeEffectMovies</include>
				<visible allowhiddenfocus="true">Control.HasFocus(200)</visible>
				<include>PlayerControls_Labels</include>
				<control type="image">
					<left>1</left>
					<top>595</top>
					<width>33</width>
					<height>22</height>
					<colordiffuse>homeinfo</colordiffuse>
					<aspectratio aligny="center" align="center">stretch</aspectratio>
					<texture background="true">$VAR[QuickNavWidgetsDefFlags]</texture>
				</control>
				<control type="label">
					<left>1</left>
					<top>590</top>
					<width>600</width>
					<height>30</height>
					<font>FontSize_22</font>
					<textcolor>homeinfo</textcolor>
					<align>left</align>
					<aligny>center</aligny>
					<label>$VAR[HomeWidgetsListItemLabel2]</label>
					<animation effect="slide" start="0,0" end="43,0" condition="[Control.HasFocus(200) + !String.IsEmpty(Container(200).ListItem.VideoResolution)]">Conditional</animation>
				</control>
				<control type="fixedlist" id="200">
					<left>0</left>
					<top>320</top>
					<width>1190</width>
					<height>256</height>
					<onleft>200</onleft>
					<onright>200</onright>
					<onup>SetProperty(Movement,1)</onup>
					<onup>150</onup>
					<ondown>ClearProperty(Movement)</ondown>
					<ondown>250</ondown>
					<preloaditems>4</preloaditems>
					<focusposition>0</focusposition>
					<!--  <movement>10</movement> -->
					<orientation>horizontal</orientation>
					<scrolltime tween="Quadratic" easing="out">300</scrolltime>
					<itemlayout height="256" width="149.5">
						<include>HomeWidgets_Poster_ItemLayout</include>
					</itemlayout>
					<focusedlayout height="256" width="149.5">
						<include>HomeWidgets_Poster_Focusedlayout</include>
					</focusedlayout>
					<content>$VAR[QuickNav_WidgetListContentMovies]</content>
				</control>
				<include>PlayerControls_NavigationArrows</include>
			</control>

			<!-- ==================== -->
			<!-- == TVShows Widget == -->
			<!-- ==================== -->
			<control type="group">
				<left>45</left>
				<include>VisibleFadeEffectTVShows</include>
				<visible allowhiddenfocus="true">Control.HasFocus(250)</visible>
				<include>PlayerControls_Labels</include>
				<control type="image">
					<left>1</left>
					<top>595</top>
					<width>33</width>
					<height>22</height>
					<colordiffuse>77white</colordiffuse>
					<aspectratio aligny="center" align="center">stretch</aspectratio>
					<texture background="true">$VAR[QuickNavWidgetsDefFlags]</texture>
				</control>
				<control type="label">
					<left>1</left>
					<top>590</top>
					<width>600</width>
					<height>30</height>
					<font>FontSize_22</font>
					<textcolor>77white</textcolor>
					<shadowcolor>77000000</shadowcolor>
					<align>left</align>
					<aligny>center</aligny>
					<label>$VAR[HomeWidgetsListItemLabel2]</label>
					<animation effect="slide" start="0,0" end="43,0" condition="[Control.HasFocus(250) + !String.IsEmpty(Container(250).ListItem.VideoResolution)]">Conditional</animation>
				</control>
				<control type="fixedlist" id="250">
					<left>0</left>
					<top>320</top>
					<width>1190</width>
					<height>256</height>
					<onleft>250</onleft>
					<onright>250</onright>
					<onup>SetProperty(Movement,1)</onup>
					<onup>200</onup>
					<ondown>ClearProperty(Movement)</ondown>
					<ondown>300</ondown>
					<preloaditems>4</preloaditems>
					<focusposition>0</focusposition>
					<!--  <movement>10</movement> -->
					<orientation>horizontal</orientation>
					<scrolltime tween="Quadratic" easing="out">300</scrolltime>
					<itemlayout height="256" width="149.5">
						<include>HomeWidgets_Poster_ItemLayout</include>
					</itemlayout>
					<focusedlayout height="256" width="149.5">
						<include>HomeWidgets_Poster_Focusedlayout</include>
					</focusedlayout>
					<content>$VAR[QuickNav_WidgetListContentTVShows]</content>
				</control>
				<include>PlayerControls_NavigationArrows</include>
			</control>

			<!-- ================== -->
			<!-- == Music Widget == -->
			<!-- ================== -->
			<control type="group">
				<left>45</left>
				<include>VisibleFadeEffectMusic</include>
				<visible allowhiddenfocus="true">Control.HasFocus(300)</visible>
				<include>PlayerControls_Labels</include>
				<control type="label">
					<left>1</left>
					<top>588</top>
					<width>600</width>
					<height>30</height>
					<font>FontSize_22</font>
					<textcolor>77white</textcolor>
					<shadowcolor>77000000</shadowcolor>
					<align>left</align>
					<aligny>center</aligny>
					<label>$VAR[HomeWidgetsListItemLabel2]</label>
				</control>
				<control type="fixedlist" id="300">
					<left>0</left>
					<top>332</top>
					<width>1190</width>
					<height>256</height>
					<onleft>300</onleft>
					<onright>300</onright>
					<onup>SetProperty(Movement,1)</onup>
					<onup>250</onup>
					<ondown>ClearProperty(Movement)</ondown>
					<ondown condition="Player.HasMedia">100</ondown>
					<ondown condition="!Player.HasMedia">150</ondown>
					<preloaditems>4</preloaditems>
					<focusposition>0</focusposition>
					<!-- <movement>7</movement> -->
					<orientation>horizontal</orientation>
					<scrolltime tween="Quadratic" easing="out">300</scrolltime>
					<itemlayout height="256" width="199.5">
						<include>HomeWidgets_Square_ItemLayout</include>
					</itemlayout>
					<focusedlayout height="256" width="199.5">
						<include>HomeWidgets_Square_Focusedlayout</include>
					</focusedlayout>
					<content>$VAR[QuickNav_WidgetListContentMusic]</content>
				</control>
				<include>PlayerControls_NavigationArrows</include>
			</control>

			<!-- ================= -->
			<!-- == Now Playing == -->
			<!-- ================= -->
			<control type="group">
				<left>45</left>
				<include>VisibleFadeEffectNowPlaying</include>
				<include>PlayerControls_Labels</include>
				<visible allowhiddenfocus="true">ControlGroup(100).HasFocus + Player.HasMedia</visible>

				<!-- Info -->
				<control type="group">
					<top>497</top>
					<animation effect="slide" start="0,0" end="180,0" condition="[VideoPlayer.Content(Movies) + !String.IsEmpty(Player.Art(poster))] | [VideoPlayer.Content(Files) + !String.IsEmpty(Player.Art(poster))] | [VideoPlayer.Content(Episodes) + !String.IsEmpty(Player.Art(tvshow.poster))] | VideoPlayer.Content(LiveTV) | Player.HasAudio">Conditional</animation>
					<control type="label">
						<description>Title Label</description>
						<left>0</left>
						<top>0</top>
						<height>30</height>
						<width>830</width>
						<label>$VAR[HomeWidgetsListItemLabel]</label>
						<align>left</align>
						<aligny>center</aligny>
						<font>FontSize_36</font>
						<textcolor>white</textcolor>
						<shadowcolor>77000000</shadowcolor>
					</control>
					<control type="label">
						<description>SubTitle Label</description>
						<left>0</left>
						<top>45</top>
						<height>30</height>
						<width>560</width>
						<font>FontSize_20</font>
						<textcolor>77white</textcolor>
						<shadowcolor>77000000</shadowcolor>
						<align>left</align>
						<aligny>center</aligny>
						<label>$VAR[HomeWidgetsListItemLabel2]</label>
					</control>
				</control>

				<!-- Movies/Episodes Cover -->
				<control type="group">
					<left>0</left>
					<top>400</top>
					<include>PlayerPoster</include>
					<visible>[VideoPlayer.Content(Movies) + !String.IsEmpty(Player.Art(poster))] | [VideoPlayer.Content(Files) + !String.IsEmpty(Player.Art(poster))] | [VideoPlayer.Content(Episodes) + !String.IsEmpty(Player.Art(tvshow.poster))]</visible>
				</control>

				<!-- LiveTV/Music Cover -->
				<control type="group">
					<left>0</left>
					<top>475</top>
					<include>PlayerSquare</include>
					<visible>Player.HasAudio | VideoPlayer.Content(LiveTV)</visible>
				</control>

				<!-- Time Label -->
				<control type="group">
					<left>0</left>
					<top>585</top>
					<animation effect="slide" start="0,0" end="180,0" condition="[VideoPlayer.Content(Movies) + !String.IsEmpty(Player.Art(poster))] | [VideoPlayer.Content(Files) + !String.IsEmpty(Player.Art(poster))] | [VideoPlayer.Content(Episodes) + !String.IsEmpty(Player.Art(tvshow.poster))] | VideoPlayer.Content(LiveTV) | Player.HasAudio">Conditional</animation>
					<control type="label">
						<left>0</left>
						<top>0</top>
						<height>60</height>
						<width>550</width>
						<label>$INFO[Player.Time]$INFO[Player.Duration, / ]</label>
						<align>left</align>
						<aligny>center</aligny>
						<font>FontSize_46</font>
						<textcolor>white</textcolor>
						<shadowcolor>77000000</shadowcolor>
					</control>
				</control>


				<!-- Right Sublabel -->
				<control type="fadelabel">
					<left>738</left>
					<top>537</top>
					<height>40</height>
					<width>450</width>
					<font>FontSize_20</font>
					<align>right</align>
					<aligny>center</aligny>
					<textcolor>77white</textcolor>
					<shadowcolor>77000000</shadowcolor>
					<label>$VAR[OSDInfoPremieredFadeLabel]</label>
					<label>$INFO[VideoPlayer.Director,[COLOR=white]$LOCALIZE[20339]:[/COLOR] ]</label>
					<label>$INFO[VideoPlayer.Writer,[COLOR=white]$LOCALIZE[20417]:[/COLOR] ]</label>
					<label>$INFO[VideoPlayer.RatingAndVotes,[COLOR=white]$LOCALIZE[563]:[/COLOR] ]</label>
					<label>$INFO[VideoPlayer.Top250,[COLOR=white]$LOCALIZE[368] $LOCALIZE[13409][/COLOR] #]</label>
					<label>$VAR[OSDInfoChapterFadeLabel]</label>
					<label>$INFO[VideoPlayer.ChannelGroup,[COLOR=white]$LOCALIZE[31033]: [/COLOR]]</label>
					<label>$INFO[VideoPlayer.NextTitle,[COLOR=white]$LOCALIZE[19031]:[/COLOR] ,]$INFO[VideoPlayer.NextStartTime, (,)]</label>
					<label>$INFO[VideoPlayer.NextStartTime,[COLOR=white]$LOCALIZE[19080][/COLOR] ,]$INFO[VideoPlayer.NextEndTime,  [COLOR=white]$LOCALIZE[19081][/COLOR] ,]</label>
					<label>$INFO[MusicPlayer.offset(1).Title,[COLOR=white]$LOCALIZE[209]: [/COLOR]]$INFO[MusicPlayer.offset(1).Artist, (,)]</label>
					<label>$INFO[MusicPlayer.PlaylistPosition,$LOCALIZE[554] ]$INFO[MusicPlayer.PlaylistLength,/, · ]$INFO[MusicPlayer.Codec,]$INFO[MusicPlayer.Bitrate, · ,kbps]$INFO[MusicPlayer.bitspersample, · ,bit]$INFO[MusicPlayer.Samplerate, · ,kHz]</label>
					<scroll>false</scroll>
					<scrollout>false</scrollout>
					<scrollspeed>100</scrollspeed>
					<pauseatend>5000</pauseatend>
				</control>


				<!-- Player Controls -->
				<control type="grouplist" id="100">
					<right>40</right>
					<top>585</top>
					<width>505</width>
					<height>58</height>
					<onleft>100</onleft>
					<onright>100</onright>
					<onup condition="!Skin.HasSetting(DisableQuickNav)">SetProperty(Movement,1)</onup>
					<onup condition="!Skin.HasSetting(DisableQuickNav)">300</onup>
					<ondown condition="!Skin.HasSetting(DisableQuickNav)">ClearProperty(Movement)</ondown>
					<ondown condition="!Skin.HasSetting(DisableQuickNav)">150</ondown>
					<align>right</align>
					<orientation>horizontal</orientation>
					<itemgap>-8</itemgap>
					<control type="togglebutton" id="107">
						<include>OSDControlsButton</include>
						<texturefocus colordiffuse="$VAR[Textures.GlobalColor]">osd/random_OFF_fo.png</texturefocus>
						<texturenofocus>osd/random_OFF_nf.png</texturenofocus>
						<usealttexture>Playlist.IsRandom</usealttexture>
						<alttexturefocus colordiffuse="$VAR[Textures.GlobalColor]">osd/random_ON_fo.png</alttexturefocus>
						<alttexturenofocus>osd/random_ON_nf.png</alttexturenofocus>
						<onclick>PlayerControl(Random)</onclick>
						<visible>Player.HasAudio | [Player.HasVideo + [VideoPlayer.Content(Movies) | VideoPlayer.Content(Episodes)]]</visible>
					</control>
					<control type="button" id="112">
						<include>OSDControlsButton</include>
						<texturefocus colordiffuse="$VAR[Textures.GlobalColor]">osd/playlist_fo.png</texturefocus>
						<texturenofocus>osd/playlist_nf.png</texturenofocus>
						<onclick>PreviousMenu</onclick>
						<onclick condition="Player.HasVideo">ActivateWindow(videoplaylist)</onclick>
						<onclick condition="Player.HasAudio">ActivateWindow(musicplaylist)</onclick>
						<visible>!String.IsEqual(Playlist.Length,0)</visible>
					</control>
					<control type="button" id="110">
						<include>OSDControlsButton</include>
						<texturefocus colordiffuse="$VAR[Textures.GlobalColor]">osd/fs_fo.png</texturefocus>
						<texturenofocus>osd/fs_nf.png</texturenofocus>
						<onclick>PreviousMenu</onclick>
						<onclick>FullScreen</onclick>
					</control>
					<control type="button" id="108">
						<include>OSDControlsButton</include>
						<texturefocus colordiffuse="$VAR[Textures.GlobalColor]">osd/channelUP_fo.png</texturefocus>
						<texturenofocus>osd/channelUP_nf.png</texturenofocus>
						<onclick>ChannelDown</onclick>
						<visible>VideoPlayer.Content(LiveTV)</visible>
					</control>
					<control type="button" id="109">
						<include>OSDControlsButton</include>
						<texturefocus colordiffuse="$VAR[Textures.GlobalColor]">osd/channelDOWN_fo.png</texturefocus>
						<texturenofocus>osd/channelDOWN_nf.png</texturenofocus>
						<onclick>ChannelUp</onclick>
						<visible>VideoPlayer.Content(LiveTV)</visible>
					</control>
					<control type="button" id="101">
						<include>OSDControlsButton</include>
						<texturefocus colordiffuse="$VAR[Textures.GlobalColor]">osd/previous_fo.png</texturefocus>
						<texturenofocus>osd/previous_nf.png</texturenofocus>
						<onclick>PlayerControl(Previous)</onclick>
						<visible>!VideoPlayer.Content(LiveTV)</visible>
					</control>
					<control type="button" id="102">
						<include>OSDControlsButton</include>
						<texturefocus colordiffuse="$VAR[Textures.GlobalColor]">osd/rw_fo.png</texturefocus>
						<texturenofocus>osd/rw_nf.png</texturenofocus>
						<onclick>PlayerControl(Rewind)</onclick>
						<enable>Player.SeekEnabled</enable>
						<animation effect="fade" start="100" end="50" time="100" condition="!Player.SeekEnabled">Conditional</animation>
					</control>
					<control type="togglebutton" id="103">
						<include>OSDControlsButton</include>
						<texturefocus colordiffuse="$VAR[Textures.GlobalColor]">osd/pause_fo.png</texturefocus>
						<texturenofocus>osd/pause_nf.png</texturenofocus>
						<usealttexture>Player.Paused | Player.Forwarding | Player.Rewinding</usealttexture>
						<alttexturefocus colordiffuse="$VAR[Textures.GlobalColor]">osd/play_fo.png</alttexturefocus>
						<alttexturenofocus>osd/play_nf.png</alttexturenofocus>
						<onclick>PlayerControl(Play)</onclick>
						<visible>!VideoPlayer.Content(LiveTV)</visible>
					</control>
					<control type="togglebutton" id="111">
						<include>OSDControlsButton</include>
						<texturefocus colordiffuse="$VAR[Textures.GlobalColor]">osd/pause_fo.png</texturefocus>
						<texturenofocus>osd/pause_nf.png</texturenofocus>
						<usealttexture>Player.Paused | Player.Forwarding | Player.Rewinding</usealttexture>
						<alttexturefocus colordiffuse="$VAR[Textures.GlobalColor]">osd/play_fo.png</alttexturefocus>
						<alttexturenofocus>osd/play_nf.png</alttexturenofocus>
						<enable>Player.PauseEnabled</enable>
						<onclick>PlayerControl(Play)</onclick>
						<visible>VideoPlayer.Content(LiveTV)</visible>
						<animation effect="fade" start="100" end="50" time="100" condition="!Player.PauseEnabled">Conditional</animation>
					</control>
					<control type="button" id="104">
						<include>OSDControlsButton</include>
						<texturefocus colordiffuse="$VAR[Textures.GlobalColor]">osd/stop_fo.png</texturefocus>
						<texturenofocus>osd/stop_nf.png</texturenofocus>
						<onclick>back</onclick>
						<onclick>PlayerControl(Stop)</onclick>
					</control>
					<control type="button" id="105">
						<include>OSDControlsButton</include>
						<texturefocus colordiffuse="$VAR[Textures.GlobalColor]">osd/ff_fo.png</texturefocus>
						<texturenofocus>osd/ff_nf.png</texturenofocus>
						<onclick>PlayerControl(Forward)</onclick>
						<enable>Player.SeekEnabled</enable>
						<animation effect="fade" start="100" end="50" time="100" condition="!Player.SeekEnabled">Conditional</animation>
					</control>
					<control type="button" id="106">
						<include>OSDControlsButton</include>
						<texturefocus colordiffuse="$VAR[Textures.GlobalColor]">osd/next_fo.png</texturefocus>
						<texturenofocus>osd/next_nf.png</texturenofocus>
						<onclick>PlayerControl(Next)</onclick>
						<visible>!VideoPlayer.Content(LiveTV)</visible>
					</control>
				</control>
			</control>
		</control>

		<control type="image">
			<include>FullscreenDimensions</include>
			<texture background="true">windows/bg/bg_overlay.png</texture>
			<include>FanartFade</include>
			<visible>Window.IsActive(DialogVideoInfo.xml) | Window.IsActive(DialogMusicInfo.xml)</visible>
		</control>

		<control type="group">
			<left>45</left>
			<top>25</top>
			<include>ShutdownMenuAnimation</include>
			<include>OpenCloseSlideAnimationTwo</include>
			<include>VisibleHiddenSlideAnimation</include>
			<visible>[Window.IsActive(PlayerControls) + ![Skin.HasSetting(DisableQuickNav) + !Player.HasMedia]] + !Window.IsActive(DialogVideoInfo.xml) + !Window.IsActive(DialogMusicInfo.xml) + !Window.IsActive(FullscreenVideo) + !Window.IsActive(Visualisation)</visible>
			<control type="grouplist">
				<left>0</left>
				<top>0</top>
				<height>70</height>
				<width>1000</width>
				<align>left</align>
				<itemgap>15</itemgap>
				<orientation>horizontal</orientation>
				<include>LogoBig</include>
				<control type="label">
					<include>TopBigLabel</include>
					<label>$VAR[HomeWidgetsHeaderLabels]</label>
				</control>
			</control>
			<control type="label">
				<description>Page Count Label</description>
				<left>66</left>
				<top>45</top>
				<width>300</width>
				<height>20</height>
				<font>FontSize_18</font>
				<textcolor>$VAR[Text.GlobalColor]</textcolor>
				<scroll>false</scroll>
				<align>left</align>
				<aligny>center</aligny>
				<label>$VAR[ContainerNumItems]</label>
				<visible>!ControlGroup(100).HasFocus</visible>
			</control>
			<control type="label">
				<left>65</left>
				<top>45</top>
				<width>300</width>
				<height>20</height>
				<font>FontSize_18</font>
				<textcolor>$VAR[Text.GlobalColor]</textcolor>
				<scroll>false</scroll>
				<align>left</align>
				<aligny>center</aligny>
				<label>$VAR[PlayerContent]</label>
				<visible>ControlGroup(100).HasFocus</visible>
			</control>
		</control>

		<control type="group">
			<animation type="Visible" reversible="false">
				<include>CommonVisibleEffect</include>
			</animation>
			<animation type="Hidden" reversible="false">
				<include>CommonHiddenEffect</include>
			</animation>
			<visible>![Window.IsActive(PlayerControls) + ![Skin.HasSetting(DisableQuickNav) + !Player.HasMedia]]</visible>
			<control type="button" id="150">
				<include>HiddenItem</include>
				<onfocus>Action(close)</onfocus>
			</control>
		</control>

	</controls>
</window>
