<?xml version="1.0" encoding="UTF-8"?>
<window>
	<controls>

	  <control type="group">
		  <visible>Window.IsActive(Visualisation) + Player.HasAudio + ![Window.IsActive(ShutdownMenu) | Window.IsActive(favourites)]</visible>
			<visible>Control.IsVisible(110)</visible>
  	  <animation type="WindowOpen" reversible="false">
        <include>CommonOpenEffect</include>
  	  </animation>
      <animation type="WindowClose" reversible="false">
        <include>CommonCloseEffect</include>
      </animation>
  	  <animation type="Visible" reversible="false">
        <include>CommonOpenEffect</include>
  	  </animation>
      <animation type="Hidden" reversible="false">
        <include>CommonCloseEffect</include>
      </animation>
			<control type="label">
			  <description>No lyrics found</description>
			  <top>340</top>
				<width>1280</width>
				<label>$ADDON[script.cu.lrclyrics 32001]</label>
				<font>FontSize_50</font>
				<textcolor>white</textcolor>
				<shadowcolor>99000000</shadowcolor>
				<align>center</align>
				<scroll>true</scroll>
				<scrollspeed>20</scrollspeed>
				<visible>!Control.HasFocus(110)</visible>
			</control>

		  <!-- ** Required ** Do not change <id> or <type> -->
      <control type="list" id="110">
    		<animation type="Conditional" condition="![Player.ShowInfo | Player.Paused | Player.Forwarding | Player.Rewinding]">
          <effect type="slide" start="0,0" end="0,-65" time="250" tween="sine" easing="in" />
    		</animation>
				<left>0</left>
				<top>146</top>
				<width>1280</width>
				<height>573</height>
				<onleft>noop</onleft>
				<onright>noop</onright>
				<onup>110</onup>
				<ondown>110</ondown>
				<pagecontrol></pagecontrol>
			  <scrolltime tween="cubic" easing="out">500</scrolltime>
				<itemlayout height="63">
					<control type="label">
						<left>0</left>
						<top>0</top>
						<width>1280</width>
						<height>63</height>
				    <font>FontSize_44</font>
						<aligny>center</aligny>
						<align>center</align>
				    <textcolor>99white</textcolor>
				    <shadowcolor>99000000</shadowcolor>
						<label fallback="--">$INFO[ListItem.Label]</label>
					</control>
				</itemlayout>
				<focusedlayout height="63">
					<control type="label">
						<left>0</left>
						<top>0</top>
						<width>1280</width>
						<height>63</height>
				    <font>FontSize_44</font>
						<aligny>center</aligny>
						<align>center</align>
				    <textcolor>99white</textcolor>
				    <shadowcolor>99000000</shadowcolor>
						<label fallback="--">$INFO[ListItem.Label]</label>
						<visible>!Control.HasFocus(110)</visible>
					</control>
					<control type="label">
						<left>0</left>
						<top>0</top>
						<width>1280</width>
						<height>63</height>
				    <font>FontSize_44</font>
						<aligny>center</aligny>
						<align>center</align>
				    <textcolor>$VAR[Text.GlobalColor]</textcolor>
				    <shadowcolor>99000000</shadowcolor>
						<label fallback="--">$INFO[ListItem.Label,///  ,  ///]</label>
						<visible>Control.HasFocus(110)</visible>
					</control>
				</focusedlayout>
      </control>
	  </control>

		<control type="group">
			<left>45</left>
		  <visible>Window.IsActive(Visualisation) + Player.HasAudio + ![Window.IsActive(ShutdownMenu) | Window.IsActive(favourites)]</visible>
			<visible>Control.IsVisible(110)</visible>
		  <visible>[Player.ShowInfo | Player.Paused | Player.Forwarding | Player.Rewinding]</visible>
  	  <animation type="WindowOpen" reversible="false">
        <include>CommonOpenEffect</include>
  	  </animation>
      <animation type="WindowClose" reversible="false">
        <include>CommonCloseEffect</include>
      </animation>
  	  <animation type="Visible" reversible="false">
        <include>CommonOpenEffect</include>
  	  </animation>
      <animation type="Hidden" reversible="false">
        <include>CommonCloseEffect</include>
      </animation>
  	  <control type="image">
			  <top>-155</top>
			  <left>-45</left>
        <include>FullscreenDimensions</include>
  			<texture background="true" flipy="true">windows/home/menu_overlay.png</texture>
  	  </control>
	    <!-- Cover -->
			<control type="group">
        <left>0</left>
				<top>35</top>
	      <include>PlayerSquare</include>
			</control>
	    <!-- Progress -->
		  <control type="group" id="1">
				<left>1</left>
				<top>142</top>
	      <include>OSDProgressBar</include>
			</control>
	    <!-- Info -->
			<control type="group">
				<left>180</left>
				<top>103</top>
				<control type="label">
					<description>Title label</description>
					<left>0</left>
					<top>0</top>
					<height>30</height>
					<width>730</width>
				  <label>$INFO[Player.Title]</label>
					<align>left</align>
					<aligny>center</aligny>
					<font>FontSize_36</font>
					<textcolor>white</textcolor>
					<shadowcolor>55000000</shadowcolor>
				</control>
				<control type="label">
					<description>Album Label</description>
					<left>2</left>
					<top>40</top>
					<height>40</height>
					<width>550</width>
				  <label>$INFO[MusicPlayer.Artist]$INFO[MusicPlayer.Album, - ]$INFO[musicplayer.discnumber, - $LOCALIZE[427]:]</label>
					<align>left</align>
					<aligny>center</aligny>
					<font>FontSize_22</font>
					<textcolor>99white</textcolor>
					<shadowcolor>55000000</shadowcolor>
				</control>
	      <!-- Time Label -->
				<control type="label" id="1">
					<left>560</left>
					<top>-10</top>
					<height>42</height>
					<width>450</width>
  			  <label>$INFO[Player.Time]$INFO[Player.Duration, / ]</label>
					<align>right</align>
					<aligny>center</aligny>
					<font>FontSize_46</font>
					<textcolor>white</textcolor>
					<shadowcolor>55000000</shadowcolor>
				</control>
			</control>
		</control>

		<!-- ** Required ** Do not change <id> or <type> -->
		<control type="spincontrol" id="111">
			<include>HiddenItem</include>
			<visible>false</visible>
		</control>
		<control type="list" id="120">
			<include>HiddenListContainer</include>
			<visible>false</visible>
		</control>
		<control type="spincontrol" id="121">
			<include>HiddenItem</include>
			<visible>false</visible>
		</control>
		<control type="label" id="200">
			<description>Scraper label</description>
			<include>HiddenItem</include>
			<visible>false</visible>
		</control>
	</controls>
</window>