<?xml version="1.0" encoding="utf-8"?>
<window>
	<defaultcontrol always="true">9090</defaultcontrol>
	<controls>

		<control type="group">
			<animation type="WindowOpen" reversible="false">
				<effect type="slide" start="-342,0" end="0,0" time="360" tween="quadratic" easing="out" />
			</animation>
			<animation type="WindowClose" reversible="false">
				<effect type="slide" start="0,0" end="-342,0" time="360" tween="quadratic" easing="out" />
			</animation>
			<include content="DialogsPanel">
				<param name="group_left" value="45"/>
				<param name="group_top" value="121"/>
				<param name="group_width" value="312"/>
				<param name="body_width" value="312"/>
				<param name="body_height" value="434"/>
				<param name="header_line_width" value="308"/>
				<param name="header_id" value="600"/>
				<param name="header_width" value="300"/>
				<param name="countitems_visible" value="false"/>
			</include>
			<control type="panel" id="9090">
				<left>67</left>
				<top>190</top>
				<width>300</width>
				<height>300</height>
				<onright>Action(Close)</onright>
				<onleft>Action(Close)</onleft>
				<onup condition="Integer.IsGreater(Container(9091).NumItems,0)">Control.SetFocus(9091,999)</onup>
				<ondown condition="Integer.IsGreater(Container(9091).NumItems,0)">Control.SetFocus(9091,0)</ondown>
				<onback>noop</onback>
				<orientation>vertical</orientation>
				<scrolltime tween="quadratic" easing="out">200</scrolltime>
				<itemlayout height="68" width="100">
					<control type="image">
						<left>0</left>
						<top>0</top>
						<width>68</width>
						<height>60</height>
						<texture border="4,6,4,6">dialogs/keyboard/button_nf.png</texture>
					</control>
					<control type="label">
						<left>0</left>
						<top>0</top>
						<width>66</width>
						<height>44</height>
						<font>FontSize_16B</font>
						<textcolor>99grey</textcolor>
						<shadowcolor>99000000</shadowcolor>
						<align>center</align>
						<aligny>center</aligny>
						<label>$INFO[ListItem.Label]</label>
					</control>
					<control type="label">
						<left>0</left>
						<top>0</top>
						<width>68</width>
						<height>84</height>
						<font>FontSize_12B</font>
						<textcolor>99grey</textcolor>
						<shadowcolor>99000000</shadowcolor>
						<align>center</align>
						<aligny>center</aligny>
						<label>$INFO[ListItem.Label2]</label>
					</control>
				</itemlayout>
				<focusedlayout height="68" width="100">
					<control type="image">
						<left>0</left>
						<top>0</top>
						<width>68</width>
						<height>60</height>
						<texture border="4,6,4,6" colordiffuse="$VAR[Textures.GlobalColor]">dialogs/keyboard/button_fo.png</texture>
					</control>
					<control type="label">
						<left>0</left>
						<top>0</top>
						<width>66</width>
						<height>44</height>
						<font>FontSize_16B</font>
						<textcolor>white</textcolor>
						<shadowcolor>99000000</shadowcolor>
						<align>center</align>
						<aligny>center</aligny>
						<font>font12</font>
						<label>$INFO[ListItem.Label]</label>
					</control>
					<control type="label">
						<left>0</left>
						<top>0</top>
						<width>68</width>
						<height>84</height>
						<font>FontSize_12B</font>
						<textcolor>white</textcolor>
						<shadowcolor>99000000</shadowcolor>
						<align>center</align>
						<aligny>center</aligny>
						<label>$INFO[ListItem.Label2]</label>
					</control>
				</focusedlayout>
			</control>
			<control type="panel" id="9091">
				<left>67</left>
				<top>470</top>
				<width>270</width>
				<height>126</height>
				<onright>close</onright>
				<onleft>Action(Close)</onleft>
				<onup>9090</onup>
				<ondown>9090</ondown>
				<onback>noop</onback>
				<orientation>vertical</orientation>
				<scrolltime tween="quadratic" easing="out">200</scrolltime>
				<itemlayout height="42" width="270">
					<control type="image">
						<left>0</left>
						<top>0</top>
						<width>268</width>
						<height>40</height>
						<texture border="4,6,4,6">dialogs/keyboard/button_nf.png</texture>
					</control>
					<control type="label">
						<left>5</left>
						<top>0</top>
						<width>258</width>
						<height>40</height>
						<font>FontSize_16B</font>
						<textcolor>99grey</textcolor>
						<shadowcolor>99000000</shadowcolor>
						<align>center</align>
						<aligny>center</aligny>
						<label>$INFO[ListItem.Label]</label>
					</control>
				</itemlayout>
				<focusedlayout height="42" width="270">
					<control type="image">
						<left>0</left>
						<top>0</top>
						<width>268</width>
						<height>40</height>
						<texture border="4,6,4,6" colordiffuse="$VAR[Textures.GlobalColor]">dialogs/keyboard/button_fo.png</texture>
					</control>
					<control type="label">
						<left>5</left>
						<top>0</top>
						<width>258</width>
						<height>40</height>
						<font>FontSize_16B</font>
						<textcolor>white</textcolor>
						<shadowcolor>99000000</shadowcolor>
						<align>center</align>
						<aligny>center</aligny>
						<label>$INFO[ListItem.Label]</label>
					</control>
				</focusedlayout>
			</control>
		</control>
	</controls>
</window>
