<?xml version="1.0" encoding="UTF-8"?>
<window id="137">
	<defaultcontrol always="true">10010</defaultcontrol>
	<controls>
		<control type="group">
			<visible>!Window.IsActive(virtualkeyboard) + !Window.IsActive(selectdialog) + !Window.IsActive(Filebrowser)</visible>
			<include>CommonDialogsAnimation</include>
			<include content="DialogsPanel">
				<param name="group_left" value="308"/>
				<param name="group_top" value="249"/>
				<param name="group_width" value="658"/>
				<param name="body_width" value="658"/>
				<param name="body_height" value="146"/>
				<param name="header_line_width" value="654"/>
				<param name="header_label" value="$LOCALIZE[21421]"/>
				<param name="header_width" value="620"/>
				<param name="countitems_visible" value="false"/>
			</include>
			<control type="image">
				<description>background image</description>
				<include>FullscreenDimensions</include>
				<texture background="true">dialogs/playlisteditor/bg_playlisteditor_rule.png</texture>
			</control>
			<control type="group" id="10010">
				<control type="label">
					<description>Rule match label</description>
					<left>330</left>
					<top>310</top>
					<width>620</width>
					<height>30</height>
					<align>left</align>
					<aligny>center</aligny>
					<font>FontSize_16B</font>
					<textcolor>44white</textcolor>
					<shadowcolor>99000000</shadowcolor>
					<label>21422</label>
				</control>
				<control type="group" id="10020">
					<!-- *Disabled*
					<control type="label">
					<description>Rule Field label</description>
					<left>335</left>
					<top>337</top>
					<width>310</width>
					<height>45</height>
					<font>FontSize_20</font>
					<align>left</align>
					<aligny>center</aligny>
					<textcolor>99white</textcolor>
					<shadowcolor>99000000</shadowcolor>
					<label>$INFO[Control.GetLabel(15)]</label>
					</control>
					-->
					<control type="button" id="15">
						<description>Rule Field</description>
						<left>328</left>
						<top>337</top>
						<width>310</width>
						<height>45</height>
						<onright>16</onright>
						<onleft>16</onleft>
						<onup>10030</onup>
						<ondown>10030</ondown>
						<include>DialogsButton</include>
					</control>
					<control type="button" id="16">
						<description>Rule operator</description>
						<left>642</left>
						<top>337</top>
						<width>310</width>
						<height>45</height>
						<onright>10000</onright>
						<onleft>15</onleft>
						<onup>10030</onup>
						<ondown>10030</ondown>
						<include>DialogsButton</include>
					</control>
				</control>
				<control type="group" id="10030">
					<control type="edit" id="17">
						<description>Value Button</description>
						<left>328</left>
						<top>386</top>
						<width>460</width>
						<height>45</height>
						<onleft>20</onleft>
						<onright>20</onright>
						<onup>10020</onup>
						<ondown>10020</ondown>
						<include>DialogsButton</include>
					</control>
					<control type="button" id="20">
						<description>Browse Button</description>
						<left>792</left>
						<top>386</top>
						<width>160</width>
						<height>45</height>
						<label>$LOCALIZE[1024]</label>
						<onleft>17</onleft>
						<onright>10000</onright>
						<onup>10020</onup>
						<ondown>10020</ondown>
						<align>center</align>
						<include>DialogsButton</include>
					</control>
				</control>
			</control>

			<!-- Control Buttons -->
			<control type="grouplist" id="10000">
				<left>972</left>
				<top>336</top>
				<height>112</height>
				<onleft>10010</onleft>
				<onright>10010</onright>
				<align>right</align>
				<defaultcontrol always="true">18</defaultcontrol>
				<control type="button" id="19">
					<description>Cancel</description>
					<include>DialogsButtonsText</include>
					<texturefocus border="49,0,49,0">dialogs/buttons/cancel_focus.png</texturefocus>
					<texturenofocus border="49,0,49,0">dialogs/buttons/cancel_nofocus.png</texturenofocus>
					<label>$LOCALIZE[222]</label>
				</control>
				<control type="button" id="18">
					<description>Save</description>
					<include>DialogsButtonsText</include>
					<texturefocus border="49,0,49,0">dialogs/buttons/save_focus.png</texturefocus>
					<texturenofocus border="49,0,49,0">dialogs/buttons/save_nofocus.png</texturenofocus>
					<label>$LOCALIZE[190]</label>
				</control>
			</control>
		</control>
	</controls>
</window>