<?xml version="1.0" encoding="UTF-8"?>
<window>
	<defaultcontrol></defaultcontrol>
	<onload condition="String.IsEmpty(Skin.String(DialogSeekBarStyle))">Skin.SetString(DialogSeekBarStyle,1)</onload>
	<onload condition="String.IsEmpty(Skin.String(FullScreenVideoStyle))">Skin.SetString(FullScreenVideoStyle,1)</onload>
	<onload condition="Window.IsActive(PlayerControls)">Dialog.Close(PlayerControls)</onload>
	<controls>
		<control type="image" id="1">
			<description>Vignette</description>
			<include>FullscreenDimensions</include>
			<texture background="true">windows/bg/bg_vignette.png</texture>
			<include>BackgroundFade</include>
			<visible>!Window.IsActive(SliderDialog)</visible>
			<visible>Player.ShowInfo | Integer.IsGreater(PVR.ChannelNumberInput,0) | Window.IsActive(PVROSDChannels) | Window.IsActive(PVRChannelGuide) | Window.IsActive(ShutdownMenu) | Window.IsActive(notification) | Window.IsActive(VideoOSD) | Window.IsActive(OSDSubtitleSettings) | Window.IsActive(OSDVideoSettings) | Window.IsActive(OSDAudioSettings) | Window.IsActive(VideoBookmarks) | Window.IsActive(SelectDialog) | Window.IsActive(SubtitleSearch) | Window.IsActive(NumericInput) | Window.IsActive(Favourites) | Window.IsActive(script-nextup-notification-NextUpInfo.xml) | Window.IsActive(script-nextup-notification-StillWatchingInfo.xml)</visible>
		</control>
		<control type="image" id="1">
			<description>Diffuse</description>
			<include>FullscreenDimensions</include>
			<texture background="true">windows/bg/bg_overlay.png</texture>
			<include>BackgroundFade</include>
			<fadetime>FanartCrossfadeTime</fadetime>
			<visible>Window.IsActive(PVRGuideInfo)</visible>
		</control>

		<!-- SeekNumeric Input -->
		<control type="group" id="1">
			<left>204r</left>
			<top>16</top>
			<width>178</width>
			<align>right</align>
			<visible>!String.IsEmpty(Player.SeekNumeric) + !Window.IsActive(VolumeBar)</visible>
			<animation type="Visible">
			  <effect type="fade" start="0" end="100" time="250" tween="sine" easing="in"  />
			  <effect type="slide" start="0,-35" end="0,0" time="300" tween="cubic" easing="out" />
			</animation>
			<animation type="Hidden">
			  <effect type="fade" start="100" end="0" time="300" tween="sine" easing="out" />
			  <effect type="slide" start="0,0" end="0,-35" time="350" tween="sine" easing="out" />
			</animation>
			<control type="image" id="1">
				<width>178</width>
				<height>85</height>
				<texture background="true" border="29">osd/volume/volume_bg.png</texture>
			</control>
			<control type="label" id="1">
				<description>Seek Numeric</description>
				<width>178</width>
				<height>86</height>
		    <align>center</align>
		    <aligny>center</aligny>
				<label>$INFO[Player.SeekNumeric(hh:mm:ss)]</label>
				<font>FontSize_28</font>
				<textcolor>osdinfo</textcolor>
				<shadowcolor>77000000</shadowcolor>
			</control>
		</control>


		<!-- =========================== -->
		<!-- == VideoFullcreen Window == -->
		<!-- =========================== -->
		<!-- VideoInfo (Default) -->
		<control type="group" id="1">
			<left>45</left>
			<width>1190</width>
			<include>OSDAnimation</include>
			<visible>!String.IsEqual(Skin.String(FullScreenVideoStyle),2)</visible>
			<visible>[Player.ShowInfo | [[Player.Paused | Player.Forwarding | Player.Rewinding | Player.Seeking | Player.DisplayAfterSeek] + String.IsEqual(Skin.String(DialogSeekBarStyle),3)] | Window.IsActive(VideoOSD)] + ![Window.IsActive(BusyDialog) | Window.IsActive(SliderDialog) | Window.IsActive(SeekBar) | Window.IsActive(OSDSubtitleSettings) | Window.IsActive(OSDVideoSettings) | Window.IsActive(OSDAudioSettings) | Window.IsActive(VideoBookmarks) | Window.IsActive(SelectDialog) | Window.IsActive(SubtitleSearch) | Window.IsActive(ShutdownMenu) | Window.IsActive(favourites) | Window.IsActive(NumericInput) | Window.IsActive(PVROSDChannels) | Window.IsActive(PVRChannelGuide) | Window.IsActive(PVRGuideInfo) | Window.IsActive(TextViewer)]</visible>
			<control type="image" id="1">
				<left>-45</left>
				<top>120</top>
				<include>FullscreenDimensions</include>
				<texture background="true">windows/home/menu_overlay.png</texture>
				<animation effect="slide" start="0,0" end="0,-80" time="250" condition="![String.IsEmpty(Window(VideoOSD).Property(ShowPlot)) | String.IsEmpty(VideoPlayer.Plot)]">Conditional</animation>
			</control>

			<!-- Info -->
			<control type="group" id="1">
				<left>0</left>
				<top>465</top>
				<animation effect="slide" start="0,0" end="0,-80" time="250" condition="![String.IsEmpty(Window(VideoOSD).Property(ShowPlot)) | String.IsEmpty(VideoPlayer.Plot)]">Conditional</animation>
				<animation effect="slide" start="0,0" end="180,0" condition="[VideoPlayer.Content(Movies) + !String.IsEmpty(Player.Art(poster))] | [VideoPlayer.Content(Files) + !String.IsEmpty(Player.Art(poster))] | [VideoPlayer.Content(Episodes) + !String.IsEmpty(Player.Art(tvshow.poster))] | VideoPlayer.Content(LiveTV)">Conditional</animation>
				<control type="label" id="1">
					<description>Title label</description>
					<left>0</left>
					<top>0</top>
					<height>30</height>
					<width>1000</width>
					<label>$INFO[Player.Title]</label>
					<align>left</align>
					<aligny>center</aligny>
					<font>FontSize_36</font>
					<textcolor>white</textcolor>
					<shadowcolor>77000000</shadowcolor>
	<visible>VideoPlayer.Content(LiveTV)</visible>
				</control>
				<control type="label" id="1">
					<description>Title label</description>
					<left>0</left>
					<top>42</top>
					<height>30</height>
					<width>700</width>
					<label>$VAR[PlayerTitleLabel]</label>
					<align>left</align>
					<aligny>center</aligny>
					<font>FontSize_24</font>
					<textcolor>white</textcolor>
					<shadowcolor>77000000</shadowcolor>
	<visible>VideoPlayer.Content(LiveTV)</visible>
				</control>
				<control type="label" id="1">
					<description>Title label</description>
					<left>710</left>
					<top>40</top>
					<height>30</height>
					<width>340</width>
					<label>$INFO[VideoPlayer.StartTime,[COLOR=white]$LOCALIZE[19080][/COLOR] ,]$INFO[VideoPlayer.EndTime,  [COLOR=white]$LOCALIZE[19081][/COLOR] ,]</label>
					<align>left</align>
					<aligny>center</aligny>
					<font>FontSize_24</font>
					<textcolor>white</textcolor>
					<shadowcolor>77000000</shadowcolor>
	<visible>VideoPlayer.Content(LiveTV)</visible>
				</control>
				<control type="label" id="1">
					<description>Title label</description>
					<left>0</left>
					<top>0</top>
					<height>30</height>
					<width>1000</width>
					<label>$VAR[PlayerTitleLabel]</label>
					<align>left</align>
					<aligny>center</aligny>
					<font>FontSize_36</font>
					<textcolor>white</textcolor>
					<shadowcolor>77000000</shadowcolor>
	<visible>!VideoPlayer.Content(LiveTV)</visible>
				</control>
			</control>

			<!-- Movies/Episodes Cover -->
			<control type="group" id="1">
				<left>0</left>
				<top>400</top>
				<include>PlayerPoster</include>
				<visible>[VideoPlayer.Content(Movies) + !String.IsEmpty(Player.Art(poster))] | [VideoPlayer.Content(Files) + !String.IsEmpty(Player.Art(poster))] | [VideoPlayer.Content(Episodes) + !String.IsEmpty(Player.Art(tvshow.poster))]</visible>
			</control>

			<!-- LiveTV Cover -->
			<control type="group" id="1">
				<left>0</left>
				<top>475</top>
				<include>PlayerSquare</include>
				<visible>VideoPlayer.Content(LiveTV)</visible>
			</control>

			<!-- Progress -->
			<control type="group" id="1">
				<left>1</left>
				<top>537</top>
				<animation effect="slide" start="0,0" end="0,-80" time="250" condition="![String.IsEmpty(Window(VideoOSD).Property(ShowPlot)) | String.IsEmpty(VideoPlayer.Plot)]">Conditional</animation>
				<include>OSDProgressBar</include>
			</control>



			<!-- Time Label -->
			<control type="group" id="1">
				<left>0</left>
				<top>0</top>
				<include>OSDAnimation</include>
				<visible>[String.IsEmpty(Window(VideoOSD).Property(ShowPlot)) | String.IsEmpty(VideoPlayer.Plot)]</visible>
				<animation effect="slide" start="0,0" end="180,0" condition="[VideoPlayer.Content(Movies) + !String.IsEmpty(Player.Art(poster))] | [VideoPlayer.Content(Files) + !String.IsEmpty(Player.Art(poster))] | [VideoPlayer.Content(Episodes) + !String.IsEmpty(Player.Art(tvshow.poster))] | VideoPlayer.Content(LiveTV)">Conditional</animation>
				<control type="label" id="1">
					<left>350</left>
					<top>485</top>
					<height>60</height>
					<width>550</width>
					<label>$INFO[Player.Time]$INFO[Player.Duration, / ] - Time Remaining: $INFO[Player.TimeRemaining]</label>
					<align>left</align>
					<aligny>center</aligny>
					<font>FontSize_34</font>
					<textcolor>white</textcolor>
					<shadowcolor>77000000</shadowcolor>
						<visible>!VideoPlayer.Content(LiveTV)</visible>
				</control>
				<control type="label" id="1">
					<left>630</left>
					<top>530</top>
					<height>60</height>
					<width>400</width>
					<label>S$INFO[VideoPlayer.Season] E$INFO[VideoPlayer.Episode] - Episode $INFO[VideoPlayer.Episode] of Season $INFO[VideoPlayer.Season]</label>
					<align>left</align>
					<aligny>center</aligny>
					<font>FontSize_18</font>
					<textcolor>white</textcolor>
					<shadowcolor>77000000</shadowcolor>
						<visible>VideoPlayer.Content(LiveTV) + [!String.IsEmpty(VideoPlayer.Season)]</visible>
				</control>
				<control type="label" id="1">
					<left>0</left>
					<top>530</top>
					<height>60</height>
					<width>335</width>
					<label>S$INFO[VideoPlayer.Season] E$INFO[VideoPlayer.Episode] - Episode $INFO[VideoPlayer.Episode] of Season $INFO[VideoPlayer.Season]</label>
					<align>left</align>
					<aligny>center</aligny>
					<font>FontSize_18</font>
					<textcolor>white</textcolor>
					<shadowcolor>77000000</shadowcolor>
						<visible>!VideoPlayer.Content(LiveTV) + !String.IsEmpty(VideoPlayer.Season)</visible>
				</control>
				<control type="label" id="1">
					<left>0</left>
					<top>530</top>
					<height>60</height>
					<width>700</width>
					<label>$INFO[VideoPlayer.EpisodeName]</label>
					<align>left</align>
					<aligny>center</aligny>
					<font>FontSize_18</font>
					<textcolor>white</textcolor>
					<shadowcolor>77000000</shadowcolor>
						<visible>VideoPlayer.Content(LiveTV) + [!String.IsEmpty(VideoPlayer.EpisodeName)]</visible>
				</control>
				<control type="textbox" id="2">
					<left>0</left>
					<top>580</top>
					<height>108</height>
					<width>1000</width>
					<label>$INFO[VideoPlayer.Plot]</label>
					<font>FontSize_20</font>
					<textcolor>white</textcolor>
					<shadowcolor>77000000</shadowcolor>
					<scroll>true</scroll>
					<scrollspeed>100</scrollspeed>
					<pauseatend>5000</pauseatend>
				</control>
				<control type="label" id="2">
					<left>0</left>
					<top>680</top>
					<height>50</height>
					 <width>auto</width>
					<label>[I]$INFO[VideoPlayer.NextTitle,[COLOR=white]$LOCALIZE[19031]:[/COLOR] ,]$INFO[VideoPlayer.NextStartTime, (,)][/I]</label>
					<font>FontSize_20</font>
					<textcolor>beige</textcolor>
					<shadowcolor>77000000</shadowcolor>
					<scroll>true</scroll>
					<scrollspeed>100</scrollspeed>
					<pauseatend>5000</pauseatend>
					<visible>VideoPlayer.Content(LiveTV)</visible>
				</control>
			</control>

			<!-- Right Fade SubLabels -->
			<control type="fadelabel" id="1">
				<left>688</left>
				<top>537</top>
				<height>40</height>
				<width>500</width>
				<font>FontSize_20</font>
				<align>right</align>
				<aligny>center</aligny>
				<textcolor>77white</textcolor>
				<shadowcolor>77000000</shadowcolor>
				<label></label>
				</control>
		</control>



		<!-- ==================== -->
		<!-- == Dialog Seekbar == -->
		<!-- ==================== -->
		<!-- Seekbar (Default) -->
			<control type="group" id="1">
				<visible>!String.IsEqual(Skin.String(FullScreenVideoStyle),2)</visible>
				<visible>Window.IsActive(FullScreenVideo) + [[Player.Paused | Player.Forwarding | Player.Rewinding | Player.Seeking | Player.DisplayAfterSeek | Player.Caching | Integer.IsGreater(PVR.ChannelNumberInput,0)] + ![String.IsEqual(Skin.String(DialogSeekBarStyle),2) | String.IsEqual(Skin.String(DialogSeekBarStyle),3)]] + ![Player.ShowInfo | Window.IsActive(VideoOSD) | Window.IsActive(SliderDialog) | Window.IsActive(SubtitleSearch) | Window.IsActive(ShutdownMenu) | Window.IsActive(favourites) | Window.IsActive(NumericInput) | Window.IsActive(PVROSDChannels) | Window.IsActive(PVRChannelGuide) | Window.IsActive(PVRGuideInfo)]</visible>
				<animation type="WindowOpen" reversible="false">
					<effect type="zoom" time="350" center="640,360" start="150" end="100" tween="cubic" easing="out"/>
					<effect type="fade" time="350" start="0" easing="out" end="100"/>
				</animation>
				<animation type="WindowClose" reversible="false">
					<effect type="zoom" time="250" center="640,360" start="100" end="150" tween="cubic" easing="in"/>
					<effect type="fade" time="250" start="100" easing="in" end="0"/>
				</animation>
				<animation type="Visible" reversible="false">
					<effect type="zoom" time="350" center="640,360" start="150" end="100" tween="cubic" easing="out"/>
					<effect type="fade" time="350" start="0" easing="out" end="100"/>
				</animation>
				<animation type="Hidden" reversible="false">
					<effect type="zoom" time="250" center="640,360" start="100" end="150" tween="cubic" easing="in"/>
					<effect type="fade" time="250" start="100" easing="in" end="0"/>
				</animation>
				<animation type="Conditional" condition="Player.Paused + ![Player.Caching | Player.Seeking]">
					<effect type="zoom" time="86400000" delay="13000" center="640,360" start="100" end="0" tween="cubic" easing="in"/>
					<effect type="fade" time="86400000" delay="13000" start="100" easing="in" end="0"/>
				</animation>
			<control type="image" id="1">
				<left>884</left>
				<top>5</top>
				<width>413</width>
				<height>110</height>
				<texture background="true">osd/osd_controls_bg.png</texture>
			</control>
			<control type="group" id="1">
				<left>893</left>
				<top>5</top>
				<control type="image" id="1">
					<width>100</width>
					<height>100</height>
					<colordiffuse>77white</colordiffuse>
					<texture background="true">osd/osd_play.png</texture>
					<visible>Player.Playing + ![Player.Rewinding | Player.Forwarding | Player.Seeking | Player.Caching | [Player.DisplayAfterSeek + !String.IsEmpty(Player.SeekOffset)]]</visible>
				</control>
				<control type="image" id="1">
					<width>100</width>
					<height>100</height>
					<colordiffuse>77white</colordiffuse>
					<texture background="true">$VAR[DialogSeekBarIcons]</texture>
				</control>
				<control type="image" id="1">
					<width>100</width>
					<height>100</height>
					<colordiffuse>77white</colordiffuse>
					<texture background="true">osd/osd_rw.png</texture>
					<visible>[[Player.Playing + !String.IsEmpty(Player.SeekOffset)] | Player.Seeking] + [String.Contains(Player.SeekOffset,-) | String.Contains(Player.SeekStepSize,-)] + ![Player.Paused | Player.Caching]</visible>
				</control>
				<control type="image" id="1">
					<width>100</width>
					<height>100</height>
					<colordiffuse>77white</colordiffuse>
					<texture background="true">osd/osd_ff.png</texture>
					<visible>[[Player.Playing + !String.IsEmpty(Player.SeekOffset)] | Player.Seeking] + ![String.Contains(Player.SeekOffset,-) | String.Contains(Player.SeekStepSize,-)] + ![Player.Paused | Player.Caching]</visible>
				</control>
			</control>

			<control type="group" id="1">
				<left>977</left>
				<top>18</top>
				<control type="group" id="1">
					<visible>!Player.ChapterCount</visible>
					<control type="label" id="1">
						<description>Seek Time Label</description>
						<width>230</width>
						<height>20</height>
						<font>FontSize_24</font>
						<textcolor>viewsinfo</textcolor>
						<shadowcolor>77000000</shadowcolor>
						<align>center</align>
						<aligny>center</aligny>
						<label>$VAR[DialogSeekBarLabel]</label>
						<animation type="Conditional" reversible="false" condition="Player.Paused  + ![Player.Forwarding | Player.Rewinding | Player.Caching]" loop="true">
							<effect type="fade" start="0" end="100" time="400" delay="0" />
							<effect type="fade" start="100" end="0" time="400" delay="5000" />
							<effect type="fade" start="100" end="0" time="400" delay="10000" />
						</animation>
					</control>
					<control type="label" id="1">
						<description>Seek Time Label</description>
						<width>230</width>
						<height>20</height>
						<font>FontSize_24</font>
						<textcolor>viewsinfo</textcolor>
						<shadowcolor>77000000</shadowcolor>
						<align>center</align>
						<aligny>center</aligny>
						<label>$LOCALIZE[31305] [COLOR=osdinfo]$INFO[Player.FinishTime][/COLOR]</label>
						<visible>!Player.Playing + !Player.Forwarding + !Player.Rewinding + !Player.Caching</visible>
						<animation type="Conditional" reversible="false" condition="Player.Paused + ![Player.Playing | Player.Forwarding | Player.Rewinding | Player.Caching]" loop="true">
							<effect type="fade" start="0" end="100" time="400" delay="5400" />
							<effect type="fade" start="100" end="0" time="400" delay="10000" />
						</animation>
					</control>
				</control>
				<control type="group" id="1">
					<visible>Player.ChapterCount</visible>
					<control type="label" id="1">
						<description>Seek Time Label</description>
						<width>230</width>
						<height>20</height>
						<font>FontSize_24</font>
						<textcolor>viewsinfo</textcolor>
						<shadowcolor>77000000</shadowcolor>
						<align>center</align>
						<aligny>center</aligny>
						<label>$VAR[DialogSeekBarLabel]</label>
						<animation type="Conditional" reversible="false" condition="Player.Paused  + ![Player.Forwarding | Player.Rewinding | Player.Caching]" loop="true">
							<effect type="fade" start="0" end="100" time="400" delay="0" />
							<effect type="fade" start="100" end="0" time="400" delay="5000" />
							<effect type="fade" start="100" end="0" time="400" delay="15000" />
						</animation>
					</control>
					<control type="label" id="1">
						<description>Seek Time Label</description>
						<width>230</width>
						<height>20</height>
						<font>FontSize_24</font>
						<textcolor>viewsinfo</textcolor>
						<shadowcolor>77000000</shadowcolor>
						<align>center</align>
						<aligny>center</aligny>
						<label>$LOCALIZE[31305] [COLOR=osdinfo]$INFO[Player.FinishTime][/COLOR]</label>
						<visible>!Player.Playing + !Player.Forwarding + !Player.Rewinding + !Player.Caching</visible>
						<animation type="Conditional" reversible="false" condition="Player.Paused + ![Player.Playing | Player.Forwarding | Player.Rewinding | Player.Caching]" loop="true">
							<effect type="fade" start="0" end="100" time="400" delay="5400" />
							<effect type="fade" start="100" end="0" time="400" delay="10000" />
							<effect type="fade" start="100" end="0" time="400" delay="15000" />
						</animation>
					</control>
					<control type="label" id="1">
						<description>Chapter Label</description>
						<width>230</width>
						<height>20</height>
						<font>FontSize_24</font>
						<textcolor>viewsinfo</textcolor>
						<shadowcolor>77000000</shadowcolor>
						<align>center</align>
						<aligny>center</aligny>
						<label>$LOCALIZE[21396]: [COLOR=osdinfo]$INFO[Player.Chapter]$INFO[Player.ChapterCount, / ][/COLOR]</label>
						<visible>!Player.Playing + !Player.Forwarding + !Player.Rewinding + !Player.Caching</visible>
						<animation type="Conditional" reversible="false" condition="Player.Paused + ![Player.Playing | Player.Forwarding | Player.Rewinding | Player.Caching]" loop="true">
							<effect type="fade" start="0" end="100" time="400" delay="10400" />
							<effect type="fade" start="100" end="0" time="400" delay="15000" />
						</animation>
					</control>
				</control>
				<control type="grouplist" id="1">
					<left>0</left>
					<top>10</top>
					<width>295</width>
					<height>500</height>
					<orientation>horizontal</orientation>
					<control type="label" id="1">
						<description>Time Elapsed</description>
						<width>110</width>
						<height>95</height>
						<font>FontSize_24</font>
						<textcolor>88white</textcolor>
						<shadowcolor>77000000</shadowcolor>
						<align>right</align>
						<aligny>center</aligny>
						<label>$VAR[DialogSeekBarTime]+</label>
					</control>
					<control type="group" id="1">
						<width>72</width>
						<control type="image" id="1">
							<left>-8</left>
							<top>5</top>
							<width>88</width>
							<height>88</height>
							<colordiffuse>99white</colordiffuse>
							<aspectratio>keep</aspectratio>
							<texture background="true" border="5" fallback="osd/progress/0.png">$INFO[Control.GetLabel(32),osd/progress/p,.png]</texture>
						</control>
					</control>
					<control type="label" id="1">
						<description>Time Remaining</description>
						<width>110</width>
						<height>95</height>
						<font>FontSize_24</font>
						<textcolor>88white</textcolor>
						<shadowcolor>77000000</shadowcolor>
						<align>left</align>
						<aligny>center</aligny>
						<label>-$INFO[Player.TimeRemaining]</label>
					</control>
				</control>
				<control type="progress" id="32">
					<info>Player.Progress</info>
					<include>HiddenItem</include>
					<visible>false</visible>
				</control>
			</control>
		</control>


		<!-- ===================== -->
		<!-- == Weather & Clock == -->
		<!-- ===================== -->
		<control type="group" id="1">
			<left>25</left>
			<top>45</top>
			<include>OpenCloseSlideAnimation</include>
			<animation type="Visible">
				<include>CommonOpenEffect</include>
			</animation>
			<animation type="Hidden">
				<include>CommonCloseEffect</include>
			</animation>
			<include>WeatherAndClock</include>
			<visible>Player.ShowInfo | [Window.IsActive(VideoOSD) + !String.IsEqual(Skin.String(FullScreenVideoStyle),2)]</visible>
		</control>

		<include>DebugInfo</include>
	</controls>
</window>
