<?xml version="1.0" encoding="UTF-8"?>
<window id="125">
	<defaultcontrol always="true">9000</defaultcontrol>
	<controls>
		<control type="group">
			<left>40</left>
			<top>505</top>
			<include>VisibleHiddenSlideAnimation</include>
			<animation effect="slide" start="0,0" end="0,-50" time="200" condition="Window.IsActive(notification) | Window.IsActive(busydialog)">Conditional</animation>
			<visible>![Window.IsActive(ShutdownMenu) | Window.IsActive(NumericInput)]</visible>
			<control type="panel" id="11">
				<left>0</left>
				<top>0</top>
				<width>1200</width>
				<height>185</height>
				<onleft>11</onleft>
				<onright>11</onright>
				<ondown>9000</ondown>
				<onup>9000</onup>
				<preloaditems>2</preloaditems>
				<orientation>horizontal</orientation>
				<scrolltime tween="Quadratic" easing="out">400</scrolltime>
				<pagecontrol></pagecontrol>
				<animation type="WindowOpen" reversible="false">
					<include>CommonVisibleEffect</include>
				</animation>
				<animation type="WindowClose" reversible="false">
					<include>CommonHiddenEffect</include>
				</animation>
				<itemlayout height="185" width="239.5">
					<control type="image">
						<left>5</left>
						<top>5</top>
						<width>231</width>
						<height>175</height>
						<aspectratio align="center" aligny="center">stretch</aspectratio>
						<texture border="30">views/other/panel.png</texture>
					</control>
					<control type="image">
						<left>6</left>
						<top>93</top>
						<width>229</width>
						<height>82</height>
						<aspectratio align="center" aligny="center">stretch</aspectratio>
						<texture border="1">views/other/title_overlay.png</texture>
					</control>
					<control type="image">
						<left>9</left>
						<top>9</top>
						<width>223</width>
						<height>131</height>
						<aspectratio align="center" aligny="center">scale</aspectratio>
						<texture background="true" fallback="thumbs/fallback_episode_tp.png">$INFO[ListItem.Icon]</texture>
						<bordertexture border="15,15,15,15">thumbs/thumb_border.png</bordertexture>
						<bordersize>6</bordersize>
					</control>
					<control type="label">
						<left>13</left>
						<top>142</top>
						<width>210</width>
						<height>40</height>
						<textcolor>99white</textcolor>
						<shadowcolor>99000000</shadowcolor>
						<font>FontSize_20</font>
						<scroll>false</scroll>
						<align>left</align>
						<aligny>center</aligny>
						<label>$INFO[ListItem.Label]</label>
					</control>
					<control type="label">
						<right>13</right>
						<top>142</top>
						<width>210</width>
						<height>40</height>
						<textcolor>99white</textcolor>
						<shadowcolor>99000000</shadowcolor>
						<font>FontSize_20</font>
						<scroll>false</scroll>
						<align>right</align>
						<aligny>center</aligny>
						<label>$INFO[ListItem.Label2]</label>
					</control>
				</itemlayout>
				<focusedlayout height="185" width="239.5">
					<control type="image">
						<left>5</left>
						<top>5</top>
						<width>231</width>
						<height>175</height>
						<aspectratio align="center" aligny="center">stretch</aspectratio>
						<texture border="30">views/other/panel.png</texture>
					</control>
					<control type="image">
						<left>6</left>
						<top>93</top>
						<width>229</width>
						<height>82</height>
						<aspectratio align="center" aligny="center">stretch</aspectratio>
						<texture border="1">views/other/title_overlay.png</texture>
					</control>
					<control type="image">
						<left>9</left>
						<top>9</top>
						<width>223</width>
						<height>131</height>
						<aspectratio align="center" aligny="center">scale</aspectratio>
						<texture background="true" fallback="thumbs/fallback_episode_tp.png">$INFO[ListItem.Icon]</texture>
						<bordertexture border="15,15,15,15">thumbs/thumb_border.png</bordertexture>
						<bordersize>6</bordersize>
					</control>
					<control type="label">
						<left>13</left>
						<top>142</top>
						<width>210</width>
						<height>40</height>
						<textcolor>$VAR[Textures.GlobalColor]</textcolor>
						<shadowcolor>99000000</shadowcolor>
						<font>FontSize_20</font>
						<scroll>false</scroll>
						<align>left</align>
						<aligny>center</aligny>
						<label>$INFO[ListItem.Label]</label>
					</control>
					<control type="label">
						<right>13</right>
						<top>142</top>
						<width>210</width>
						<height>40</height>
						<textcolor>$VAR[Textures.GlobalColor]</textcolor>
						<shadowcolor>99000000</shadowcolor>
						<font>FontSize_20</font>
						<scroll>false</scroll>
						<align>right</align>
						<aligny>center</aligny>
						<label>$INFO[ListItem.Label2]</label>
					</control>
					<control type="image">
						<left>5</left>
						<top>5</top>
						<width>231</width>
						<height>139</height>
						<colordiffuse>$VAR[Textures.GlobalColor]</colordiffuse>
						<aspectratio align="center" aligny="center">stretch</aspectratio>
						<texture border="30">views/other/focus_panel.png</texture>
						<include>ThumbnailsFocusAnimation</include>
					</control>
				</focusedlayout>
			</control>
		</control>

		<!-- ============== -->
		<!-- == Top Menu == -->
		<!-- ============== -->
		<control type="group">
			<left>45</left>
			<top>25</top>
			<visible>!Window.IsActive(ShutdownMenu) + !Window.IsActive(ContextMenu)</visible>
			<include>CommonDialogsAnimation</include>

			<!-- Main Buttons -->
			<control type="grouplist" id="9000">
				<left>0</left>
				<top>0</top>
				<height>0</height>
				<width>1190</width>
				<itemgap>20</itemgap>
				<onleft>9000</onleft>
				<onright>9000</onright>
				<onup>Action(close)</onup>
				<ondown>11</ondown>
				<orientation>horizontal</orientation>
				<control type="group" id="998">
					<width>30</width>
					<include>Logo</include>
				</control>
				<control type="label" id="999">
					<include>TopBigLabel</include>
					<label>$LOCALIZE[298]</label>
				</control>
				<control type="button" id="2">
					<description>Add Bookmark</description>
					<label>$LOCALIZE[294]</label>
					<include>TopMenuButton</include>
				</control>
				<control type="button" id="3">
					<description>Delete Bookmark</description>
					<label>$LOCALIZE[296]</label>
					<include>TopMenuButton</include>
				</control>
				<control type="button" id="4">
					<description>Add Episode Bookmark</description>
					<label>$LOCALIZE[20406]</label>
					<include>TopMenuButton</include>
					<enable>VideoPlayer.Content(Episodes)</enable>
				</control>
			</control>

			<control type="label">
				<description>Page Count Label</description>
				<left>2</left>
				<top>48</top>
				<width>300</width>
				<height>20</height>
				<font>FontSize_18</font>
				<textcolor>$VAR[Text.GlobalColor]</textcolor>
				<scroll>false</scroll>
				<align>left</align>
				<aligny>center</aligny>
				<label>$VAR[ContainerNumItems]</label>
				<visible>!Window.IsActive(ShutdownMenu) + !Window.IsActive(ContextMenu)</visible>
			</control>
		</control>
	</controls>
</window>
