<?xml version="1.0" encoding="UTF-8"?>
<includes>
	<!-- ======================================== -->
	<!-- ==== Thumbnails View Programs "560" ==== -->
	<!-- ======================================== -->
	<include name="ThumbnailsView_Programs">
		<control type="group">
			<visible>Control.IsVisible(560)</visible>
			<include>CommonViews_VerticalAnimation</include>
			<control type="panel" id="560">
				<include>Thumbnails_PanelVars</include>
				<visible>Container.Content(addons)</visible>
				<itemlayout condition="!Skin.HasSetting(ShowSmallProgramsThumbs)" height="248" width="239.5">
					<include>ThumbnailsBig_ItemLayout</include>
				</itemlayout>
				<itemlayout condition="Skin.HasSetting(ShowSmallProgramsThumbs)" height="166" width="171">
					<include>ThumbnailsSmall_ItemLayout</include>
				</itemlayout>
				<focusedlayout condition="!Skin.HasSetting(ShowSmallProgramsThumbs)" height="248" width="239.5">
					<include>ThumbnailsBig_FocusedLayout</include>
				</focusedlayout>
				<focusedlayout condition="Skin.HasSetting(ShowSmallProgramsThumbs)" height="166" width="171">
					<include>ThumbnailsSamll_FocusedLayout</include>
				</focusedlayout>
			</control>
			<control type="button">
				<left>47</left>
				<top>616</top>
				<width>1185</width>
				<font>FontSize_26B</font>
				<textcolor>bbwhite</textcolor>
				<shadowcolor>77000000</shadowcolor>
				<include>HiddenItem</include>
				<label>$INFO[ListItem.Label]</label>
				<label2>[COLOR=$VAR[AddonStateColor]]$VAR[AddonsLabel2][/COLOR]</label2>
				<visible>!ListItem.IsParentFolder</visible>
			</control>
			<include>Thumbnails_Scrollbar</include>
		</control>
	</include>
</includes>
