<?xml version="1.0" encoding="UTF-8"?>
<overrides>
	<doNotShareMenu />
	<doNotShareLevels />
	<visibleoverride group="mainmenu" condition="Library.HasContent(Movies)">ActivateWindow(Videos,sources://video/,return)</visibleoverride>
	<visibleoverride group="mainmenu" condition="Library.HasContent(TVShows)">ActivateWindow(Videos,sources://video/,return)</visibleoverride>
	<visibleoverride group="mainmenu" condition="Library.HasContent(MusicVideos)">ActivateWindow(Videos,sources://video/,return)</visibleoverride>
	<visibleoverride group="mainmenu" condition="Library.HasContent(Music)">ActivateWindow(Music,sources://music/,return)</visibleoverride>
	<visibleoverride group="mainmenu" condition="!IsEmpty(Weather.Plugin)">ReplaceWindow(servicesettings,weather)</visibleoverride>
	<visibleoverride group="mainmenu" condition="System.HasPVRAddon">ActivateWindow(addonbrowser,addons://repository.xbmc.org/xbmc.pvrclient,return)</visibleoverride>

	<groupoverride group="mainmenu" condition="Window.IsActive(PlayerControls.xml)">Close</groupoverride>

	<groupings>

		<!-- ====== -->
		<!-- Common -->
		<!-- ====== -->
		<node label="32029">
			<content>common</content>
		</node>

		<!-- ============= -->
		<!-- Video Library -->
		<!-- ============= -->
		<node label="32030">
			<content>video</content>
			<content>customvideonode</content>
			<!-- Custom Shortcuts -->
			<shortcut label="31001" type="31025" icon="icons/big/TVGuide.png" condition="System.HasAddon(script.tv.show.next.aired) + Library.HasContent(TVShows)">RunScript(script.tv.show.next.aired)</shortcut>
			<!-- Video Addons -->
			<node label="32010">
				<shortcut label="1037" type="31025" icon="DefaultAddon.png">ActivateWindow(Videos,Addons,return)</shortcut>
				<content>addon-video</content>
			</node>
			<!-- Video Playlists -->
			<node label="136" condition="[Library.HasContent(movies) | Library.HasContent(tvshows)]">
				<content>playlist-video</content>
			</node>
			<!-- Video sources -->
			<node label="32075">
				<content>videosources</content>
				<content>upnp-video</content>
			</node>
		</node>

		<!-- ============= -->
		<!-- Music Library -->
		<!-- ============= -->
		<node label="32031">
			<content>music</content>
			<node label="32011">
				<shortcut label="1038" type="31025" icon="DefaultAddon.png">ActivateWindow(MusicLibrary,Addons,return)</shortcut>
				<content>addon-audio</content>
			</node>
			<node label="136" condition="Library.HasContent(music)">
				<content>playlist-audio</content>
			</node>
			<node label="32075">
				<content>musicsources</content>
				<content>upnp-music</content>
			</node>
		</node>

		<!-- ======= -->
		<!-- Live TV -->
		<!-- ======= -->
		<node label="hi" condition="PVR.HasTVChannels | PVR.HasRadioChannels">
			<node label="hi" condition="PVR.HasTVChannels">
				<content>pvr</content>
				<node label="hi">
					<content>pvr-tv</content>
				</node>
			</node>

			<node label="19021" condition="PVR.HasRadioChannels">
				<content>radio</content>
				<node label="19024">
					<content>pvr-radio</content>
				</node>
			</node>
		</node>

		<!-- ======== -->
		<!-- Pictures -->
		<!-- ======== -->
		<node label="32020">
		 <content>picturesources</content>
		</node>

		<!-- ======= -->
		<!-- Add-Ons -->
		<!-- ======= -->
		<node label="32007">
			<node label="32010">
				<shortcut label="1037" type="31025">ActivateWindow(Videos,Addons,return)</shortcut>
				<content>addon-video</content>
			</node>
			<node label="32011">
				<shortcut label="1038" type="31025">ActivateWindow(MusicLibrary,Addons,return)</shortcut>
				<content>addon-audio</content>
			</node>
			<node label="32012">
				<shortcut label="1039" type="31025">ActivateWindow(Pictures,Addons,return)</shortcut>
				<content>addon-image</content>
			</node>
			<node label="32009">
				<shortcut label="10001" type="31025" icon="DefaultAddonProgram.png">ActivateWindow(Programs,Addons,return)</shortcut>
				<shortcut label="20244" type="31025" icon="DefaultAddonProgram.png" condition="System.Platform.Android">ActivateWindow(Programs,androidapp://sources/apps,return)</shortcut>
				<content>addon-program</content>
			</node>
		</node>

		<!-- ========== -->
		<!-- Favourites -->
		<!-- ========== -->
		<node label="32006">
			<content>favourite</content>
		</node>

		<!-- ======== -->
		<!-- Settings -->
		<!-- ======== -->
		<node label="10004">
			<content>settings</content>
		</node>

		<!-- ============= -->
		<!-- Kodi Commands -->
		<!-- ============= -->
		<node label="32054">
			<content>commands</content>
		</node>
	</groupings>


	<!-- ======= -->
	<!-- Widgets -->
	<!-- ======= -->

	<widget-groupings>

		<!-- Movies Widgets -->
		<node label="31094">
			<!-- Local -->
			<shortcut label="31241" type="32099" widget="RecentlyAddedMovies" icon="DefaultRecentlyAddedMovies.png" widgetType="movies" widgetTarget="videos" condition="Library.HasContent(movies)">videodb://recentlyaddedmovies/</shortcut>
			<shortcut label="31260" type="32099" widget="InProgressMovies" icon="DefaultInProgressMovies.png" widgetType="movies" widgetTarget="videos" condition="Library.HasContent(movies)">special://skin/extras/playlists/In_Progress_Movies.xsp</shortcut>
			<shortcut label="31247" type="32099" widget="RandomMovies" icon="DefaultMovies.png" widgetType="movies" widgetTarget="videos" condition="Library.HasContent(movies)">special://skin/extras/playlists/Random_Movies.xsp</shortcut>
			<shortcut label="31263" type="32099" widget="UnwatchedMovies" icon="DefaultMovies.png" widgetType="movies" widgetTarget="videos" condition="Library.HasContent(movies)">special://skin/extras/playlists/Unwatched_Movies.xsp</shortcut>
			<!-- Smartish (service.smartish.widgets)
			<shortcut label="31200" type="32099" widget="SmartishMovies" icon="DefaultMovies.png" widgetType="movies" widgetTarget="videos" condition="!System.HasAddon(service.smartish.widgets) + Library.HasContent(movies)">::INSTALL::service.smartish.widgets</shortcut>
			<shortcut label="31200" type="32099" widget="SmartishMovies" icon="DefaultMovies.png" widgetType="movies" widgetTarget="videos" condition="System.HasAddon(service.smartish.widgets) + Library.HasContent(movies)">plugin://service.smartish.widgets?type=movies&amp;reload=$INFO[Window(Home).Property(smartish.movies)]</shortcut>
			-->
			<!-- TMDB (plugin.video.themoviedb.helper) -->
			<shortcut label="31256" type="32099" widget="InCinemasMovies" icon="DefaultMovies.png" widgetType="movies" widgetTarget="videos" condition="System.HasAddon(plugin.video.themoviedb.helper)">plugin://plugin.video.themoviedb.helper?info=now_playing&amp;type=movie&amp;widget=True&amp;localdb=True</shortcut>
			<shortcut label="31250" type="32099" widget="UpcomingMovies" icon="DefaultMovies.png" widgetType="movies" widgetTarget="videos" condition="System.HasAddon(plugin.video.themoviedb.helper)">plugin://plugin.video.themoviedb.helper?info=upcoming&amp;type=movie&amp;widget=True&amp;localdb=True</shortcut>
			<shortcut label="31251" type="32099" widget="PopularMovies" icon="DefaultMovies.png" widgetType="movies" widgetTarget="videos" condition="System.HasAddon(plugin.video.themoviedb.helper)">plugin://plugin.video.themoviedb.helper?info=popular&amp;type=movie&amp;widget=True&amp;localdb=True</shortcut>
			<shortcut label="31266" type="32099" widget="TopRatedMovies" icon="DefaultMovies.png" widgetType="movies" widgetTarget="videos" condition="System.HasAddon(plugin.video.themoviedb.helper)">plugin://plugin.video.themoviedb.helper?info=top_rated&amp;type=movie&amp;widget=True&amp;localdb=True</shortcut>
			<shortcut label="31257" type="32099" widget="TrendingMovies" icon="DefaultMovies.png" widgetType="movies" widgetTarget="videos" condition="System.HasAddon(plugin.video.themoviedb.helper)">plugin://plugin.video.themoviedb.helper?info=trending_week&amp;type=movie&amp;widget=True&amp;localdb=True</shortcut>
			<!-- Trakt (plugin.video.themoviedb.helper) -->
			<shortcut label="31277" type="32099" widget="MostWatchedMovies" icon="DefaultMovies.png" widgetType="movies" widgetTarget="videos" condition="System.HasAddon(plugin.video.themoviedb.helper)">plugin://plugin.video.themoviedb.helper?info=trakt_mostwatched&amp;type=movie&amp;widget=True&amp;localdb=True</shortcut>
			<shortcut label="31278" type="32099" widget="MostAnticipatedMovies" icon="DefaultMovies.png" widgetType="movies" widgetTarget="videos" condition="System.HasAddon(plugin.video.themoviedb.helper)">plugin://plugin.video.themoviedb.helper?info=trakt_anticipated&amp;type=movie&amp;widget=True&amp;localdb=True</shortcut>
			<shortcut label="31279" type="32099" widget="BoxOfficeMovies" icon="DefaultMovies.png" widgetType="movies" widgetTarget="videos" condition="System.HasAddon(plugin.video.themoviedb.helper)">plugin://plugin.video.themoviedb.helper?info=trakt_boxoffice&amp;type=movie&amp;widget=True&amp;localdb=True</shortcut>
			<shortcut label="31237" type="32099" widget="PopularPeople" icon="icons/big/Profiles.png" widgetType="movies" widgetTarget="videos" condition="System.HasAddon(plugin.video.themoviedb.helper)">plugin://plugin.video.themoviedb.helper?info=popular&amp;type=person&amp;widget=True&amp;localdb=True</shortcut>
		</node>

		<!-- TVShows Widgets -->
		<node label="31095">
			<!-- Local -->
			<shortcut label="31242" type="32099" widget="RecentlyAddedTVShows" icon="DefaultRecentlyAddedEpisodes.png" widgetType="tvshows" widgetTarget="videos" condition="Library.HasContent(tvshows)">videodb://recentlyaddedepisodes/</shortcut>
			<shortcut label="31261" type="32099" widget="InProgressTVShows" icon="DefaultInProgressShows.png" widgetType="tvshows" widgetTarget="videos" condition="Library.HasContent(tvshows)">videodb://inprogresstvshows/</shortcut>
			<shortcut label="31248" type="32099" widget="RandomTVShows" icon="DefaultTVShows.png" widgetType="tvshows" widgetTarget="videos" condition="Library.HasContent(tvshows)">special://skin/extras/playlists/Random_TVShows.xsp</shortcut>
			<shortcut label="31268" type="32099" widget="RandomEpisodes" icon="DefaultTVShows.png" widgetType="episodes" widgetTarget="videos" condition="Library.HasContent(tvshows)">special://skin/extras/playlists/Random_Episodes.xsp</shortcut>
			<shortcut label="31264" type="32099" widget="UnwatchedTVShows" icon="DefaultTVShows.png" widgetType="tvshows" widgetTarget="videos" condition="Library.HasContent(tvshows)">special://skin/extras/playlists/Unwatched_TVShows.xsp</shortcut>
			<shortcut label="31265" type="32099" widget="UnwatchedEpisodes" icon="DefaultTVShows.png" widgetType="episodes" widgetTarget="videos" condition="Library.HasContent(tvshows)">special://skin/extras/playlists/Unwatched_Episodes.xsp</shortcut>
			<!-- Smartish (service.smartish.widgets)
			<shortcut label="31200" type="32099" widget="SmartishTVShows" icon="DefaultTVShows.png" widgetType="episodes" widgetTarget="videos" condition="!System.HasAddon(service.smartish.widgets) + Library.HasContent(tvshows)">::INSTALL::service.smartish.widgets</shortcut>
			<shortcut label="31201" type="32099" widget="SmartishTVShows" icon="DefaultTVShows.png" widgetType="episodes" widgetTarget="videos" condition="System.HasAddon(service.smartish.widgets) + Library.HasContent(tvshows)">plugin://service.smartish.widgets?type=episodes&amp;reload=$INFO[Window(Home).Property(smartish.episodes)]</shortcut>
			-->
			<!-- TMDB (plugin.video.themoviedb.helper) -->
			<shortcut label="31206" type="32099" widget="NextAiredTVShows" icon="DefaultTVShows.png" widgetType="tvshows" widgetTarget="videos" condition="[System.HasAddon(plugin.video.themoviedb.helper) + Library.HasContent(tvshows)]">plugin://plugin.video.themoviedb.helper?info=library_nextaired&amp;type=episode&amp;startdate=0&amp;days=365&amp;widget=True&amp;localdb=True</shortcut>
			<shortcut label="31269" type="32099" widget="OnAirTVShows" icon="DefaultTVShows.png" widgetType="tvshows" widgetTarget="videos" condition="System.HasAddon(plugin.video.themoviedb.helper)">plugin://plugin.video.themoviedb.helper?info=on_the_air&amp;type=tv&amp;widget=True&amp;localdb=True</shortcut>
			<shortcut label="31246" type="32099" widget="AiringTodayTVShows" icon="DefaultTVShows.png" widgetType="tvshows" widgetTarget="videos" condition="System.HasAddon(plugin.video.themoviedb.helper)">plugin://plugin.video.themoviedb.helper?info=airing_today&amp;type=tv&amp;widget=True&amp;localdb=True</shortcut>
			<shortcut label="31252" type="32099" widget="PopularTVShows" icon="DefaultTVShows.png" widgetType="tvshows" widgetTarget="videos" condition="System.HasAddon(plugin.video.themoviedb.helper)">plugin://plugin.video.themoviedb.helper?info=popular&amp;type=tv&amp;widget=True&amp;localdb=True</shortcut>
			<shortcut label="31267" type="32099" widget="TopRatedTVShows" icon="DefaultTVShows.png" widgetType="tvshows" widgetTarget="videos" condition="System.HasAddon(plugin.video.themoviedb.helper)">plugin://plugin.video.themoviedb.helper?info=top_rated&amp;type=tv&amp;widget=True&amp;localdb=True</shortcut>
			<shortcut label="31258" type="32099" widget="TrendingTVShows" icon="DefaultTVShows.png" widgetType="tvshows" widgetTarget="videos" condition="System.HasAddon(plugin.video.themoviedb.helper)">plugin://plugin.video.themoviedb.helper?info=trending_week&amp;type=tv&amp;widget=True&amp;localdb=True</shortcut>
			<!-- Trakt (plugin.video.themoviedb.helper) -->
			<shortcut label="31275" type="32099" widget="MostWatchedTVShows" icon="DefaultTVShows.png" widgetType="tvshows" widgetTarget="videos" condition="System.HasAddon(plugin.video.themoviedb.helper)">plugin://plugin.video.themoviedb.helper?info=trakt_mostwatched&amp;type=tv&amp;widget=True&amp;localdb=True</shortcut>
			<shortcut label="31276" type="32099" widget="MostAnticipatedTVShows" icon="DefaultTVShows.png" widgetType="tvshows" widgetTarget="videos" condition="System.HasAddon(plugin.video.themoviedb.helper)">plugin://plugin.video.themoviedb.helper?info=trakt_anticipated&amp;type=tv&amp;widget=True&amp;localdb=True</shortcut>
		</node>

		<!-- Music Widgets -->
		<node label="31096">
			<!-- Local -->
			<shortcut label="31243" type="32099" widget="RecentlyAddedAlbums" icon="DefaultMusicRecentlyAdded.png" widgetType="albums" widgetTarget="music" condition="Library.HasContent(music)">musicdb://recentlyaddedalbums/</shortcut>
			<shortcut label="31262" type="32099" widget="InProgressAlbums" icon="DefaultMusicRecentlyPlayed.png" widgetType="albums" widgetTarget="music" condition="Library.HasContent(music)">musicdb://recentlyplayedalbums</shortcut>
			<shortcut label="31249" type="32099" widget="RandomAlbums" icon="DefaultMusicAlbums.png" widgetType="albums" widgetTarget="music" condition="Library.HasContent(music)">special://skin/extras/playlists/Random_Albums.xsp</shortcut>
			<shortcut label="31259" type="32099" widget="RandomArtists" icon="DefaultMusicArtists.png" widgetType="artists" widgetTarget="music" condition="Library.HasContent(music)">special://skin/extras/playlists/Random_Artists.xsp</shortcut>
			<shortcut label="31274" type="32099" widget="RandomSongs" icon="DefaultMusicSongs.png" widgetType="songs" widgetTarget="music" condition="Library.HasContent(music)">special://skin/extras/playlists/Random_Songs.xsp</shortcut>
			<!-- Smartish (service.smartish.widgets)
			<shortcut label="31200" type="32099" widget="SmartishAlbums" icon="DefaultMusicAlbums.png" widgetType="albums" widgetTarget="music" condition="!System.HasAddon(service.smartish.widgets) + Library.HasContent(music)">::INSTALL::service.smartish.widgets</shortcut>
			<shortcut label="31202" type="32099" widget="SmartishAlbums" icon="DefaultMusicAlbums.png" widgetType="albums" widgetTarget="music" condition="System.HasAddon(service.smartish.widgets) + Library.HasContent(music)">plugin://service.smartish.widgets?type=albums&amp;reload=$INFO[Window.Property(smartish.albums)]</shortcut>
			-->
		</node>

		<!-- Video Library Nodes Widgets -->
		<node label="32030">
			<content>video</content>
			<node label="136" condition="[Library.HasContent(movies) | Library.HasContent(tvshows)]">
				<content>playlist-video</content>
			</node>
			<node label="32075">
				<content>videosources</content>
				<content>upnp-video</content>
			</node>
		</node>

		<!-- Music Library Nodes Widgets -->
		<node label="32031">
			<content>music</content>
			<node label="136" condition="Library.HasContent(music)">
				<content>playlist-audio</content>
			</node>
			<node label="32075">
			 <content>musicsources</content>
			</node>
		</node>

		<!-- Pictures Nodes Widgets -->
		<node label="32020">
			<content>picturesources</content>
		</node>

		<!-- Add-ons Nodes Widgets -->
		<node label="24001">
			<node label="Video Add-ons">
				<content>addon-video</content>
			</node>
			<node label="Music Add-ons">
				<content>addon-audio</content>
			</node>
			<node label="Picture Add-ons">
				<content>addon-image</content>
			</node>
			<node label="Program Add-ons">
				<content>addon-program-plugin</content>
			</node>
			<shortcut label="1037" type="32099" widget="addon" icon="DefaultAddonVideo.png" widgetType="addons" widgetTarget="video">addons://sources/video</shortcut>
			<shortcut label="1038" type="32099" widget="addon" icon="DefaultAddonMusic.png" widgetType="addons" widgetTarget="music">addons://sources/audio</shortcut>
			<shortcut label="1039" type="32099" widget="addon" icon="DefaultAddonPicture.png" widgetType="addons" widgetTarget="pictures">addons://sources/image</shortcut>
			<shortcut label="1043" type="32099" widget="addon" icon="DefaultAddonProgram.png" widgetType="addons" widgetTarget="programs">addons://sources/executable</shortcut>
			<shortcut label="20244" type="32099" widget="addon" icon="DefaultAddonProgram.png" widgetType="addons" widgetTarget="programs" condition="System.Platform.Android">androidapp://sources/apps/</shortcut>
		</node>

		<!-- Live TV Widgets -->
		<node label="31000">
			<shortcut label="19217" type="32099" widget="TVChannels" icon="DefaultLiveTV.png" widgetType="pvr" widgetTarget="pvr" condition="PVR.HasTVChannels">pvr://channels/tv/*</shortcut>
			<shortcut label="19216" type="32099" widget="RadioChannels" icon="DefaultLiveTV.png" widgetType="pvr" widgetTarget="pvr" condition="PVR.HasRadioChannels">pvr://channels/radio/*</shortcut>
			<shortcut label="568" type="32099" widget="LastPlayedChannels" icon="DefaultLiveTV.png" widgetType="pvr" widgetTarget="pvr">pvr://channels/tv/*?view=lastplayed</shortcut>
			<shortcut label="19017" type="32099" widget="ActiveRecordings" icon="icons/big/Recordings.png" widgetType="pvr" widgetTarget="pvr">pvr://recordings/tv/active?view=flat</shortcut>
			<shortcut label="19184" type="32099" widget="DeletedRecordings" icon="icons/big/Recordings.png" widgetType="pvr" widgetTarget="pvr">pvr://recordings/tv/deleted?view=flat</shortcut>
			<shortcut label="19040" type="32099" widget="Timers" icon="icons/big/Timers.png" widgetType="pvr" widgetTarget="pvr">pvr://timers/tv/timers</shortcut>
			<!-- Smartish (service.smartish.widgets)
			<shortcut label="31200" type="32099" widget="SmartishTVChannels" icon="DefaultLiveTV.png" widgetType="pvr" widgetTarget="pvr" condition="!System.HasAddon(service.smartish.widgets) + PVR.HasTVChannels">::INSTALL::service.smartish.widgets</shortcut>
			<shortcut label="31205" type="32099" widget="SmartishTVChannels" icon="DefaultLiveTV.png" widgetType="pvr" widgetTarget="pvr" condition="System.HasAddon(service.smartish.widgets) + PVR.HasTVChannels">plugin://service.smartish.widgets?type=pvr&amp;reload=$INFO[Window.Property(smartish.pvr)]</shortcut>
			-->
		</node>

		<!-- Common Widgets -->
		<node label="32029">
			<shortcut label="10134" type="32099" widget="Favourites" icon="icons/big/Favourites.png" widgetType="mixed">favourites://</shortcut>
			<shortcut label="21417" type="32099" widget="Settings" icon="icons/big/Settings.png" widgetType="mixed">$INCLUDE[SettingsContent]</shortcut>
			<shortcut label="10508" type="32099" widget="WeatherForecast" icon="icons/big/Weather.png" widgetType="weather" condition="!System.HasAddon(resource.images.weatherfanart.single) + ![String.IsEmpty(Weather.Plugin) | String.IsEmpty(Window(Weather).Property(Current.Condition))]">::INSTALL::resource.images.weatherfanart.single</shortcut>
			<shortcut label="10508" type="32099" widget="WeatherForecast" icon="icons/big/Weather.png" widgetType="weather" condition="System.HasAddon(resource.images.weatherfanart.single) + ![String.IsEmpty(Weather.Plugin) | String.IsEmpty(Window(Weather).Property(Current.Condition))]">$INCLUDE[WeatherDaily_Forecast]</shortcut>
		</node>

		<!-- Submenus Widgets -->
		<node label="31209">
			<shortcut label="Movies Submenu" type="32099" widget="MoviesSubmenu" widgetType="submenu" condition="Library.HasContent(movies)">$INCLUDE[skinshortcuts-group-movies]</shortcut>
			<shortcut label="TV Shows Submenu" type="32099" widget="TVShowsSubmenu" widgetType="submenu" condition="Library.HasContent(tvshows)">$INCLUDE[skinshortcuts-group-num-31002]</shortcut>
			<shortcut label="Music Submenu" type="32099" widget="MusicSubmenu" widgetType="submenu" condition="Library.HasContent(music)">$INCLUDE[skinshortcuts-group-music]</shortcut>
			<shortcut label="Videos Submenu" type="32099" widget="VideosSubmenu" widgetType="submenu">$INCLUDE[skinshortcuts-group-videos]</shortcut>
			<shortcut label="Addons Submenu" type="32099" widget="AddonsSubmenu" widgetType="submenu">$INCLUDE[skinshortcuts-group-num-24001]</shortcut>
			<shortcut label="Live TV Submenu" type="32099" widget="LiveTVSubmenu" widgetType="submenu" condition="PVR.HasTVChannels">$INCLUDE[skinshortcuts-group-num-31000]</shortcut>
			<shortcut label="Pictures Submenu" type="32099" widget="PicturesSubmenu" widgetType="submenu">$INCLUDE[skinshortcuts-group-pictures]</shortcut>
			<shortcut label="Programs Submenu" type="32099" widget="ProgramsSubmenu" widgetType="submenu">$INCLUDE[skinshortcuts-group-programs]</shortcut>
			<shortcut label="Weather Submenu" type="32099" widget="WeatherSubmenu" widgetType="submenu" condition="!IsEmpty(Weather.Plugin)">$INCLUDE[skinshortcuts-group-weather]</shortcut>
			<shortcut label="Settings Submenu" type="32099" widget="SettingsSubmenu" widgetType="submenu">$INCLUDE[skinshortcuts-group-settings]</shortcut>
		</node>

		<node label="Bello">
			<shortcut label="31374" type="32099" widget="QuickNav" widgetType="mixed">$INCLUDE[QuickNavContent]</shortcut>
			<shortcut label="31255" type="32099" widget="RSSVideoFeeds" widgetType="mixed_online" widgetTarget="videos" condition="!System.HasAddon(plugin.video.youtube)">::INSTALL::plugin.video.themoviedb.helper</shortcut>
			<shortcut label="31255" type="32099" widget="RSSVideoFeeds" widgetType="mixed_online" widgetTarget="videos" condition="System.HasAddon(plugin.video.youtube)">$VAR[RSSVideoFeed.Type]</shortcut>
			<shortcut label="31379" type="32099" widget="CustomItems" widgetType="mixed">$INCLUDE[CustomItems]</shortcut>
		</node>

		<!-- Enable TMDB Helper Widgets -->
		<shortcut label="Enable TMDB &amp; Trakt Widgets" icon="DefaultAddon.png" condition="!System.HasAddon(plugin.video.themoviedb.helper)">::INSTALL::plugin.video.themoviedb.helper</shortcut>

	</widget-groupings>


	<!-- Widget Aspect Ratio -->
	<property property="widgetRatio" label="Poster">Poster</property>
	<property property="widgetRatio" label="Square">Square</property>
	<property property="widgetRatio" label="Landscape">Landscape</property>
	<property property="widgetRatio" label="Fanart/Logo">Fanart/Logo</property>
	<property property="widgetRatio" label="Fanart/Poster">Fanart/Poster</property>
	<property property="widgetRatio" label="Fanart/Square">Fanart/Square</property>
	<property property="widgetRatio" label="Fanart/Landscape">Fanart/Landscape</property>
	<propertySettings property="widgetRatio" title="$LOCALIZE[31207]" showNone="False"/>

	<propertyfallback property="widgetRatio" attribute="widgetPath" value="library://video/movies/">Square</propertyfallback>
	<propertyfallback property="widgetRatio" attribute="widgetPath" value="library://video/movies/genres.xml/">Square</propertyfallback>
	<propertyfallback property="widgetRatio" attribute="widgetPath" value="library://video/movies/years.xml/">Square</propertyfallback>
	<propertyfallback property="widgetRatio" attribute="widgetPath" value="library://video/movies/studios.xml/">Square</propertyfallback>
	<propertyfallback property="widgetRatio" attribute="widgetPath" value="library://video/movies/country.xml/">Square</propertyfallback>
	<propertyfallback property="widgetRatio" attribute="widgetPath" value="library://video/movies/tags.xml/">Square</propertyfallback>
	<propertyfallback property="widgetRatio" attribute="widgetPath" value="library://video/tvshows/">Square</propertyfallback>
	<propertyfallback property="widgetRatio" attribute="widgetPath" value="library://video/tvshows/genres.xml/">Square</propertyfallback>
	<propertyfallback property="widgetRatio" attribute="widgetPath" value="library://video/tvshows/years.xml/">Square</propertyfallback>
	<propertyfallback property="widgetRatio" attribute="widgetPath" value="library://video/tvshows/studios.xml/">Square</propertyfallback>
	<propertyfallback property="widgetRatio" attribute="widgetPath" value="library://video/tvshows/country.xml/">Square</propertyfallback>
	<propertyfallback property="widgetRatio" attribute="widgetPath" value="library://video/tvshows/tags.xml/">Square</propertyfallback>
	<propertyfallback property="widgetRatio" attribute="widgetPath" value="library://video/musicvideos/">Square</propertyfallback>
	<propertyfallback property="widgetRatio" attribute="widgetPath" value="library://video/musicvideos/genres.xml/">Square</propertyfallback>
	<propertyfallback property="widgetRatio" attribute="widgetPath" value="library://video/musicvideos/years.xml/">Square</propertyfallback>
	<propertyfallback property="widgetRatio" attribute="widgetPath" value="library://video/musicvideos/artists.xml/">Square</propertyfallback>
	<propertyfallback property="widgetRatio" attribute="widgetPath" value="library://video/musicvideos/albums.xml/">Square</propertyfallback>
	<propertyfallback property="widgetRatio" attribute="widgetPath" value="library://video/musicvideos/directors.xml/">Square</propertyfallback>
	<propertyfallback property="widgetRatio" attribute="widgetPath" value="library://video/musicvideos/studios.xml/">Square</propertyfallback>
	<propertyfallback property="widgetRatio" attribute="widgetPath" value="library://video/musicvideos/tags.xml/">Square</propertyfallback>
	<propertyfallback property="widgetRatio" attribute="widgetType" value="movies">Poster</propertyfallback>
	<propertyfallback property="widgetRatio" attribute="widgetType" value="tvshows">Poster</propertyfallback>
	<propertyfallback property="widgetRatio" attribute="widgetType" value="episodes">Landscape</propertyfallback>
	<propertyfallback property="widgetRatio" attribute="widgetType" value="video">Square</propertyfallback>
	<propertyfallback property="widgetRatio" attribute="widgetType" value="musicvideos">Poster</propertyfallback>
	<propertyfallback property="widgetRatio" attribute="widgetTarget" value="music">Square</propertyfallback>
	<propertyfallback property="widgetRatio" attribute="widgetTarget" value="pictures">Landscape</propertyfallback>
	<propertyfallback property="widgetRatio" attribute="widget" value="Playlist">Square</propertyfallback>
	<propertyfallback property="widgetRatio" attribute="widget" value="source">Square</propertyfallback>
	<propertyfallback property="widgetRatio" attribute="widget" value="Addon">Square</propertyfallback>
	<propertyfallback property="widgetRatio" attribute="widget" value="addon">Square</propertyfallback>
	<propertyfallback property="widgetRatio" attribute="widgetType" value="weather">Square</propertyfallback>
	<propertyfallback property="widgetRatio" attribute="widgetType" value="submenu">Square</propertyfallback>
	<propertyfallback property="widgetRatio" attribute="widgetType" value="mixed">Square</propertyfallback>
	<propertyfallback property="widgetRatio" attribute="widgetType" value="mixed_online">Landscape</propertyfallback>
	<propertyfallback property="widgetRatio" attribute="widgetTarget" value="pvr">Square</propertyfallback>
	<propertyfallback property="widgetSortBy" attribute="widget" value="RSSVideoFeeds">date</propertyfallback>
	<propertyfallback property="widgetSortOrder" attribute="widget" value="RSSVideoFeeds">descending</propertyfallback>


	<!-- =========== -->
	<!-- Backgrounds -->
	<!-- =========== -->
	<backgroundBrowse default="special://skin/extras/backgrounds/">True</backgroundBrowse>
	<background label="593" condition="Library.HasContent(movies) | Library.HasContent(tvshows) | Library.HasContent(music)">$INFO[Window(home).Property(EmbuaryBackground)]</background>
	<background label="3" condition="Library.HasContent(movies) | Library.HasContent(tvshows)">$INFO[Window(home).Property(EmbuaryBackgroundVideos)]</background>
	<background label="342" condition="Library.HasContent(movies)">$INFO[Window(home).Property(EmbuaryBackgroundMovies)]</background>
	<background label="31002" condition="Library.HasContent(tvshows)">$INFO[Window(home).Property(EmbuaryBackgroundTVShows)]</background>
	<background label="133" condition="Library.HasContent(music)">$INFO[Window(home).Property(EmbuaryBackgroundMusic)]</background>
	<background label="3DWall Movies" condition="Library.HasContent(movies)">3DWallBG_Movies_Posters</background>
	<background label="3DWall Movies Logos" condition="Library.HasContent(movies)">3DWallBG_Movies_Logos</background>
	<background label="3DWall Movies Landscapes" condition="Library.HasContent(movies)">3DWallBG_Movies_Landscapes</background>
	<background label="3DWall Movies DiscArts" condition="Library.HasContent(movies)">3DWallBG_Movies_DiscArts</background>
	<background label="3DWall TV Shows" condition="Library.HasContent(tvshows)">3DWallBG_TVShows_Posters</background>
	<background label="3DWall TV Shows Logos" condition="Library.HasContent(tvshows)">3DWallBG_TVShows_Logos</background>
	<background label="3DWall TV Shows Landscapes" condition="Library.HasContent(tvshows)">3DWallBG_TVShows_Landscapes</background>
	<background label="3DWall Albums" condition="Library.HasContent(music)">3DWallBG_Albums</background>
	<background label="3DWall Artists" condition="Library.HasContent(music)">3DWallBG_Artists</background>
	<background label="Conditional Weather" condition="!IsEmpty(Skin.String(WeatherFanart.path))">BackgroundWeather</background>


	<!-- =============== -->
	<!-- Icons Overrides -->
	<!-- =============== -->
	<icon labelID="settings">icons/big/Settings.png</icon>
	<icon labelID="7">icons/big/FileManager.png</icon>
	<icon labelID="10007">icons/big/SystemInfo.png</icon>
	<icon labelID="dvd">DefaultDVD.png</icon>
	<icon labelID="32033">DefaultDVD.png</icon>
	<icon labelID="13200">DefaultActor.png</icon>
	<icon labelID="1036">icons/big/Favourites.png</icon>
	<icon labelID="weather">icons/big/Weather.png</icon>
	<icon labelID="32046">icons/big/Media.png</icon>
	<icon labelID="32047">icons/big/Media.png</icon>
	<icon labelID="32055">icons/big/Media.png</icon>
	<icon labelID="32056">icons/big/Media.png</icon>
	<icon labelID="livetv">DefaultLiveTV.png</icon>
	<icon labelID="19019">DefaultLiveTV.png</icon>
	<icon labelID="19020">DefaultLiveTV.png</icon>
	<icon labelID="19021">DefaultLiveTV.png</icon>
	<icon labelID="19023">DefaultLiveTV.png</icon>
	<icon labelID="19024">DefaultLiveTV.png</icon>
	<icon labelID="19040">icons/big/Timers.png</icon>
	<icon labelID="22020">icons/big/EPG.png</icon>
	<icon labelID="19163">icons/big/Recordings.png</icon>
	<icon labelID="19138">DefaultLiveTV.png</icon>
	<icon labelID="32023">DefaultLiveTV.png</icon>
	<icon labelID="32066">DefaultLiveTV.png</icon>
	<icon labelID="32067">DefaultLiveTV.png</icon>
	<icon labelID="32068">DefaultLiveTV.png</icon>
	<icon labelID="32076">DefaultLiveTV.png</icon>
	<icon labelID="32077">DefaultLiveTV.png</icon>
	<icon labelID="137">DefaultAddonsSearch.png</icon>
	<icon labelID="744">DefaultFolder.png</icon>
	<icon labelID="1037">DefaultAddon.png</icon>
	<icon labelID="1038">DefaultAddon.png</icon>
	<icon labelID="1039">DefaultAddon.png</icon>
	<icon labelID="1043">DefaultAddon.png</icon>
	<icon labelID="480">icons/big/Interface.png</icon>
	<icon labelID="3">DefaultVideo.png</icon>
	<icon labelID="2">DefaultAudio.png</icon>
	<icon labelID="1">DefaultPicture.png</icon>
	<icon labelID="0">DefaultProgram.png</icon>
	<icon labelID="5">icons/big/Settings.png</icon>
	<icon labelID="8">icons/big/Weather.png</icon>
	<icon labelID="14036">DefaultNetwork.png</icon>
	<icon labelID="13000">icons/big/System.png</icon>
	<icon labelID="10035">icons/big/Skin.png</icon>
	<icon labelID="32004">DefaultVideoPlaylists.png</icon>
	<icon labelID="32005">DefaultMusicPlaylists.png</icon>
	<icon labelID="31018">icons/big/Trailers.png</icon>
	<availableshortcutlabel action="ActivateWindow(Videos)" type="32034">10025</availableshortcutlabel>
	<availableshortcutlabel action="ActivateWindow(Music)" type="32034">10502</availableshortcutlabel>

</overrides>
