<?xml version="1.0" encoding="UTF-8" standalone="yes"?>
<addon id="plugin.video.kayo.sports" name="Kayo Sports (DEPRECATED)" provider-name="SlyGuy" version="0.15.4">
  <requires>
    <import addon="script.module.streamotion"/>
  </requires>
  <extension point="xbmc.python.pluginsource" library="default.py" provides="video">
    <provides>video</provides>
  </extension>
  <extension point="xbmc.addon.metadata">
    <description lang="en">This addon no longer works and has been deprecated. Open a github issue if you would like it to return</description>
    <reuselanguageinvoker>true</reuselanguageinvoker>
    <license></license>
    <language></language>
    <website></website>
    <news>This addon no longer works and has been deprecated. Open a github issue if you would like it to return</news>
    <assets>
      <icon>icon.png</icon>
      <fanart>fanart.jpg</fanart>
    </assets>
  </extension>
</addon>
