<?xml version='1.0' encoding='UTF-8'?>
<shortcuts>
 <shortcut>
  <label>31210</label>
  <label2 />
  <defaultID>31210</defaultID>
  <icon>DefaultRecentlyAddedMovies.png</icon>
  <thumb />
  <action>ActivateWindow(Videos,RecentlyAddedMovies,return)</action>
 </shortcut>
 <shortcut>
  <label>135</label>
  <label2 />
  <defaultID>135</defaultID>
  <icon>DefaultGenre.png</icon>
  <thumb />
  <action>ActivateWindow(Videos,MovieGenres,return)</action>
 </shortcut>
 <shortcut>
  <label>652</label>
  <label2 />
  <defaultID>652</defaultID>
  <icon>DefaultYear.png</icon>
  <thumb />
  <action>ActivateWindow(Videos,MovieYears,return)</action>
 </shortcut>
 <shortcut>
  <label>344</label>
  <label2 />
  <defaultID>344</defaultID>
  <icon>DefaultActor.png</icon>
  <thumb />
  <action>ActivateWindow(Videos,MovieActors,return)</action>
 </shortcut>
 <shortcut>
  <label>20348</label>
  <label2 />
  <defaultID>20348</defaultID>
  <icon>DefaultDirector.png</icon>
  <thumb />
  <action>ActivateWindow(Videos,MovieDirectors,return)</action>
 </shortcut>
 <shortcut>
  <label>20388</label>
  <label2 />
  <defaultID>20388</defaultID>
  <icon>DefaultStudios.png</icon>
  <thumb />
  <action>ActivateWindow(Videos,MovieStudios,return)</action>
 </shortcut>
 <shortcut>
  <label>20434</label>
  <label2 />
  <defaultID>20434</defaultID>
  <icon>DefaultSets.png</icon>
  <thumb />
  <action>ActivateWindow(Videos,MovieSets,return)</action>
 </shortcut>
 <shortcut>
  <label>20451</label>
  <label2 />
  <defaultID>20451</defaultID>
  <icon>DefaultCountry.png</icon>
  <thumb />
  <action>ActivateWindow(Videos,MovieCountries,return)</action>
 </shortcut>
 <shortcut>
  <label>20459</label>
  <label2 />
  <defaultID>20459</defaultID>
  <icon>DefaultTags.png</icon>
  <thumb />
  <action>ActivateWindow(Videos,MovieTags,return)</action>
 </shortcut>
 <shortcut>
  <label>136</label>
  <label2 />
  <defaultID>136</defaultID>
  <icon>DefaultVideoPlaylists.png</icon>
  <thumb />
  <action>ActivateWindow(Videos,Playlists,return)</action>
 </shortcut>
 <shortcut>
  <label>14022</label>
  <label2 />
  <defaultID>14022</defaultID>
  <icon>icons/big/Media.png</icon>
  <thumb />
  <action>ActivateWindow(Videos,videodb://movies/,return)</action>
 </shortcut>
 <shortcut>
  <label>744</label>
  <label2 />
  <defaultID>744</defaultID>
  <icon>DefaultFolder.png</icon>
  <thumb />
  <action>ActivateWindow(Videos,Files,return)</action>
 </shortcut>
 <shortcut>
  <label>24001</label>
  <label2 />
  <defaultID>24001</defaultID>
  <icon>DefaultAddon.png.png</icon>
  <thumb />
  <action>ActivateWindow(Videos,Addons,return)</action>
 </shortcut>
</shortcuts>
