<?xml version="1.0" encoding="UTF-8"?>
<template>
 <other include="widget">
  <!-- Template for Video Posters and Video Genres Lists -->
  <condition tag="property" attribute="name|widgetType">movies</condition>
  <condition tag="property" attribute="name|widgetType">tvshows</condition>
  <condition tag="property" attribute="name|widgetType">episodes</condition>
  <match>any</match>
  <property name="content" tag="property" attribute="name|widgetPath" />
  <property name="target" tag="property" attribute="name|widgetTarget" />
  <property name="target"></property>
  <property name="includename" tag="property" attribute="name|widgetPath" value="library://video/movies/">HomeWidgetList_Square</property>
  <property name="includename" tag="property" attribute="name|widgetPath" value="library://video/movies/years.xml/">HomeWidgetList_Square</property>
  <property name="includename" tag="property" attribute="name|widgetPath" value="library://video/movies/studios.xml/">HomeWidgetList_Square</property>
  <property name="includename" tag="property" attribute="name|widgetPath" value="library://video/movies/country.xml/">HomeWidgetList_Square</property>
  <property name="includename" tag="property" attribute="name|widgetPath" value="library://video/movies/tags.xml/">HomeWidgetList_Square</property>
  <property name="includename" tag="property" attribute="name|widgetPath" value="library://video/tvshows/">HomeWidgetList_Square</property>
  <property name="includename" tag="property" attribute="name|widgetPath" value="library://video/tvshows/years.xml/">HomeWidgetList_Square</property>
  <property name="includename" tag="property" attribute="name|widgetPath" value="library://video/tvshows/studios.xml/">HomeWidgetList_Square</property>
  <property name="includename" tag="property" attribute="name|widgetPath" value="library://video/tvshows/country.xml/">HomeWidgetList_Square</property>
  <property name="includename" tag="property" attribute="name|widgetPath" value="library://video/tvshows/tags.xml/">HomeWidgetList_Square</property>
  <property name="includename" tag="property" attribute="name|widgetPath" value="library://video/movies/genres.xml/">HomeWidgetList_VideoGenres</property>
  <property name="includename" tag="property" attribute="name|widgetPath" value="library://video/tvshows/genres.xml/">HomeWidgetList_VideoGenres</property>
  <property name="includename" tag="property" attribute="name|widgetName">HomeWidgetList_Poster</property>

  <controls>
   <control type="fixedlist" id="25">
    <include>$SKINSHORTCUTS[includename]</include>
    <skinshortcuts>visibility</skinshortcuts>
    <content target="$SKINSHORTCUTS[target]">$SKINSHORTCUTS[content]</content>
   </control>
  </controls>
 </other>

 <other include="widget">
  <!-- Template for widgetType="_online" posters -->
  <condition tag="property" attribute="name|widgetType">movies_online</condition>
  <condition tag="property" attribute="name|widgetType">tvshows_online</condition>
  <match>any</match>
  <property name="content" tag="property" attribute="name|widgetPath" />

  <controls>
   <control type="fixedlist" id="25">
    <include content="HomeWidgetList_Vars">
     <param name="top" value="125"/>
    </include>
    <itemlayout condition="!Control.HasFocus(25) | Control.HasFocus(25)" height="256" width="149.5">
     <include>HomeWidgets_Poster_ItemLayout</include>
     <include>HomeWidgets_InLibraryTexture</include>
    </itemlayout>
    <focusedlayout condition="!Control.HasFocus(25)" height="256" width="149.5">
     <include>HomeWidgets_Poster_ItemLayout</include>
     <include>HomeWidgets_InLibraryTexture</include>
    </focusedlayout>
    <focusedlayout condition="Control.HasFocus(25)" height="256" width="149.5">
     <include>HomeWidgets_Poster_Focusedlayout</include>
     <include>HomeWidgets_InLibraryTexture</include>
    </focusedlayout>
    <skinshortcuts>visibility</skinshortcuts>
    <content>$SKINSHORTCUTS[content]</content>
   </control>
  </controls>
 </other>

 <other include="widget">
  <!-- Template for Music List, Music Genres Lists -->
  <condition tag="property" attribute="name|widgetType">music</condition>
  <condition tag="property" attribute="name|widgetType">music_online</condition>
  <condition tag="property" attribute="name|widgetType">artists</condition>
  <condition tag="property" attribute="name|widgetType">albums</condition>
  <condition tag="property" attribute="name|widgetType">songs</condition>
  <match>any</match>
  <property name="content" tag="property" attribute="name|widgetPath" />
  <property name="target" tag="property" attribute="name|widgetTarget" />
  <property name="target"></property>
  <property name="includename" tag="property" attribute="name|widgetName" value="Genres">HomeWidgetList_MusicGenres</property>
  <property name="includename" tag="property" attribute="name|widgetName">HomeWidgetList_Square</property>

  <controls>
   <control type="fixedlist" id="25">
    <include>$SKINSHORTCUTS[includename]</include>
    <skinshortcuts>visibility</skinshortcuts>
    <content target="$SKINSHORTCUTS[target]">$SKINSHORTCUTS[content]</content>
   </control>
  </controls>
 </other>


 <other include="widget">
  <!-- Template for widgetType="mixed" - Static Content Lists  -->
  <!-- Template for widgetType="mixed_online" - Landscape Lists -->
  <!-- Generic template for library nodes that haven't matched a template so far -->
  <condition tag="property" attribute="name|widget">Library</condition>
  <condition tag="property" attribute="name|widget">Playlist</condition>
  <condition tag="property" attribute="name|widget">source</condition>
  <condition tag="property" attribute="name|widget">Addon</condition>
  <condition tag="property" attribute="name|widget">addon</condition>
  <condition tag="property" attribute="name|widgetType">weather</condition>
  <condition tag="property" attribute="name|widgetType">mixed</condition>
  <condition tag="property" attribute="name|widgetType">mixed_online</condition>
  <match>any</match>
  <property name="content" tag="property" attribute="name|widgetPath" />
  <property name="target" tag="property" attribute="name|widgetTarget" />
  <property name="target"></property>
  <property name="includename" tag="property" attribute="name|widgetRatio" value="Poster">HomeWidgetList_Poster</property>
  <property name="includename" tag="property" attribute="name|widgetRatio" value="Landscape">HomeWidgetList_Landsacape</property>
  <property name="includename" tag="property" attribute="name|widgetRatio" value="Square">HomeWidgetList_Square</property>
  <property name="includename" tag="property" attribute="name|widgetName">HomeWidgetList_Square</property>

  <controls>
   <control type="fixedlist" id="25">
    <include>$SKINSHORTCUTS[includename]</include>
    <skinshortcuts>visibility</skinshortcuts>
    <content target="$SKINSHORTCUTS[target]">$SKINSHORTCUTS[content]</content>
   </control>
  </controls>
 </other>


 <other include="widget">
  <!-- Template for widgetType="pvr" - Square Lists -->
  <condition tag="property" attribute="name|widgetType">pvr</condition>
  <condition tag="property" attribute="name|widgetType">submenu</condition>
  <match>any</match>
  <property name="content" tag="property" attribute="name|widgetPath" />

  <controls>
   <control type="fixedlist" id="25">
    <include>HomeWidgetList_Square</include>
    <skinshortcuts>visibility</skinshortcuts>
    <content>$SKINSHORTCUTS[content]</content>
   </control>
  </controls>
 </other>


 <submenu include="submenus">
  <controls>
   <!-- Submenus -->
   <control type="fixedlist" id="23">
    <skinshortcuts>visibility</skinshortcuts>
    <include>HomeSubMenus_ListVars</include>
    <content>
     <skinshortcuts>items</skinshortcuts>
    </content>
   </control>

   <!--
   <control type="group">
    <include>HomeMenu_Submenu_HiddenAnimation</include>
    <animation type="Conditional" condition="ControlGroup(21).HasFocus | Control.HasFocus(23)">
     <effect type="slide" start="0,0" end="0,-50" time="200" tween="sine" easing="in"/>
     <effect type="fade" start="100" end="0" time="150"/>
    </animation>
    <control type="wraplist" id="33">
     <posx>0</posx>
     <posy>0</posy>
     <height>2</height>
     <width>2</width>
     <orientation>horizontal</orientation>
     <focusposition>0</focusposition>
     <autoscroll time="4000">true</autoscroll>
     <viewtype>list</viewtype>
     <itemlayout width="2" height="2"/>
     <focusedlayout width="2" height="2"/>
     <content>
      <item id="1">
       <label>-</label>
       <onclick>noop</onclick>
       <visible>!IsEmpty(Container(20).ListItem.Property(widgetName)) + !Skin.HasSetting(AutoHideHomeWidgets)</visible>
      </item>
      <item id="2">
       <label>-</label>
       <onclick>noop</onclick>
       <visible>SubString(Container(20).ListItem.Property(hasSubmenu),True)</visible>
      </item>
     </content>
    </control>
    <control type="grouplist">
     <left>47</left>
     <top>480</top>
     <width>600</width>
     <align>left</align>
     <itemgap>6</itemgap>
     <include>HomeMenu_OpenCloseSlideAnimation</include>
     <include>HomeMenu_ExtraInfo_ScrollAnimation</include>
     <skinshortcuts>visibility</skinshortcuts>
     <visible>Container(33).HasFocus(1)</visible>
     <visible>SubString(Container(20).ListItem.Property(hasSubmenu),True)</visible>
     <orientation>horizontal</orientation>
     <control type="image">
      <width>22</width>
      <height>22</height>
      <aspectratio>stretch</aspectratio>
      <texture background="true" flipy="true">icons/submenu_arrow.png</texture>
      <colordiffuse>77white</colordiffuse>
     </control>
     <control type="label">
      <width>490</width>
      <height>21</height>
      <font>FontSize_16B</font>
      <label>$INFO[Container(20).ListItem.Property(widgetName)]</label>
      <textcolor>77white</textcolor>
      <scroll>false</scroll>
     </control>
    </control>
    <control type="grouplist">
     <left>47</left>
     <top>480</top>
     <width>600</width>
     <align>left</align>
     <itemgap>6</itemgap>
     <include>HomeMenu_OpenCloseSlideAnimation</include>
     <include>HomeMenu_ExtraInfo_ScrollAnimation</include>
     <skinshortcuts>visibility</skinshortcuts>
     <visible>Container(33).HasFocus(2)</visible>
     <visible>SubString(Container(20).ListItem.Property(hasSubmenu),True)</visible>
     <orientation>horizontal</orientation>
     <control type="image">
      <width>22</width>
      <height>22</height>
      <aspectratio>stretch</aspectratio>
      <texture background="true">icons/submenu_arrow.png</texture>
      <colordiffuse>77white</colordiffuse>
     </control>
     <control type="label">
      <width>490</width>
      <height>21</height>
      <font>FontSize_16B</font>
      <label>$LOCALIZE[1034]</label>
      <textcolor>77white</textcolor>
      <scroll>false</scroll>
     </control>
    </control>
   </control>
   -->

  </controls>
 </submenu>

</template>