<?xml version='1.0' encoding='UTF-8'?>
<shortcuts>
  <shortcut>
   <label>Binge</label>
   <label2>Binge</label2>
   <defaultID>13100</defaultID>
   <icon>DefaultHardDisk.png</icon>
   <thumb />
   <action>ActivateWindow(Videos,"plugin://slyguy.binge",return)</action>
  </shortcut>
  <shortcut>
   <label>Disney+</label>
   <label2>Disney+</label2>
   <defaultID>13200</defaultID>
   <icon>DefaultHardDisk.png</icon>
   <thumb />
   <action>ActivateWindow(Videos,"plugin://slyguy.disney.plus",return)</action>
  </shortcut>
  <shortcut>
   <label>Paramount+</label>
   <label2>Paramount+</label2>
   <defaultID>13300</defaultID>
   <icon>DefaultHardDisk.png</icon>
   <thumb />
   <action>ActivateWindow(Videos,"plugin://slyguy.paramount.plus",return)</action>
  </shortcut>
  <shortcut>
   <label>Stan</label>
   <label2>Stan</label2>
   <defaultID>13400</defaultID>
   <icon>DefaultHardDisk.png</icon>
   <thumb />
   <action>ActivateWindow(Videos,"plugin://plugin.video.stan.au",return)</action>
  </shortcut>

</shortcuts>
