<?xml version="1.0" encoding="UTF-8" standalone="yes"?>
<addon id="repository.liam3" name="Liam Repo" version="1.2.6" provider-name="Liam">
    <extension point="xbmc.addon.repository" name="Example Repository">
      <dir>
          <info compressed="false">https://raw.githubusercontent.com/liam8888999/repository.liam3/master/repo/zips/addons.xml</info>
          <checksum>https://raw.githubusercontent.com/liam8888999/repository.liam3/master/repo/zips/addons.xml.md5</checksum>
          <datadir zip="true">https://raw.githubusercontent.com/liam8888999/repository.liam3/master/repo/zips/</datadir>
      </dir>
    </extension>
    <extension point="xbmc.addon.metadata">
        <summary>Liams Repo</summary>
        <description>Mine</description>
        <disclaimer></disclaimer>
        <platform>all</platform>
        <assets>
            <icon>icon.png</icon>
            <fanart>fanart.jpg</fanart>
        </assets>
    </extension>
</addon>
