<?xml version="1.0" encoding="UTF-8" standalone="yes"?>
<addon id="slyguy.10play" name="10 play" provider-name="SlyGuy" version="0.0.9">
  <requires>
    <import addon="script.module.slyguy"/>
  </requires>
  <extension point="xbmc.python.pluginsource" library="default.py" provides="video">
    <provides>video</provides>
  </extension>
  <extension point="xbmc.addon.metadata">
    <description lang="en">Watch your favourite TV shows from Channel 10, 10 Peach and 10 Bold on demand, plus much more on 10 play!</description>
    <reuselanguageinvoker>true</reuselanguageinvoker>
    <license></license>
    <language></language>
    <website></website>
    <news>Fix some VOD not working</news>
    <assets>
      <icon>icon.png</icon>
      <fanart>fanart.jpg</fanart>
    </assets>
  </extension>
</addon>
