<?xml version="1.0" encoding="UTF-8" standalone="yes"?>
<addon id="plugin.video.kayo.sports" name="Kayo Sports" provider-name="SlyGuy" version="0.13.3">
  <requires>
    <import addon="script.module.slyguy"/>
  </requires>
  <extension point="xbmc.python.pluginsource" library="default.py" provides="video">
    <provides>video</provides>
  </extension>
  <extension point="xbmc.addon.metadata">
    <description lang="en">Watch your favourite sports live &amp; on demand with Kayo Sports.

Subscription required.</description>
    <reuselanguageinvoker>true</reuselanguageinvoker>
    <license></license>
    <language></language>
    <website></website>
    <news>fix live channels</news>
    <assets>
      <icon>icon.png</icon>
      <fanart>fanart.jpg</fanart>
    </assets>
  </extension>
</addon>
