<?xml version="1.0" encoding="UTF-8"?>
<includes>

	<variable name="PVRTimeProgress">
		<value condition="!Integer.IsGreater(ListItem.Progress,5)">windows/pvr/clock_progress/5.png</value>
		<value condition="Integer.IsGreater(ListItem.Progress,5) + !Integer.IsGreater(ListItem.Progress,10)">windows/pvr/clock_progress/10.png</value>
		<value condition="Integer.IsGreater(ListItem.Progress,10) + !Integer.IsGreater(ListItem.Progress,15)">windows/pvr/clock_progress/15.png</value>
		<value condition="Integer.IsGreater(ListItem.Progress,15) + !Integer.IsGreater(ListItem.Progress,20)">windows/pvr/clock_progress/20.png</value>
		<value condition="Integer.IsGreater(ListItem.Progress,20) + !Integer.IsGreater(ListItem.Progress,25)">windows/pvr/clock_progress/25.png</value>
		<value condition="Integer.IsGreater(ListItem.Progress,25) + !Integer.IsGreater(ListItem.Progress,30)">windows/pvr/clock_progress/30.png</value>
		<value condition="Integer.IsGreater(ListItem.Progress,30) + !Integer.IsGreater(ListItem.Progress,35)">windows/pvr/clock_progress/35.png</value>
		<value condition="Integer.IsGreater(ListItem.Progress,35) + !Integer.IsGreater(ListItem.Progress,40)">windows/pvr/clock_progress/40.png</value>
		<value condition="Integer.IsGreater(ListItem.Progress,40) + !Integer.IsGreater(ListItem.Progress,45)">windows/pvr/clock_progress/45.png</value>
		<value condition="Integer.IsGreater(ListItem.Progress,45) + !Integer.IsGreater(ListItem.Progress,50)">windows/pvr/clock_progress/50.png</value>
		<value condition="Integer.IsGreater(ListItem.Progress,50) + !Integer.IsGreater(ListItem.Progress,55)">windows/pvr/clock_progress/55.png</value>
		<value condition="Integer.IsGreater(ListItem.Progress,55) + !Integer.IsGreater(ListItem.Progress,60)">windows/pvr/clock_progress/60.png</value>
		<value condition="Integer.IsGreater(ListItem.Progress,60) + !Integer.IsGreater(ListItem.Progress,65)">windows/pvr/clock_progress/65.png</value>
		<value condition="Integer.IsGreater(ListItem.Progress,65) + !Integer.IsGreater(ListItem.Progress,70)">windows/pvr/clock_progress/70.png</value>
		<value condition="Integer.IsGreater(ListItem.Progress,70) + !Integer.IsGreater(ListItem.Progress,75)">windows/pvr/clock_progress/75.png</value>
		<value condition="Integer.IsGreater(ListItem.Progress,75) + !Integer.IsGreater(ListItem.Progress,80)">windows/pvr/clock_progress/80.png</value>
		<value condition="Integer.IsGreater(ListItem.Progress,80) + !Integer.IsGreater(ListItem.Progress,85)">windows/pvr/clock_progress/85.png</value>
		<value condition="Integer.IsGreater(ListItem.Progress,85) + !Integer.IsGreater(ListItem.Progress,90)">windows/pvr/clock_progress/90.png</value>
		<value condition="Integer.IsGreater(ListItem.Progress,90) + !Integer.IsGreater(ListItem.Progress,95)">windows/pvr/clock_progress/95.png</value>
		<value condition="Integer.IsGreater(ListItem.Progress,95) + !Integer.IsGreater(ListItem.Progress,100)">windows/pvr/clock_progress/100.png</value>
		<value condition="Integer.IsGreater(ListItem.Progress,100)">windows/pvr/clock_progress/100.png</value>
	</variable>

	<variable name="PVRContentInfo">
		<value condition="Window.IsActive(TVGuide) | Window.IsActive(RadioGuide) | Window.IsActive(PVRChannelGuide)">$LOCALIZE[22020]</value>
		<value condition="Window.IsActive(TVChannels) | [Window.IsActive(PVROSDChannels) + pvr.IsPlayingTv]">$LOCALIZE[19023]</value>
		<value condition="Window.IsActive(RadioChannels) | [Window.IsActive(PVROSDChannels) + pvr.IsPlayingRadio]">$LOCALIZE[19024]</value>
		<value condition="Window.IsActive(TVRecordings)">$LOCALIZE[19163]</value>
		<value condition="Window.IsActive(TVTimers)">$LOCALIZE[19040]</value>
		<value condition="Window.IsActive(TVTimerRules)">$LOCALIZE[19138]</value>
		<value condition="Window.IsActive(TVSearch)">$LOCALIZE[137]</value>
	</variable>

	<variable name="PVRChannelsGroupLabel">
		<value condition="Window.IsActive(TVChannels) | Window.IsActive(RadioChannels)">$LOCALIZE[19019]$INFO[Control.GetLabel(29),: ]</value>
		<value>$LOCALIZE[19019]</value>
	</variable>

	<variable name="PVRGuideGroupLabel">
		<value condition="Window.IsActive(TVGuide) | Window.IsActive(RadioGuide)">$LOCALIZE[22020]$INFO[Control.GetLabel(30),: ]</value>
		<value>$LOCALIZE[22020]</value>
	</variable>

	<variable name="PVRChannelManagerHeadLabel">
		<value condition="String.IsEmpty(Window.Property(IsRadio))">$LOCALIZE[19199] - $LOCALIZE[19023]</value>
		<value>$LOCALIZE[19199] - $LOCALIZE[19024]</value>
	</variable>

	<variable name="PVROSDGuide.IsPlayingDate">
		<value condition="ListItem.IsPlaying | [String.IsEqual(ListItem.Title,VideoPlayer.Title) + String.IsEqual(ListItem.ChannelNumberLabel,VideoPlayer.ChannelNumberLabel) + String.IsEqual(ListItem.EndTime,VideoPlayer.EndTime)]">[COLOR=$VAR[Text.GlobalColor]]$INFO[ListItem.StartDate][/COLOR]</value>
		<value>$INFO[ListItem.StartDate]</value>
	</variable>
	<variable name="PVROSDGuide.IsPlayingTime">
		<value condition="ListItem.IsPlaying | [String.IsEqual(ListItem.Title,VideoPlayer.Title) + String.IsEqual(ListItem.ChannelNumberLabel,VideoPlayer.ChannelNumberLabel) + String.IsEqual(ListItem.EndTime,VideoPlayer.EndTime)]">[COLOR=$VAR[Text.GlobalColor]]$INFO[ListItem.StartTime][/COLOR]</value>
		<value>$INFO[ListItem.StartTime]</value>
	</variable>
	<variable name="PVROSDGuide.IsPlayingLabel">
		<value condition="ListItem.IsPlaying | [String.IsEqual(ListItem.Title,VideoPlayer.Title) + String.IsEqual(ListItem.ChannelNumberLabel,VideoPlayer.ChannelNumberLabel) + String.IsEqual(ListItem.EndTime,VideoPlayer.EndTime)]">[COLOR=$VAR[Text.GlobalColor]]$INFO[ListItem.Label][/COLOR]</value>
		<value>$INFO[ListItem.Label]</value>
	</variable>
	<variable name="PVROSDGuide.IsPlayingGenre">
		<value condition="ListItem.IsPlaying | [String.IsEqual(ListItem.Title,VideoPlayer.Title) + String.IsEqual(ListItem.ChannelNumberLabel,VideoPlayer.ChannelNumberLabel) + String.IsEqual(ListItem.EndTime,VideoPlayer.EndTime)]">[COLOR=$VAR[Text.GlobalColor]]$INFO[ListItem.Genre][/COLOR]</value>
		<value>$INFO[ListItem.Genre]</value>
	</variable>

	<variable name="PVRRecordingsListLabel2">
		<value condition="!String.IsEmpty(ListItem.EndTime)">$INFO[ListItem.Date]$INFO[ListItem.EndTime, - ,]</value>
		<value>$INFO[ListItem.Label2,$LOCALIZE[16102]:  ]</value>
	</variable>



	<variable name="EPGTimelineHeadLabel">
		<value condition="!String.IsEmpty(ListItem.Title)">$INFO[ListItem.Title]</value>
		<value>$INFO[ListItem.ChannelName]</value>
	</variable>

	<variable name="EPGSeasonEpisodeValue">
		<value condition="!String.IsEmpty(ListItem.Season)">$INFO[ListItem.Season,  •  ,]$INFO[ListItem.Episode,x,]</value>
		<value>$INFO[ListItem.Episode,  •  Ep.,]</value>
	</variable>

	<variable name="TimerStatusIcon">
		<value condition="String.IsEqual(ListItem.Comment,$LOCALIZE[305])">windows/pvr/timers_enabled.png</value> <!-- Enabled -->
		<value condition="String.IsEqual(ListItem.Comment,$LOCALIZE[19162])">windows/pvr/timers_active.png</value> <!-- Active Rec -->
		<value condition="String.IsEqual(ListItem.Comment,$LOCALIZE[19256])">icons/enable.png</value> <!-- Completed -->
		<value condition="String.IsEqual(ListItem.Comment,$LOCALIZE[13106])">icons/disable.png</value> <!-- Disabled -->
	</variable>

	<include name="PVRControlsMenu">
		<!-- PVR Controls Menu -->
		<control type="group"  id="9000">
				<visible>!Skin.HasSetting(Jodie)</visible>
			<left>30</left>
			<top>25</top>
			<include>ShutdownMenuAnimation</include>
			<include>OptionsTopMenuAnimation</include>
			<include>OptionsTopMenuHeader</include>
			<control type="grouplist" id="9111">
				<include>OptionsTopMenuVars</include>
				<control type="togglebutton" id="131">
					<description>EPG Guide</description>
					<label>$VAR[PVRGuideGroupLabel]</label>
					<altlabel>$VAR[PVRGuideGroupLabel]</altlabel>
					<include>TopLeftMenusButton</include>
					<onclick condition="Window.IsActive(TVGuide) | Window.IsActive(RadioGuide)">Action(left)</onclick>
					<onclick condition="Window.IsActive(TVGuide) | Window.IsActive(RadioGuide)">SendClick(28)</onclick>
					<onclick condition="String.IsEmpty(Window.Property(IsRadio))">ActivateWindow(TVGuide)</onclick>
					<onclick condition="!String.IsEmpty(Window.Property(IsRadio))">ActivateWindow(RadioGuide)</onclick>
					<visible>!Window.IsActive(10702)</visible>
				</control>
				<control type="button" id="132">
					<description>Recordings</description>
					<label>$LOCALIZE[19163]</label>
					<include>TopLeftMenusButton</include>
					<onclick condition="String.IsEmpty(Window.Property(IsRadio))">ActivateWindow(TVRecordings)</onclick>
					<onclick condition="!String.IsEmpty(Window.Property(IsRadio))">ActivateWindow(RadioRecordings)</onclick>
<visible>!Window.IsActive(tvrecordings)</visible>
				</control>
				<control type="button" id="133">
					<description>Timers</description>
					<label>Scheduled Recordings</label>
					<include>TopLeftMenusButton</include>
					<onclick>ActivateWindow(tvtimers)</onclick>
					<visible>!Window.IsActive(tvtimers)</visible>
				</control>
				<control type="button" id="134">
					<description>Timer Rules</description>
					<include>TopLeftMenusButton</include>
					<label>Series Recordings</label>
					<onclick condition="String.IsEmpty(Window.Property(IsRadio))">ActivateWindow(TVTimerRules)</onclick>
					<onclick condition="!String.IsEmpty(Window.Property(IsRadio))">ActivateWindow(RadioTimerRules)</onclick>
					<visible>!Window.IsActive(tvtimerrules)</visible>
				</control>
				<control type="togglebutton" id="99">
					<description>Show Program Info</description>
					<label>$LOCALIZE[21483]: $LOCALIZE[537]</label>
					<altlabel>$LOCALIZE[21483]: $LOCALIZE[31358]</altlabel>
					<include>TopLeftMenusButton</include>
					<onclick>Skin.ToggleSetting(ShowProgramInfo)</onclick>
					<onclick>Reloadskin</onclick>
					<usealttexture>Skin.HasSetting(ShowProgramInfo)</usealttexture>
					<visible>Window.IsActive(TVGuide) | Window.IsActive(RadioGuide)</visible>
				</control>

				<control type="togglebutton" id="5">
					<description>Group Recordings by Folder</description>
					<label>$LOCALIZE[19270]: $LOCALIZE[16039]</label>
					<altlabel>$LOCALIZE[19270]: $LOCALIZE[16041]</altlabel>
					<include>TopLeftMenusButton</include>
					<visible>Window.IsActive(TVRecordings) | Window.IsActive(RadioRecordings)</visible>
				</control>
				<control type="button" id="98">
					<description>All/Watched/Unwatched Toggle</description>
					<include>TopLeftMenusButton</include>
					<label>$INFO[Control.GetLabel(10)]$INFO[Container.NumItems,: ]</label>
					<onclick>SendClick(10)</onclick>
					<visible>Window.IsActive(TVRecordings) | Window.IsActive(RadioRecordings)</visible>
				</control>
				<control type="togglebutton" id="8">
					<description>Hide Disabled Timers</description>
					<label>$LOCALIZE[19077]: $LOCALIZE[16039]</label>
					<altlabel>$LOCALIZE[19077]: $LOCALIZE[16041]</altlabel>
					<include>TopLeftMenusButton</include>
					<visible>Window.IsActive(TVTimers) | Window.IsActive(RadioTimers) | Window.IsActive(TVTimerRules) | Window.IsActive(RadioTimerRules)</visible>
				</control>
				<control type="button" id="311">
				<description>Sort by</description>
				<include>TopLeftMenusButton</include>
				<label>$INFO[Control.GetLabel(3)]</label>
				<onclick>Action(left)</onclick>
				<onclick>SendClick(3)</onclick>
				<enable>Control.IsEnabled(3)</enable>
			</control>
			<control type="togglebutton" id="4">
				<description>Ascending/Descending</description>
				<label>$LOCALIZE[21429]:  $LOCALIZE[584]</label>
				<altlabel>$LOCALIZE[21429]:  $LOCALIZE[585]</altlabel>
				<include>TopLeftMenusButton</include>
			</control>
				<include>OptionsTopMenuEnd</include>
			</control>
			<control type="button" id="3">
				<description>Short by</description>
				<visible>false</visible>
			</control>
			<control type="label" id="31">
				<visible>false</visible>
			</control>
			<control type="button" id="28">
				<visible>false</visible>
			</control>
		</control>

		<!-- Top Content Info -->
	<!--	<control type="group">
			<left>45</left>
			<top>25</top>
			<include>ShutdownMenuAnimation</include>
			<include>InfoDialogs_ContentInfoAnimation</include>
			<include>VisibleHiddenSlideAnimation</include>
			<visible>!ControlGroup(9000).HasFocus</visible>
			<control type="grouplist">
				<left>0</left>
				<top>0</top>
				<height>70</height>
				<width>1000</width>
				<align>left</align>
				<itemgap>15</itemgap>
				<orientation>horizontal</orientation>
				<include>LogoBig</include>
				<include>OpenCloseSlideAnimationTwo</include>
				<control type="label">
					<include>TopBigLabel</include>
					<label>$LOCALIZE[31000]</label>
				</control>
				<control type="label">
					<include>TopSmallLabel</include>
					<label>$VAR[PVRContentInfo]</label>
				</control>
				<control type="label">
					<include>TopSmallLabel</include>
					<label>$INFO[Control.GetLabel(29)]</label>
					<visible>![Window.IsActive(TVGuide) | Window.IsActive(RadioGuide) | Window.IsActive(TVRecordings)]</visible>
				</control>
				<control type="label">
					<include>TopSmallLabel</include>
					<label>$INFO[Control.GetLabel(30)]</label>
					<visible>Window.IsActive(TVGuide) | Window.IsActive(RadioGuide) | Window.IsActive(TVRecordings)</visible>
				</control>
			</control>
		</control>
		<control type="label" id="29">
			<description>Empty so we can pass the values up one level</description>
			<visible>False</visible>
		</control>
		<control type="label" id="30">
			<description>Empty so we can pass the values up one level</description>
			<visible>False</visible>
		</control> -->
	</include>


	<include name="EPGTimelineTopInfo">
		<control type="group">
			<left>5</left>
			<top>150</top>
			<visible>$PARAM[visible]</visible>
			<control type="image">
				<left>50</left>
				<top>-50</top>
				<width>300</width>
				<height>150</height>
				<aspectratio align="right" aligny="top">keep</aspectratio>
				<texture>$INFO[Listitem.Icon]</texture>
				<bordertexture border="9">thumbs/thumb_border.png</bordertexture>
				<bordersize>12</bordersize>
			</control>
			<control type="label">
				<left>500</left>
				<top>-100</top>
				<height>30</height>
				<width>850</width>
				<font>FontSize_32</font>
				<textcolor>white</textcolor>
				<shadowcolor>99000000</shadowcolor>
				<label>$VAR[EPGTimelineHeadLabel]</label>
			</control>
			<control type="image">
				<left>470</left>
				<top>-65</top>
				<width>22</width>
				<height>22</height>
				<aspectratio>keep</aspectratio>
				<texture>windows/pvr/rec.png</texture>
				<visible>ListItem.IsRecording</visible>
			</control>


			<control type="image">
				<left>465</left>
				<top>-70</top>
				<width>30</width>
				<height>30</height>
				<aspectratio>keep</aspectratio>
				<texture>myextras/recorded.png</texture>
				<visible>ListItem.HasRecording + !ListItem.IsRecording</visible>
			</control>
			<control type="image">
				<left>0</left>
				<top>8</top>
				<width>32</width>
				<height>32</height>
				<aspectratio>keep</aspectratio>
				<texture>myextras/error.png</texture>
				<visible>!ListItem.HasRecording + !ListItem.IsRecording + ListItem.TimerHasError + ListItem.TimerHasConflict</visible>
			</control>

			<control type="image">
				<left>470</left>
				<top>-65</top>
				<width>22</width>
				<height>22</height>
				<aspectratio>keep</aspectratio>
				<texture>windows/pvr/timer.png</texture>
				<visible>ListItem.HasTimer + !ListItem.IsRecording +!ListItem.HasRecording</visible>
			</control>
			<!-- Sublabel Info -->
			<control type="grouplist">
				<left>500</left>
				<top>-70</top>
				<control type="label">
					<left>500</left>
					<top>-70</top>
					<width>width</width>
					<label>$INFO[ListItem.EpisodeName]</label>
				</control>
					</control>
					<control type="label">
						<left>400</left>
						<top>-40</top>
						<label>S$INFO[ListItem.Season] E$INFO[ListItem.Episode] - Episode $INFO[ListItem.Episode] of Season $INFO[ListItem.Season]</label>
						<visible>!String.IsEmpty(ListItem.Season)</visible>
					</control>
					<control type="label">
						<left>900</left>
						<top>-40</top>
						<label>$INFO[ListItem.StartTime] - $INFO[ListItem.EndTime]</label>
					</control>

			<!-- Plot Info -->
			<control type="group">
				<top>-35</top>
				<control type="textbox">
					<top>25</top>
					<left>400</left>
					<width>800</width>
					<height>120</height>
					<font>TextboxFont_20</font>
					<textcolor>viewsinfo</textcolor>
					<shadowcolor>77000000</shadowcolor>
					<align>left</align>
					<autoscroll delay="8000" time="2000" repeat="8000">Skin.HasSetting(AutoScroll)</autoscroll>
					<label>$VAR[GlobalPlotDescription]</label>
				</control>
			</control>
		</control>
	</include>


	<include name="SearchTopInfo">
		<control type="group">
			<left>45</left>
			<top>190</top>
			<visible>!String.IsEmpty(ListItem.Date) + !String.IsEmpty(ListItem.Title)</visible>
	<control type="image">
				<left>60</left>
				<top>-130</top>
				<width>255</width>
				<height>200</height>
				<aspectratio align="right" aligny="top">keep</aspectratio>
				<texture>$INFO[Listitem.Icon]</texture>
				<bordertexture border="9">thumbs/thumb_border.png</bordertexture>
				<visible>String.IsEmpty(ListItem.EPGEventIcon) + !ListItem.IsFolder</visible>
				<bordersize>12</bordersize>
			</control>
			<control type="image">
				<left>60</left>
				<top>-130</top>
				<width>255</width>
				<height>200</height>
				<aspectratio align="right" aligny="top">keep</aspectratio>
				<texture>$INFO[Listitem.EPGEventIcon]</texture>
				<bordertexture border="9">thumbs/thumb_border.png</bordertexture>
				<visible>!ListItem.IsFolder</visible>
				<bordersize>12</bordersize>
			</control>

	<control type="image">
				<left>60</left>
				<top>-130</top>
				<width>255</width>
				<height>200</height>
				<aspectratio align="right" aligny="top">keep</aspectratio>
				<texture>$INFO[ListItem.EPGEventIcon]</texture>
				<bordertexture border="9">thumbs/thumb_border.png</bordertexture>
				<bordersize>12</bordersize>
				<visible>!Window.IsActive(tvtimerrules)</visible>
			</control>
			<control type="image">
				<left>60</left>
				<top>-130</top>
				<width>255</width>
				<height>200</height>
				<aspectratio align="right" aligny="top">keep</aspectratio>
				<texture>$INFO[ListItem.Icon]</texture>
				<bordertexture border="9">thumbs/thumb_border.png</bordertexture>
				<bordersize>12</bordersize>
				<visible>String.IsEmpty(ListItem.EPGEventIcon) + !Window.IsActive(tvtimerrules)</visible>
			</control>
			<control type="label">
				<top>-150</top>
				<left>350</left>
				<width>750</width>
				<font>FontSize_32</font>
				<textcolor>white</textcolor>
				<shadowcolor>99000000</shadowcolor>
				<label>[B]$INFO[ListItem.Title][/B] | $INFO[ListItem.ChannelName]</label>
<align>center</align>
			</control>
	<!--		<control type="label">
				<top>-110</top>
				<left>750</left>
				<width>940</width>
				<font>FontSize_24</font>
				<textcolor>white</textcolor>
				<shadowcolor>99000000</shadowcolor>
				<label>|  $INFO[ListItem.EpisodeName]</label>
				<visible>!String.IsEmpty(ListItem.EpisodeName)</visible>
			</control>
		-->
			<control type="label">
				<top>-110</top>
				<left>350</left>
				<width>940</width>
				<font>FontSize_24</font>
				<textcolor>white</textcolor>
				<shadowcolor>99000000</shadowcolor>
				<label>S$INFO[ListItem.Season] E$INFO[ListItem.Episode] - Episode $INFO[ListItem.Episode] of Season $INFO[ListItem.Season]$INFO[ListItem.EpisodeName, | ]</label>
				<visible>!String.IsEmpty(ListItem.Season)</visible>
			</control>
			<control type="label">
				<top>-80</top>
				<left>350</left>
				<width>940</width>
				<font>FontSize_20</font>
				<textcolor>white</textcolor>
				<shadowcolor>99000000</shadowcolor>
				<label>$INFO[ListItem.Date]$INFO[ListItem.EndTime(hh:mm), - ]$VAR[ListItemDuration,  |  ]</label>
			</control>
			<control type="textbox">
				<top>-50</top>
				<width>800</width>
				<height>140</height>
				<left>350</left>
				<font>TextboxFont_20</font>
				<textcolor>viewsinfo</textcolor>
				<shadowcolor>77000000</shadowcolor>
				<align>left</align>
				<autoscroll delay="8000" time="2000" repeat="8000">Skin.HasSetting(AutoScroll)</autoscroll>
				<label>$VAR[GlobalPlotDescription]</label>
			</control>
		</control>
	</include>


	<include name="ListViewsHeadLabels">
		<control type="group">
			<left>45</left>
			<top>$PARAM[top]</top>
			<control type="label">
				<left>8</left>
				<top>0</top>
				<width>310</width>
				<height>45</height>
				<font>FontSize_20B</font>
				<label>$INFO[Control.GetLabel(29)]</label>
				<textcolor>viewsinfo</textcolor>
				<shadowcolor>77000000</shadowcolor>
				<scroll>false</scroll>
			</control>
			<control type="label">
				<left>341</left>
				<top>0</top>
				<width>250</width>
				<height>45</height>
				<font>FontSize_20B</font>
				<label>$LOCALIZE[19030]</label>
				<textcolor>viewsinfo</textcolor>
				<shadowcolor>77000000</shadowcolor>
				<scroll>false</scroll>
			</control>
			<control type="label">
				<left>880</left>
				<top>0</top>
				<width>250</width>
				<height>45</height>
				<font>FontSize_20B</font>
				<label>$LOCALIZE[209]</label>
				<textcolor>viewsinfo</textcolor>
				<shadowcolor>77000000</shadowcolor>
				<scroll>false</scroll>
			</control>
		</control>
	</include>

	<include name="ListSeperatorFocus">
		<param name="left">0</param>
		<param name="width">60</param>
		<param name="height">45</param>
		<definition>
			<control type="image" id="$PARAM[id]">
				<left>$PARAM[left]</left>
				<width>$PARAM[width]</width>
				<height>$PARAM[height]</height>
				<colordiffuse>$PARAM[color]</colordiffuse>
				<texture background="true">windows/pvr/focus.png</texture>
				<visible>$PARAM[visible]</visible>
			</control>
		</definition>
	</include>
	<include name="ListSeperatorNoFocus">
		<param name="left">0</param>
		<param name="width">60</param>
		<param name="height">45</param>
		<param name="texture">windows/pvr/seperator.png</param>
		<definition>
			<control type="image" id="$PARAM[id]">
				<left>$PARAM[left]</left>
				<width>$PARAM[width]</width>
				<height>$PARAM[height]</height>
				<texture background="true">$PARAM[texture]</texture>
				<visible>$PARAM[visible]</visible>
			</control>
		</definition>
	</include>

	<include name="EPGGenreSeperator">
		<param name="width">98</param>
		<param name="height">45</param>
		<definition>
			<control type="image" id="$PARAM[id]">
				<width>$PARAM[width]</width>
				<height>$PARAM[height]</height>
				<colordiffuse>$PARAM[color]</colordiffuse>
				<texture background="true">windows/pvr/genres.png</texture>
				<visible>$PARAM[visible]</visible>
			</control>
		</definition>
	</include>


	<include name="EPGTimelineGenres">
		<include content="EPGGenreSeperator" description="movie / drama">
			<param name="id" value="2"/>
			<param name="color" value="aa8b5015"/>
			<param name="visible" value="String.IsEqual(ListItem.Property(GenreType),16)"/>
		</include>
		<include content="EPGGenreSeperator" description="news">
			<param name="id" value="3"/>
			<param name="color" value="ff446444"/>
			<param name="visible" value="String.IsEqual(ListItem.Property(GenreType),32)"/>
		</include>
		<include content="EPGGenreSeperator" description="show / gameshow">
			<param name="id" value="4"/>
			<param name="color" value="ff8d8c17"/>
			<param name="visible" value="String.IsEqual(ListItem.Property(GenreType),48)"/>
		</include>
		<include content="EPGGenreSeperator" description="sports">
			<param name="id" value="5"/>
			<param name="color" value="ff930d1d"/>
			<param name="visible" value="String.IsEqual(ListItem.Property(GenreType),64)"/>
		</include>
		<include content="EPGGenreSeperator" description="children">
			<param name="id" value="6"/>
			<param name="color" value="ff13897a"/>
			<param name="visible" value="String.IsEqual(ListItem.Property(GenreType),80)"/>
		</include>
		<include content="EPGGenreSeperator" description="music / ballet / dance">
			<param name="id" value="7"/>
			<param name="color" value="ff2d9234"/>
			<param name="visible" value="String.IsEqual(ListItem.Property(GenreType),96)"/>
		</include>
		<include content="EPGGenreSeperator" description="arts / culture">
			<param name="id" value="8"/>
			<param name="color" value="ff022788"/>
			<param name="visible" value="String.IsEqual(ListItem.Property(GenreType),112)"/>
		</include>
		<include content="EPGGenreSeperator" description="social / political / economics">
			<param name="id" value="9"/>
			<param name="color" value="ff641864"/>
			<param name="visible" value="String.IsEqual(ListItem.Property(GenreType),128)"/>
		</include>
		<include content="EPGGenreSeperator" description="education / science / factual">
			<param name="id" value="10"/>
			<param name="color" value="ff797a7c"/>
			<param name="visible" value="String.IsEqual(ListItem.Property(GenreType),144)"/>
		</include>
		<include content="EPGGenreSeperator" description="leisure / hobbies">
			<param name="id" value="11"/>
			<param name="color" value="ff5a5a7e"/>
			<param name="visible" value="String.IsEqual(ListItem.Property(GenreType),160)"/>
		</include>
		<include content="EPGGenreSeperator" description="special event">
			<param name="id" value="12"/>
			<param name="color" value="ff1a6973"/>
			<param name="visible" value="String.IsEqual(ListItem.Property(GenreType),176)"/>
		</include>
		<include content="EPGGenreSeperator" description="other / unknown">
			<param name="id" value="13"/>
			<param name="color" value="ff222222"/>
			<param name="visible" value="!String.IsEqual(ListItem.Property(GenreType),16) + !String.IsEqual(ListItem.Property(GenreType),32) + !String.IsEqual(ListItem.Property(GenreType),48) + !String.IsEqual(ListItem.Property(GenreType),64) + !String.IsEqual(ListItem.Property(GenreType),80) + !String.IsEqual(ListItem.Property(GenreType),96) + !String.IsEqual(ListItem.Property(GenreType),112) + !String.IsEqual(ListItem.Property(GenreType),128) + !String.IsEqual(ListItem.Property(GenreType),144) + !String.IsEqual(ListItem.Property(GenreType),160) + !String.IsEqual(ListItem.Property(GenreType),176)"/>
		</include>
	</include>

	<include name="ChannelsListItemLayout">
		<itemlayout height="50">
			<include content="ListSeperatorNoFocus">
				<param name="left" value="10"/>
				<param name="width" value="60"/>
			</include>
			<include content="ListSeperatorNoFocus">
				<param name="left" value="74"/>
				<param name="width" value="265"/>
				<param name="visible" value="!String.IsEmpty(ListItem.Title)"/>
			</include>
			<include content="ListSeperatorNoFocus">
				<param name="left" value="74"/>
				<param name="width" value="269"/>
				<param name="visible" value="String.IsEmpty(ListItem.Title)"/>
			</include>
			<include content="ListSeperatorNoFocus">
				<param name="left" value="343"/>
				<param name="width" value="535"/>
				<param name="visible" value="!String.IsEmpty(ListItem.Title)"/>
			</include>
			<include content="ListSeperatorNoFocus">
				<param name="left" value="343"/>
				<param name="width" value="539"/>
				<param name="visible" value="String.IsEmpty(ListItem.Title)"/>
			</include>
			<include content="ListSeperatorNoFocus">
				<param name="left" value="882"/>
				<param name="width" value="318"/>
			</include>
			<include content="ListSeperatorNoFocus">
				<param name="left" value="10"/>
				<param name="width" value="1190"/>
				<param name="texture" value="windows/pvr/selected.png"/>
				<param name="visible" value="ListItem.IsSelected | ListItem.IsPlaying"/>
			</include>
			<control type="label">
				<left>10</left>
				<top>0</top>
				<width>60</width>
				<height>45</height>
				<font>FontSize_22</font>
				<textcolor>viewsinfo</textcolor>
				<shadowcolor>77000000</shadowcolor>
				<selectedcolor>$VAR[Text.GlobalColor]</selectedcolor>
				<align>center</align>
				<label>$INFO[ListItem.ChannelNumberLabel]</label>
				<visible>![ListItem.HasTimer | ListItem.IsRecording]</visible>
			</control>
			<control type="image">
				<left>24</left>
				<top>8</top>
				<width>32</width>
				<height>30</height>
				<aspectratio>keep</aspectratio>
				<colordiffuse>viewsinfo</colordiffuse>
				<texture>windows/pvr/timer.png</texture>
				<visible>ListItem.HasTimer + !ListItem.IsRecording</visible>
			</control>
			<control type="image">
				<left>28</left>
				<top>11</top>
				<width>24</width>
				<height>24</height>
				<aspectratio>keep</aspectratio>
				<texture>windows/pvr/rec.png</texture>
				<visible>ListItem.IsRecording</visible>
			</control>
			<control type="label">
				<left>84</left>
				<top>0</top>
				<width>740</width>
				<height>45</height>
				<font>FontSize_22</font>
				<textcolor>viewsinfo</textcolor>
				<shadowcolor>77000000</shadowcolor>
				<selectedcolor>$VAR[Text.GlobalColor]</selectedcolor>
				<label>$INFO[ListItem.Label]</label>
				<visible>String.IsEmpty(ListItem.Title)</visible>
			</control>
			<control type="group">
				<visible>!String.IsEmpty(ListItem.Title)</visible>
				<control type="label">
					<left>84</left>
					<top>0</top>
					<width>250</width>
					<height>45</height>
					<font>FontSize_22</font>
					<textcolor>viewsinfo</textcolor>
					<shadowcolor>77000000</shadowcolor>
					<selectedcolor>$VAR[Text.GlobalColor]</selectedcolor>
					<label>$INFO[ListItem.Label]</label>
				</control>
				<control type="label">
					<left>352</left>
					<top>0</top>
					<width>480</width>
					<height>45</height>
					<font>FontSize_20</font>
					<textcolor>viewsinfo</textcolor>
					<shadowcolor>77000000</shadowcolor>
					<selectedcolor>$VAR[Text.GlobalColor]</selectedcolor>
					<label>$INFO[ListItem.Title]</label>
				</control>
				<control type="label">
					<left>890</left>
					<top>0</top>
					<width>304</width>
					<height>45</height>
					<font>FontSize_20</font>
					<textcolor>viewsinfo</textcolor>
					<shadowcolor>77000000</shadowcolor>
					<label>$INFO[ListItem.NextStartTime,, - ]$INFO[ListItem.NextTitle]</label>
				</control>
			</control>
			<control type="image">
				<left>838</left>
				<top>7</top>
				<width>32</width>
				<height>32</height>
				<texture colordiffuse="viewsinfo">$VAR[PVRTimeProgress]</texture>
				<visible>ListItem.HasEpg</visible>
			</control>
		</itemlayout>
	</include>

	<include name="ChannelsListFocusedLayout">
		<focusedlayout height="50">
			<control type="group">
				<include>PVRListFocusAnimation</include>
				<include content="ListSeperatorFocus">
					<param name="left" value="10"/>
					<param name="width" value="60"/>
					<param name="color" value="$VAR[Textures.GlobalColor]"/>
				</include>
				<include content="ListSeperatorFocus">
					<param name="left" value="74"/>
					<param name="width" value="265"/>
					<param name="color" value="$VAR[Textures.GlobalColor]"/>
					<param name="visible" value="!String.IsEmpty(ListItem.Title)"/>
				</include>
				<include content="ListSeperatorFocus">
					<param name="left" value="74"/>
					<param name="width" value="269"/>
					<param name="color" value="$VAR[Textures.GlobalColor]"/>
					<param name="visible" value="String.IsEmpty(ListItem.Title)"/>
				</include>
				<include content="ListSeperatorFocus">
					<param name="left" value="343"/>
					<param name="width" value="535"/>
					<param name="color" value="$VAR[Textures.GlobalColor]"/>
					<param name="visible" value="!String.IsEmpty(ListItem.Title)"/>
				</include>
				<include content="ListSeperatorFocus">
					<param name="left" value="343"/>
					<param name="width" value="539"/>
					<param name="color" value="$VAR[Textures.GlobalColor]"/>
					<param name="visible" value="String.IsEmpty(ListItem.Title)"/>
				</include>
				<include content="ListSeperatorFocus">
					<param name="left" value="882"/>
					<param name="width" value="318"/>
					<param name="color" value="$VAR[Textures.GlobalColor]"/>
				</include>
				<include content="ListSeperatorNoFocus">
					<param name="left" value="10"/>
					<param name="width" value="1190"/>
					<param name="texture" value="windows/pvr/selected.png"/>
					<param name="visible" value="ListItem.IsSelected | ListItem.IsPlaying"/>
				</include>
				<control type="label">
					<left>10</left>
					<top>0</top>
					<width>60</width>
					<height>45</height>
					<font>FontSize_22</font>
					<textcolor>white</textcolor>
					<shadowcolor>77000000</shadowcolor>
					<selectedcolor>white</selectedcolor>
					<align>center</align>
					<label>$INFO[ListItem.ChannelNumberLabel]</label>
					<visible>![ListItem.HasTimer | ListItem.IsRecording]</visible>
				</control>
				<control type="image">
					<left>24</left>
					<top>8</top>
					<width>32</width>
					<height>30</height>
					<aspectratio>keep</aspectratio>
					<colordiffuse>ccffffff</colordiffuse>
					<texture>windows/pvr/timer.png</texture>
					<visible>ListItem.HasTimer + !ListItem.IsRecording</visible>
				</control>
				<control type="image">
					<left>28</left>
					<top>11</top>
					<width>24</width>
					<height>24</height>
					<aspectratio>keep</aspectratio>
					<texture>windows/pvr/rec.png</texture>
					<visible>ListItem.IsRecording</visible>
				</control>
				<control type="label">
					<left>84</left>
					<top>0</top>
					<width>740</width>
					<height>45</height>
					<font>FontSize_22</font>
					<textcolor>white</textcolor>
					<shadowcolor>77000000</shadowcolor>
					<selectedcolor>white</selectedcolor>
					<label>$INFO[ListItem.Label]</label>
					<visible>String.IsEmpty(ListItem.Title)</visible>
				</control>
				<control type="group">
					<visible>!String.IsEmpty(ListItem.Title)</visible>
					<control type="label">
						<left>84</left>
						<top>0</top>
						<width>250</width>
						<height>45</height>
						<font>FontSize_22</font>
						<textcolor>white</textcolor>
						<shadowcolor>77000000</shadowcolor>
						<selectedcolor>white</selectedcolor>
						<label>$INFO[ListItem.Label]</label>
					</control>
					<control type="label">
						<left>352</left>
						<top>0</top>
						<width>480</width>
						<height>45</height>
						<font>FontSize_20</font>
						<textcolor>white</textcolor>
						<shadowcolor>77000000</shadowcolor>
						<selectedcolor>white</selectedcolor>
						<label>$INFO[ListItem.Title]</label>
					</control>
					<control type="label">
						<left>890</left>
						<top>0</top>
						<width>304</width>
						<height>45</height>
						<font>FontSize_20</font>
						<textcolor>white</textcolor>
						<shadowcolor>77000000</shadowcolor>
						<selectedcolor>white</selectedcolor>
						<label>$INFO[ListItem.NextStartTime,, - ]$INFO[ListItem.NextTitle]</label>
					</control>
				</control>
				<control type="image">
					<left>838</left>
					<top>7</top>
					<width>32</width>
					<height>32</height>
					<texture>$VAR[PVRTimeProgress]</texture>
					<visible>ListItem.HasEpg</visible>
				</control>
			</control>
		</focusedlayout>
	</include>


	<include name="SearchListItemLayout">
		<itemlayout height="50">
			<control type="image">
				<left>10</left>
				<top>0</top>
				<width>1180</width>
				<height>45</height>
				<texture>windows/pvr/selected.png</texture>
				<visible>ListItem.IsSelected | ListItem.IsPlaying</visible>
			</control>
			<control type="label">
				<left>10</left>
				<top>0</top>
				<width>60</width>
				<height>45</height>
				<font>FontSize_22</font>
				<textcolor>viewsinfo</textcolor>
				<shadowcolor>77000000</shadowcolor>
				<selectedcolor>$VAR[Text.GlobalColor]</selectedcolor>
				<align>center</align>
				<label fallback="#">$INFO[ListItem.ChannelNumberLabel]</label>
			</control>
			<control type="label">
				<left>87</left>
				<top>0</top>
				<width>245</width>
				<height>45</height>
				<font>FontSize_22</font>
				<textcolor>viewsinfo</textcolor>
				<shadowcolor>77000000</shadowcolor>
				<selectedcolor>$VAR[Text.GlobalColor]</selectedcolor>
				<label>$INFO[ListItem.ChannelName]</label>
			</control>
			<control type="label">
				<left>355</left>
				<top>0</top>
				<width>560</width>
				<height>45</height>
				<font>FontSize_22</font>
				<textcolor>viewsinfo</textcolor>
				<shadowcolor>77000000</shadowcolor>
				<selectedcolor>$VAR[Text.GlobalColor]</selectedcolor>
				<label>$INFO[ListItem.Label]</label>
				<animation effect="slide" end="-268" time="0" condition="String.IsEmpty(ListItem.Date)">Conditional</animation>
			</control>
			<control type="label">
				<left>970</left>
				<top>0</top>
				<width>225</width>
				<height>45</height>
				<font>FontSize_22</font>
				<textcolor>viewsinfo</textcolor>
				<shadowcolor>77000000</shadowcolor>
				<selectedcolor>$VAR[Text.GlobalColor]</selectedcolor>
				<align>center</align>
				<label>$INFO[ListItem.Label2]</label>
			</control>
			<control type="image">
				<left>925</left>
				<top>12</top>
				<width>24</width>
				<height>24</height>
				<texture background="true" colordiffuse="viewsinfo">$VAR[TimerStatusIcon]</texture>
			</control>
		</itemlayout>
	</include>

	<include name="SearchListFocusedLayout">
		<focusedlayout height="50">
			<control type="group">
				<include>PVRListFocusAnimation</include>
				<include content="ListSeperatorFocus">
					<param name="left" value="10"/>
					<param name="width" value="60"/>
					<param name="color" value="$VAR[Textures.GlobalColor]"/>
				</include>
				<include content="ListSeperatorFocus">
					<param name="left" value="74"/>
					<param name="width" value="265"/>
					<param name="color" value="$VAR[Textures.GlobalColor]"/>
				</include>
				<include content="ListSeperatorFocus">
					<param name="left" value="343"/>
					<param name="width" value="618"/>
					<param name="color" value="$VAR[Textures.GlobalColor]"/>
				</include>
				<include content="ListSeperatorFocus">
					<param name="left" value="965"/>
					<param name="width" value="235"/>
					<param name="color" value="$VAR[Textures.GlobalColor]"/>
				</include>
				<control type="image">
					<left>10</left>
					<top>0</top>
					<width>1180</width>
					<height>45</height>
					<texture>windows/pvr/selected.png</texture>
					<visible>ListItem.IsSelected | ListItem.IsPlaying</visible>
				</control>
				<control type="label">
					<left>10</left>
					<top>0</top>
					<width>60</width>
					<height>45</height>
					<font>FontSize_22</font>
					<textcolor>white</textcolor>
					<shadowcolor>77000000</shadowcolor>
					<selectedcolor>$VAR[Text.GlobalColor]</selectedcolor>
					<align>center</align>
					<label fallback="#">$INFO[ListItem.ChannelNumberLabel]</label>
				</control>
				<control type="label">
					<left>87</left>
					<top>0</top>
					<width>245</width>
					<height>45</height>
					<font>FontSize_22</font>
					<textcolor>white</textcolor>
					<shadowcolor>77000000</shadowcolor>
					<selectedcolor>$VAR[Text.GlobalColor]</selectedcolor>
					<label>$INFO[ListItem.ChannelName]</label>
				</control>
				<control type="label">
					<left>355</left>
					<top>0</top>
					<width>590</width>
					<height>45</height>
					<font>FontSize_22</font>
					<textcolor>white</textcolor>
					<shadowcolor>77000000</shadowcolor>
					<selectedcolor>$VAR[Text.GlobalColor]</selectedcolor>
					<label>$INFO[ListItem.Label]</label>
					<animation effect="slide" end="-268" time="0" condition="String.IsEmpty(ListItem.Date)">Conditional</animation>
				</control>
				<control type="label">
					<left>970</left>
					<top>0</top>
					<width>225</width>
					<height>45</height>
					<font>FontSize_22</font>
					<textcolor>white</textcolor>
					<shadowcolor>77000000</shadowcolor>
					<selectedcolor>$VAR[Text.GlobalColor]</selectedcolor>
					<align>center</align>
					<label>$INFO[ListItem.Label2]</label>
				</control>
				<control type="image">
					<left>925</left>
					<top>12</top>
					<width>24</width>
					<height>24</height>
					<texture background="true">$VAR[TimerStatusIcon]</texture>
				</control>
			</control>
		</focusedlayout>
	</include>


	<include name="SearchSeperators">
		<control type="group">
			<top>0</top>
			<include content="ListSeperatorNoFocus">
				<param name="left" value="10"/>
				<param name="width" value="60"/>
			</include>
			<include content="ListSeperatorNoFocus">
				<param name="left" value="74"/>
				<param name="width" value="265"/>
			</include>
			<include content="ListSeperatorNoFocus">
				<param name="left" value="343"/>
				<param name="width" value="618"/>
			</include>
			<include content="ListSeperatorNoFocus">
				<param name="left" value="965"/>
				<param name="width" value="235"/>
			</include>
		</control>
		<control type="group">
			<top>50</top>
			<include content="ListSeperatorNoFocus">
				<param name="left" value="10"/>
				<param name="width" value="60"/>
			</include>
			<include content="ListSeperatorNoFocus">
				<param name="left" value="74"/>
				<param name="width" value="265"/>
			</include>
			<include content="ListSeperatorNoFocus">
				<param name="left" value="343"/>
				<param name="width" value="618"/>
			</include>
			<include content="ListSeperatorNoFocus">
				<param name="left" value="965"/>
				<param name="width" value="235"/>
			</include>
		</control>
		<control type="group">
			<top>100</top>
			<include content="ListSeperatorNoFocus">
				<param name="left" value="10"/>
				<param name="width" value="60"/>
			</include>
			<include content="ListSeperatorNoFocus">
				<param name="left" value="74"/>
				<param name="width" value="265"/>
			</include>
			<include content="ListSeperatorNoFocus">
				<param name="left" value="343"/>
				<param name="width" value="618"/>
			</include>
			<include content="ListSeperatorNoFocus">
				<param name="left" value="965"/>
				<param name="width" value="235"/>
			</include>
		</control>
		<control type="group">
			<top>150</top>
			<include content="ListSeperatorNoFocus">
				<param name="left" value="10"/>
				<param name="width" value="60"/>
			</include>
			<include content="ListSeperatorNoFocus">
				<param name="left" value="74"/>
				<param name="width" value="265"/>
			</include>
			<include content="ListSeperatorNoFocus">
				<param name="left" value="343"/>
				<param name="width" value="618"/>
			</include>
			<include content="ListSeperatorNoFocus">
				<param name="left" value="965"/>
				<param name="width" value="235"/>
			</include>
		</control>
		<control type="group">
			<top>200</top>
			<include content="ListSeperatorNoFocus">
				<param name="left" value="10"/>
				<param name="width" value="60"/>
			</include>
			<include content="ListSeperatorNoFocus">
				<param name="left" value="74"/>
				<param name="width" value="265"/>
			</include>
			<include content="ListSeperatorNoFocus">
				<param name="left" value="343"/>
				<param name="width" value="618"/>
			</include>
			<include content="ListSeperatorNoFocus">
				<param name="left" value="965"/>
				<param name="width" value="235"/>
			</include>
		</control>
		<control type="group">
			<top>250</top>
			<include content="ListSeperatorNoFocus">
				<param name="left" value="10"/>
				<param name="width" value="60"/>
			</include>
			<include content="ListSeperatorNoFocus">
				<param name="left" value="74"/>
				<param name="width" value="265"/>
			</include>
			<include content="ListSeperatorNoFocus">
				<param name="left" value="343"/>
				<param name="width" value="618"/>
			</include>
			<include content="ListSeperatorNoFocus">
				<param name="left" value="965"/>
				<param name="width" value="235"/>
			</include>
		</control>
		<control type="group">
			<top>300</top>
			<include content="ListSeperatorNoFocus">
				<param name="left" value="10"/>
				<param name="width" value="60"/>
			</include>
			<include content="ListSeperatorNoFocus">
				<param name="left" value="74"/>
				<param name="width" value="265"/>
			</include>
			<include content="ListSeperatorNoFocus">
				<param name="left" value="343"/>
				<param name="width" value="618"/>
			</include>
			<include content="ListSeperatorNoFocus">
				<param name="left" value="965"/>
				<param name="width" value="235"/>
			</include>
		</control>
	</include>

	<include name="RecordingsSeperators">
		<control type="group">
			<top>0</top>
			<include content="ListSeperatorNoFocus">
				<param name="left" value="10"/>
				<param name="width" value="60"/>
			</include>
			<include content="ListSeperatorNoFocus">
				<param name="left" value="74"/>
				<param name="width" value="780"/>
			</include>
			<include content="ListSeperatorNoFocus">
				<param name="left" value="858"/>
				<param name="width" value="342"/>
			</include>
		</control>
		<control type="group">
			<top>50</top>
			<include content="ListSeperatorNoFocus">
				<param name="left" value="10"/>
				<param name="width" value="60"/>
			</include>
			<include content="ListSeperatorNoFocus">
				<param name="left" value="74"/>
				<param name="width" value="780"/>
			</include>
			<include content="ListSeperatorNoFocus">
				<param name="left" value="858"/>
				<param name="width" value="342"/>
			</include>
		</control>
		<control type="group">
			<top>100</top>
			<include content="ListSeperatorNoFocus">
				<param name="left" value="10"/>
				<param name="width" value="60"/>
			</include>
			<include content="ListSeperatorNoFocus">
				<param name="left" value="74"/>
				<param name="width" value="780"/>
			</include>
			<include content="ListSeperatorNoFocus">
				<param name="left" value="858"/>
				<param name="width" value="342"/>
			</include>
		</control>
		<control type="group">
			<top>150</top>
			<include content="ListSeperatorNoFocus">
				<param name="left" value="10"/>
				<param name="width" value="60"/>
			</include>
			<include content="ListSeperatorNoFocus">
				<param name="left" value="74"/>
				<param name="width" value="780"/>
			</include>
			<include content="ListSeperatorNoFocus">
				<param name="left" value="858"/>
				<param name="width" value="342"/>
			</include>
		</control>
		<control type="group">
			<top>200</top>
			<include content="ListSeperatorNoFocus">
				<param name="left" value="10"/>
				<param name="width" value="60"/>
			</include>
			<include content="ListSeperatorNoFocus">
				<param name="left" value="74"/>
				<param name="width" value="780"/>
			</include>
			<include content="ListSeperatorNoFocus">
				<param name="left" value="858"/>
				<param name="width" value="342"/>
			</include>
		</control>
		<control type="group">
			<top>250</top>
			<include content="ListSeperatorNoFocus">
				<param name="left" value="10"/>
				<param name="width" value="60"/>
			</include>
			<include content="ListSeperatorNoFocus">
				<param name="left" value="74"/>
				<param name="width" value="780"/>
			</include>
			<include content="ListSeperatorNoFocus">
				<param name="left" value="858"/>
				<param name="width" value="342"/>
			</include>
		</control>
		<control type="group">
			<top>300</top>
			<include content="ListSeperatorNoFocus">
				<param name="left" value="10"/>
				<param name="width" value="60"/>
			</include>
			<include content="ListSeperatorNoFocus">
				<param name="left" value="74"/>
				<param name="width" value="780"/>
			</include>
			<include content="ListSeperatorNoFocus">
				<param name="left" value="858"/>
				<param name="width" value="342"/>
			</include>
		</control>
	</include>


	<include name="PVROScrollbar">
		<param name="id">60</param>
		<param name="top">289</param>
		<param name="height">347</param>
		<param name="onleft">50</param>
		<param name="onright">50</param>
		<definition>
			<control type="scrollbar" id="$PARAM[id]">
				<left>1237</left>
				<top>$PARAM[top]</top>
				<width>3</width>
				<height>$PARAM[height]</height>
				<texturesliderbackground></texturesliderbackground>
				<texturesliderbar border="0,14,0,14">views/scrollbar/scrollbar_pvr.png</texturesliderbar>
				<texturesliderbarfocus border="0,14,0,14">views/scrollbar/scrollbar_pvr.png</texturesliderbarfocus>
				<textureslidernib></textureslidernib>
				<textureslidernibfocus></textureslidernibfocus>
				<onleft>$PARAM[onleft]</onleft>
				<onright>$PARAM[onright]</onright>
				<showonepage>false</showonepage>
				<orientation>vertical</orientation>
				<animation effect="fade" start="100" end="0" time="250" condition="!Control.HasFocus($PARAM[id])">Conditional</animation>
			</control>
		</definition>
	</include>


	<include name="PVROSDContentInfo">
		<control type="group">
			<left>45</left>
			<top>25</top>
			<include>ShutdownMenuAnimation</include>
			<include>InfoDialogs_ContentInfoAnimation</include>
			<include>VisibleHiddenSlideAnimation</include>
			<visible>!Window.IsActive(PVRGuideInfo) + !Window.IsActive(PVRRecordingInfo) + !Window.IsActive(ShutdownMenu) + !Window.IsActive(favourites)</visible>
			<control type="grouplist">
				<left>0</left>
				<top>0</top>
				<height>70</height>
				<width>1000</width>
				<align>left</align>
				<itemgap>15</itemgap>
				<orientation>horizontal</orientation>
				<include>LogoBig</include>
				<include>OpenCloseSlideAnimationTwo</include>
				<control type="label">
					<include>TopBigLabel</include>
					<label>$LOCALIZE[31000]</label>
				</control>
				<control type="label">
					<include>TopSmallLabel</include>
					<label>$VAR[PVRContentInfo]</label>
				</control>
			</control>
			<control type="label">
				<description>Page Count Label</description>
				<left>65</left>
				<top>45</top>
				<width>1000</width>
				<height>20</height>
				<font>FontSize_18</font>
				<textcolor>$VAR[Text.GlobalColor]</textcolor>
				<include>OpenCloseSlideAnimationTwo</include>
				<label>$VAR[ContainerNumItems]</label>
			</control>
		</control>
	</include>


</includes>
