<?xml version="1.0" encoding="UTF-8" standalone="yes"?>
<addon id="plugin.video.foxtel.go" name="Foxtel Go" provider-name="SlyGuy" version="0.10.0">
  <requires>
    <import addon="script.module.slyguy" version="0.63.1"/>
  </requires>
  <extension point="xbmc.python.pluginsource" library="default.py" provides="video">
    <provides>video</provides>
  </extension>
  <extension point="xbmc.addon.metadata">
    <description lang="en">Foxtel GO anywhere, anytime, any place. Stream Live and On Demand shows from your pack on your favourite devices.

Subscription required.</description>
    <reuselanguageinvoker>true</reuselanguageinvoker>
    <license></license>
    <language></language>
    <website></website>
    <news>Fix vod playback</news>
    <assets>
      <icon>icon.png</icon>
      <fanart>fanart.jpg</fanart>
    </assets>
  </extension>
</addon>
