<includes>
	<include name="skinshortcuts-mainmenu">
		<item id="1">
			<property name="id">$NUMBER[1]</property>
			<label>$LOCALIZE[31000]</label>
			<label2>Custom item</label2>
			<icon>DefaultLiveTV.png</icon>
			<thumb />
			<property name="labelID">31000</property>
			<property name="defaultID">livetv</property>
			<onclick condition="Window.IsActive(PlayerControls.xml)">Close</onclick>
			<onclick condition="System.HasPVRAddon">ActivateWindow(TVGuide)</onclick>
			<property name="path">ActivateWindow(TVGuide)</property>
			<property name="list">TVGuide</property>
			<onclick condition="![System.HasPVRAddon]">ActivateWindow(addonbrowser,addons://repository.xbmc.org/xbmc.pvrclient,return)</onclick>
			<visible>String.IsEqual(System.ProfileName,Master user)</visible>
			<property name="submenuVisibility">num-31000</property>
			<property name="group">mainmenu</property>
			<property name="hasSubmenu">False</property>
			</item>
		<item id="2">
			<property name="id">$NUMBER[2]</property>
			<label>$LOCALIZE[342]</label>
			<label2>Common menu item</label2>
			<icon>DefaultMovies.png</icon>
			<thumb />
			<property name="labelID">movies</property>
			<property name="defaultID">movies</property>
			<onclick condition="Window.IsActive(PlayerControls.xml)">Close</onclick>
			<onclick condition="Library.HasContent(Movies)">ActivateWindow(Videos,videodb://movies/titles/,return)</onclick>
			<property name="path">ActivateWindow(Videos,videodb://movies/titles/,return)</property>
			<property name="list">videodb://movies/titles/</property>
			<onclick condition="![Library.HasContent(Movies)]">ActivateWindow(Videos,sources://video/,return)</onclick>
			<visible>String.IsEqual(System.ProfileName,Master user)</visible>
			<property name="submenuVisibility">movies</property>
			<property name="group">mainmenu</property>
			<property name="hasSubmenu">False</property>
			</item>
		<item id="3">
			<property name="id">$NUMBER[3]</property>
			<label>$LOCALIZE[31002]</label>
			<label2>Common menu item</label2>
			<icon>DefaultTVShows.png</icon>
			<thumb />
			<property name="labelID">31002</property>
			<property name="defaultID">tvshows</property>
			<onclick condition="Window.IsActive(PlayerControls.xml)">Close</onclick>
			<onclick condition="Library.HasContent(TVShows)">ActivateWindow(Videos,videodb://tvshows/titles/,return)</onclick>
			<property name="path">ActivateWindow(Videos,videodb://tvshows/titles/,return)</property>
			<property name="list">videodb://tvshows/titles/</property>
			<onclick condition="![Library.HasContent(TVShows)]">ActivateWindow(Videos,sources://video/,return)</onclick>
			<visible>String.IsEqual(System.ProfileName,Master user)</visible>
			<property name="submenuVisibility">num-31002</property>
			<property name="group">mainmenu</property>
			<property name="hasSubmenu">True</property>
			</item>
		<item id="4">
			<property name="id">$NUMBER[4]</property>
			<label>$LOCALIZE[3]</label>
			<label2>Custom item</label2>
			<icon>DefaultVideo.png</icon>
			<thumb />
			<property name="labelID">videos</property>
			<property name="defaultID">videos</property>
			<onclick condition="Window.IsActive(PlayerControls.xml)">Close</onclick>
			<onclick>ActivateWindow(Videos,addons://sources/video/,return)</onclick>
			<property name="path">ActivateWindow(Videos,addons://sources/video/,return)</property>
			<property name="list">addons://sources/video/</property>
			<visible>String.IsEqual(System.ProfileName,Master user)</visible>
			<property name="submenuVisibility">videos</property>
			<property name="group">mainmenu</property>
			<property name="hasSubmenu">False</property>
			</item>
		<item id="5">
			<property name="id">$NUMBER[5]</property>
			<label>$LOCALIZE[2]</label>
			<label2>Common menu item</label2>
			<icon>DefaultAudio.png</icon>
			<thumb />
			<property name="labelID">music</property>
			<property name="defaultID">music</property>
			<onclick condition="Window.IsActive(PlayerControls.xml)">Close</onclick>
			<onclick>ActivateWindow(Music,root,return)</onclick>
			<property name="path">ActivateWindow(Music,root,return)</property>
			<property name="list">root</property>
			<visible>String.IsEqual(System.ProfileName,Master user)</visible>
			<property name="submenuVisibility">music</property>
			<property name="group">mainmenu</property>
			<property name="hasSubmenu">True</property>
			</item>
		<item id="6">
			<property name="id">$NUMBER[6]</property>
			<label>$LOCALIZE[10004]</label>
			<label2>Common menu item</label2>
			<icon>icons/big/Settings.png</icon>
			<thumb />
			<property name="labelID">settings</property>
			<property name="defaultID">settings</property>
			<onclick condition="Window.IsActive(PlayerControls.xml)">Close</onclick>
			<onclick>ActivateWindow(Settings)</onclick>
			<property name="path">ActivateWindow(Settings)</property>
			<property name="list">Settings</property>
			<visible>String.IsEqual(System.ProfileName,Master user)</visible>
			<property name="submenuVisibility">settings</property>
			<property name="group">mainmenu</property>
			<property name="hasSubmenu">False</property>
			</item>
		</include>
	<include />
	<include name="skinshortcuts-submenu">
		<item id="1">
			<property name="id">$NUMBER[1]</property>
			<property name="mainmenuid">3</property>
			<label>$LOCALIZE[31001]</label>
			<label2 />
			<icon>icons/big/TVGuide.png</icon>
			<thumb />
			<property name="labelID">script.tv.show.next.aired</property>
			<property name="defaultID">31001</property>
			<visible>[System.HasAddon(script.tv.show.next.aired) + Skin.HasSetting(NextAiredEnabled)] + String.IsEqual(Container(20).ListItem.Property(submenuVisibility),num-31002)</visible>
			<onclick>RunScript(script.tv.show.next.aired)</onclick>
			<property name="path">RunScript(script.tv.show.next.aired)</property>
			<property name="list">RunScript(script.tv.show.next.aired)</property>
			<visible>String.IsEqual(System.ProfileName,Master user)</visible>
			<property name="group">31002</property>
			<property name="isSubmenu">True</property>
			</item>
		<item id="1">
			<property name="id">$NUMBER[1]</property>
			<property name="mainmenuid">5</property>
			<label>$LOCALIZE[31210]</label>
			<label2 />
			<icon>DefaultMusicRecentlyAdded.png</icon>
			<thumb />
			<property name="labelID">31210</property>
			<property name="defaultID">31210</property>
			<visible>[Library.HasContent(music)] + String.IsEqual(Container(20).ListItem.Property(submenuVisibility),music)</visible>
			<onclick>ActivateWindow(Music,RecentlyAddedAlbums,return)</onclick>
			<property name="path">ActivateWindow(Music,RecentlyAddedAlbums,return)</property>
			<property name="list">RecentlyAddedAlbums</property>
			<visible>String.IsEqual(System.ProfileName,Master user)</visible>
			<property name="group">music</property>
			<property name="isSubmenu">True</property>
			</item>
		<item id="2">
			<property name="id">$NUMBER[2]</property>
			<property name="mainmenuid">5</property>
			<label>$LOCALIZE[132]</label>
			<label2 />
			<icon>DefaultMusicAlbums.png</icon>
			<thumb />
			<property name="labelID">132</property>
			<property name="defaultID">132</property>
			<visible>[Library.HasContent(music)] + String.IsEqual(Container(20).ListItem.Property(submenuVisibility),music)</visible>
			<onclick>ActivateWindow(Music,Albums,return)</onclick>
			<property name="path">ActivateWindow(Music,Albums,return)</property>
			<property name="list">Albums</property>
			<visible>String.IsEqual(System.ProfileName,Master user)</visible>
			<property name="group">music</property>
			<property name="isSubmenu">True</property>
			</item>
		<item id="3">
			<property name="id">$NUMBER[3]</property>
			<property name="mainmenuid">5</property>
			<label>$LOCALIZE[133]</label>
			<label2 />
			<icon>DefaultMusicArtists.png</icon>
			<thumb />
			<property name="labelID">133</property>
			<property name="defaultID">133</property>
			<visible>[Library.HasContent(music)] + String.IsEqual(Container(20).ListItem.Property(submenuVisibility),music)</visible>
			<onclick>ActivateWindow(Music,Artists,return)</onclick>
			<property name="path">ActivateWindow(Music,Artists,return)</property>
			<property name="list">Artists</property>
			<visible>String.IsEqual(System.ProfileName,Master user)</visible>
			<property name="group">music</property>
			<property name="isSubmenu">True</property>
			</item>
		<item id="4">
			<property name="id">$NUMBER[4]</property>
			<property name="mainmenuid">5</property>
			<label>$LOCALIZE[134]</label>
			<label2 />
			<icon>DefaultMusicSongs.png</icon>
			<thumb />
			<property name="labelID">134</property>
			<property name="defaultID">134</property>
			<visible>[Library.HasContent(music)] + String.IsEqual(Container(20).ListItem.Property(submenuVisibility),music)</visible>
			<onclick>ActivateWindow(Music,Songs,return)</onclick>
			<property name="path">ActivateWindow(Music,Songs,return)</property>
			<property name="list">Songs</property>
			<visible>String.IsEqual(System.ProfileName,Master user)</visible>
			<property name="group">music</property>
			<property name="isSubmenu">True</property>
			</item>
		<item id="5">
			<property name="id">$NUMBER[5]</property>
			<property name="mainmenuid">5</property>
			<label>$LOCALIZE[135]</label>
			<label2 />
			<icon>DefaultMusicGenres.png</icon>
			<thumb />
			<property name="labelID">135</property>
			<property name="defaultID">135</property>
			<visible>[Library.HasContent(music)] + String.IsEqual(Container(20).ListItem.Property(submenuVisibility),music)</visible>
			<onclick>ActivateWindow(Music,Genres,return)</onclick>
			<property name="path">ActivateWindow(Music,Genres,return)</property>
			<property name="list">Genres</property>
			<visible>String.IsEqual(System.ProfileName,Master user)</visible>
			<property name="group">music</property>
			<property name="isSubmenu">True</property>
			</item>
		<item id="6">
			<property name="id">$NUMBER[6]</property>
			<property name="mainmenuid">5</property>
			<label>$LOCALIZE[652]</label>
			<label2 />
			<icon>DefaultMusicYears.png</icon>
			<thumb />
			<property name="labelID">652</property>
			<property name="defaultID">652</property>
			<visible>[Library.HasContent(music)] + String.IsEqual(Container(20).ListItem.Property(submenuVisibility),music)</visible>
			<onclick>ActivateWindow(Music,Years,return)</onclick>
			<property name="path">ActivateWindow(Music,Years,return)</property>
			<property name="list">Years</property>
			<visible>String.IsEqual(System.ProfileName,Master user)</visible>
			<property name="group">music</property>
			<property name="isSubmenu">True</property>
			</item>
		<item id="7">
			<property name="id">$NUMBER[7]</property>
			<property name="mainmenuid">5</property>
			<label>$LOCALIZE[271]</label>
			<label2 />
			<icon>DefaultMusicTop100.png</icon>
			<thumb />
			<property name="labelID">271</property>
			<property name="defaultID">271</property>
			<visible>[Library.HasContent(music)] + String.IsEqual(Container(20).ListItem.Property(submenuVisibility),music)</visible>
			<onclick>ActivateWindow(Music,Top100,return)</onclick>
			<property name="path">ActivateWindow(Music,Top100,return)</property>
			<property name="list">Top100</property>
			<visible>String.IsEqual(System.ProfileName,Master user)</visible>
			<property name="group">music</property>
			<property name="isSubmenu">True</property>
			</item>
		<item id="8">
			<property name="id">$NUMBER[8]</property>
			<property name="mainmenuid">5</property>
			<label>$LOCALIZE[521]</label>
			<label2 />
			<icon>DefaultMusicCompilations.png</icon>
			<thumb />
			<property name="labelID">521</property>
			<property name="defaultID">521</property>
			<visible>[Library.HasContent(music)] + String.IsEqual(Container(20).ListItem.Property(submenuVisibility),music)</visible>
			<onclick>ActivateWindow(Music,Compilations,return)</onclick>
			<property name="path">ActivateWindow(Music,Compilations,return)</property>
			<property name="list">Compilations</property>
			<visible>String.IsEqual(System.ProfileName,Master user)</visible>
			<property name="group">music</property>
			<property name="isSubmenu">True</property>
			</item>
		<item id="9">
			<property name="id">$NUMBER[9]</property>
			<property name="mainmenuid">5</property>
			<label>$LOCALIZE[14022]</label>
			<label2 />
			<icon>icons/big/Media.png</icon>
			<thumb />
			<property name="labelID">14022</property>
			<property name="defaultID">14022</property>
			<visible>[Library.HasContent(music)] + String.IsEqual(Container(20).ListItem.Property(submenuVisibility),music)</visible>
			<onclick>ActivateWindow(Music,root)</onclick>
			<property name="path">ActivateWindow(Music,root)</property>
			<property name="list">root</property>
			<visible>String.IsEqual(System.ProfileName,Master user)</visible>
			<property name="group">music</property>
			<property name="isSubmenu">True</property>
			</item>
		</include>
	<include name="skinshortcuts-allmenus">
		<item id="1">
			<property name="id">$NUMBER[1]</property>
			<label>$LOCALIZE[31000]</label>
			<label2>Custom item</label2>
			<icon>DefaultLiveTV.png</icon>
			<thumb />
			<property name="labelID">31000</property>
			<property name="defaultID">livetv</property>
			<onclick condition="Window.IsActive(PlayerControls.xml)">Close</onclick>
			<onclick condition="System.HasPVRAddon">ActivateWindow(TVGuide)</onclick>
			<property name="path">ActivateWindow(TVGuide)</property>
			<property name="list">TVGuide</property>
			<onclick condition="![System.HasPVRAddon]">ActivateWindow(addonbrowser,addons://repository.xbmc.org/xbmc.pvrclient,return)</onclick>
			<visible>String.IsEqual(System.ProfileName,Master user)</visible>
			<property name="submenuVisibility">num-31000</property>
			<property name="group">mainmenu</property>
			<property name="hasSubmenu">False</property>
			</item>
		<item id="2">
			<property name="id">$NUMBER[2]</property>
			<label>$LOCALIZE[342]</label>
			<label2>Common menu item</label2>
			<icon>DefaultMovies.png</icon>
			<thumb />
			<property name="labelID">movies</property>
			<property name="defaultID">movies</property>
			<onclick condition="Window.IsActive(PlayerControls.xml)">Close</onclick>
			<onclick condition="Library.HasContent(Movies)">ActivateWindow(Videos,videodb://movies/titles/,return)</onclick>
			<property name="path">ActivateWindow(Videos,videodb://movies/titles/,return)</property>
			<property name="list">videodb://movies/titles/</property>
			<onclick condition="![Library.HasContent(Movies)]">ActivateWindow(Videos,sources://video/,return)</onclick>
			<visible>String.IsEqual(System.ProfileName,Master user)</visible>
			<property name="submenuVisibility">movies</property>
			<property name="group">mainmenu</property>
			<property name="hasSubmenu">False</property>
			</item>
		<item id="3">
			<property name="id">$NUMBER[3]</property>
			<label>$LOCALIZE[31002]</label>
			<label2>Common menu item</label2>
			<icon>DefaultTVShows.png</icon>
			<thumb />
			<property name="labelID">31002</property>
			<property name="defaultID">tvshows</property>
			<onclick condition="String.IsEqual(Window(10000).Property(submenuVisibility),num-31002) + [Window.IsActive(PlayerControls.xml)]">Close</onclick>
			<onclick condition="String.IsEqual(Window(10000).Property(submenuVisibility),num-31002) + [Library.HasContent(TVShows)]">ActivateWindow(Videos,videodb://tvshows/titles/,return)</onclick>
			<property name="path">ActivateWindow(Videos,videodb://tvshows/titles/,return)</property>
			<property name="list">videodb://tvshows/titles/</property>
			<onclick condition="String.IsEqual(Window(10000).Property(submenuVisibility),num-31002) + [![Library.HasContent(TVShows)]]">ActivateWindow(Videos,sources://video/,return)</onclick>
			<visible>String.IsEqual(System.ProfileName,Master user)</visible>
			<property name="submenuVisibility">num-31002</property>
			<property name="group">mainmenu</property>
			<property name="hasSubmenu">True</property>
			<onclick condition="String.IsEqual(Window(10000).Property(submenuVisibility),num-31002) + [Window.IsActive(PlayerControls.xml)]">SetProperty(submenuVisibility,num-31002,10000)</onclick>
			<onclick condition="String.IsEqual(Window(10000).Property(submenuVisibility),num-31002) + [Library.HasContent(TVShows)]">SetProperty(submenuVisibility,num-31002,10000)</onclick>
			<onclick condition="String.IsEqual(Window(10000).Property(submenuVisibility),num-31002) + [![Library.HasContent(TVShows)]]">SetProperty(submenuVisibility,num-31002,10000)</onclick>
			</item>
		<item id="1">
			<property name="id">$NUMBER[1]</property>
			<property name="mainmenuid">3</property>
			<label>$LOCALIZE[31001]</label>
			<label2 />
			<icon>icons/big/TVGuide.png</icon>
			<thumb />
			<property name="labelID">script.tv.show.next.aired</property>
			<property name="defaultID">31001</property>
			<visible>[System.HasAddon(script.tv.show.next.aired) + Skin.HasSetting(NextAiredEnabled)] + String.IsEqual(Window(10000).Property(submenuVisibility),num-31002)</visible>
			<onclick>RunScript(script.tv.show.next.aired)</onclick>
			<property name="path">RunScript(script.tv.show.next.aired)</property>
			<property name="list">RunScript(script.tv.show.next.aired)</property>
			<visible>String.IsEqual(System.ProfileName,Master user)</visible>
			<property name="group">31002</property>
			<property name="isSubmenu">True</property>
			<property name="submenuVisibility">num-31002</property>
			</item>
		<item id="4">
			<property name="id">$NUMBER[4]</property>
			<label>$LOCALIZE[3]</label>
			<label2>Custom item</label2>
			<icon>DefaultVideo.png</icon>
			<thumb />
			<property name="labelID">videos</property>
			<property name="defaultID">videos</property>
			<onclick condition="Window.IsActive(PlayerControls.xml)">Close</onclick>
			<onclick>ActivateWindow(Videos,addons://sources/video/,return)</onclick>
			<property name="path">ActivateWindow(Videos,addons://sources/video/,return)</property>
			<property name="list">addons://sources/video/</property>
			<visible>String.IsEqual(System.ProfileName,Master user)</visible>
			<property name="submenuVisibility">videos</property>
			<property name="group">mainmenu</property>
			<property name="hasSubmenu">False</property>
			</item>
		<item id="5">
			<property name="id">$NUMBER[5]</property>
			<label>$LOCALIZE[2]</label>
			<label2>Common menu item</label2>
			<icon>DefaultAudio.png</icon>
			<thumb />
			<property name="labelID">music</property>
			<property name="defaultID">music</property>
			<onclick condition="String.IsEqual(Window(10000).Property(submenuVisibility),music) + [Window.IsActive(PlayerControls.xml)]">Close</onclick>
			<onclick condition="String.IsEqual(Window(10000).Property(submenuVisibility),music)">ActivateWindow(Music,root,return)</onclick>
			<property name="path">ActivateWindow(Music,root,return)</property>
			<property name="list">root</property>
			<visible>String.IsEqual(System.ProfileName,Master user)</visible>
			<property name="submenuVisibility">music</property>
			<property name="group">mainmenu</property>
			<property name="hasSubmenu">True</property>
			<onclick condition="String.IsEqual(Window(10000).Property(submenuVisibility),music) + [Window.IsActive(PlayerControls.xml)]">SetProperty(submenuVisibility,music,10000)</onclick>
			<onclick>SetProperty(submenuVisibility,music,10000)</onclick>
			</item>
		<item id="1">
			<property name="id">$NUMBER[1]</property>
			<property name="mainmenuid">5</property>
			<label>$LOCALIZE[31210]</label>
			<label2 />
			<icon>DefaultMusicRecentlyAdded.png</icon>
			<thumb />
			<property name="labelID">31210</property>
			<property name="defaultID">31210</property>
			<visible>[Library.HasContent(music)] + String.IsEqual(Window(10000).Property(submenuVisibility),music)</visible>
			<onclick>ActivateWindow(Music,RecentlyAddedAlbums,return)</onclick>
			<property name="path">ActivateWindow(Music,RecentlyAddedAlbums,return)</property>
			<property name="list">RecentlyAddedAlbums</property>
			<visible>String.IsEqual(System.ProfileName,Master user)</visible>
			<property name="group">music</property>
			<property name="isSubmenu">True</property>
			<property name="submenuVisibility">music</property>
			</item>
		<item id="2">
			<property name="id">$NUMBER[2]</property>
			<property name="mainmenuid">5</property>
			<label>$LOCALIZE[132]</label>
			<label2 />
			<icon>DefaultMusicAlbums.png</icon>
			<thumb />
			<property name="labelID">132</property>
			<property name="defaultID">132</property>
			<visible>[Library.HasContent(music)] + String.IsEqual(Window(10000).Property(submenuVisibility),music)</visible>
			<onclick>ActivateWindow(Music,Albums,return)</onclick>
			<property name="path">ActivateWindow(Music,Albums,return)</property>
			<property name="list">Albums</property>
			<visible>String.IsEqual(System.ProfileName,Master user)</visible>
			<property name="group">music</property>
			<property name="isSubmenu">True</property>
			<property name="submenuVisibility">music</property>
			</item>
		<item id="3">
			<property name="id">$NUMBER[3]</property>
			<property name="mainmenuid">5</property>
			<label>$LOCALIZE[133]</label>
			<label2 />
			<icon>DefaultMusicArtists.png</icon>
			<thumb />
			<property name="labelID">133</property>
			<property name="defaultID">133</property>
			<visible>[Library.HasContent(music)] + String.IsEqual(Window(10000).Property(submenuVisibility),music)</visible>
			<onclick>ActivateWindow(Music,Artists,return)</onclick>
			<property name="path">ActivateWindow(Music,Artists,return)</property>
			<property name="list">Artists</property>
			<visible>String.IsEqual(System.ProfileName,Master user)</visible>
			<property name="group">music</property>
			<property name="isSubmenu">True</property>
			<property name="submenuVisibility">music</property>
			</item>
		<item id="4">
			<property name="id">$NUMBER[4]</property>
			<property name="mainmenuid">5</property>
			<label>$LOCALIZE[134]</label>
			<label2 />
			<icon>DefaultMusicSongs.png</icon>
			<thumb />
			<property name="labelID">134</property>
			<property name="defaultID">134</property>
			<visible>[Library.HasContent(music)] + String.IsEqual(Window(10000).Property(submenuVisibility),music)</visible>
			<onclick>ActivateWindow(Music,Songs,return)</onclick>
			<property name="path">ActivateWindow(Music,Songs,return)</property>
			<property name="list">Songs</property>
			<visible>String.IsEqual(System.ProfileName,Master user)</visible>
			<property name="group">music</property>
			<property name="isSubmenu">True</property>
			<property name="submenuVisibility">music</property>
			</item>
		<item id="5">
			<property name="id">$NUMBER[5]</property>
			<property name="mainmenuid">5</property>
			<label>$LOCALIZE[135]</label>
			<label2 />
			<icon>DefaultMusicGenres.png</icon>
			<thumb />
			<property name="labelID">135</property>
			<property name="defaultID">135</property>
			<visible>[Library.HasContent(music)] + String.IsEqual(Window(10000).Property(submenuVisibility),music)</visible>
			<onclick>ActivateWindow(Music,Genres,return)</onclick>
			<property name="path">ActivateWindow(Music,Genres,return)</property>
			<property name="list">Genres</property>
			<visible>String.IsEqual(System.ProfileName,Master user)</visible>
			<property name="group">music</property>
			<property name="isSubmenu">True</property>
			<property name="submenuVisibility">music</property>
			</item>
		<item id="6">
			<property name="id">$NUMBER[6]</property>
			<property name="mainmenuid">5</property>
			<label>$LOCALIZE[652]</label>
			<label2 />
			<icon>DefaultMusicYears.png</icon>
			<thumb />
			<property name="labelID">652</property>
			<property name="defaultID">652</property>
			<visible>[Library.HasContent(music)] + String.IsEqual(Window(10000).Property(submenuVisibility),music)</visible>
			<onclick>ActivateWindow(Music,Years,return)</onclick>
			<property name="path">ActivateWindow(Music,Years,return)</property>
			<property name="list">Years</property>
			<visible>String.IsEqual(System.ProfileName,Master user)</visible>
			<property name="group">music</property>
			<property name="isSubmenu">True</property>
			<property name="submenuVisibility">music</property>
			</item>
		<item id="7">
			<property name="id">$NUMBER[7]</property>
			<property name="mainmenuid">5</property>
			<label>$LOCALIZE[271]</label>
			<label2 />
			<icon>DefaultMusicTop100.png</icon>
			<thumb />
			<property name="labelID">271</property>
			<property name="defaultID">271</property>
			<visible>[Library.HasContent(music)] + String.IsEqual(Window(10000).Property(submenuVisibility),music)</visible>
			<onclick>ActivateWindow(Music,Top100,return)</onclick>
			<property name="path">ActivateWindow(Music,Top100,return)</property>
			<property name="list">Top100</property>
			<visible>String.IsEqual(System.ProfileName,Master user)</visible>
			<property name="group">music</property>
			<property name="isSubmenu">True</property>
			<property name="submenuVisibility">music</property>
			</item>
		<item id="8">
			<property name="id">$NUMBER[8]</property>
			<property name="mainmenuid">5</property>
			<label>$LOCALIZE[521]</label>
			<label2 />
			<icon>DefaultMusicCompilations.png</icon>
			<thumb />
			<property name="labelID">521</property>
			<property name="defaultID">521</property>
			<visible>[Library.HasContent(music)] + String.IsEqual(Window(10000).Property(submenuVisibility),music)</visible>
			<onclick>ActivateWindow(Music,Compilations,return)</onclick>
			<property name="path">ActivateWindow(Music,Compilations,return)</property>
			<property name="list">Compilations</property>
			<visible>String.IsEqual(System.ProfileName,Master user)</visible>
			<property name="group">music</property>
			<property name="isSubmenu">True</property>
			<property name="submenuVisibility">music</property>
			</item>
		<item id="9">
			<property name="id">$NUMBER[9]</property>
			<property name="mainmenuid">5</property>
			<label>$LOCALIZE[14022]</label>
			<label2 />
			<icon>icons/big/Media.png</icon>
			<thumb />
			<property name="labelID">14022</property>
			<property name="defaultID">14022</property>
			<visible>[Library.HasContent(music)] + String.IsEqual(Window(10000).Property(submenuVisibility),music)</visible>
			<onclick>ActivateWindow(Music,root)</onclick>
			<property name="path">ActivateWindow(Music,root)</property>
			<property name="list">root</property>
			<visible>String.IsEqual(System.ProfileName,Master user)</visible>
			<property name="group">music</property>
			<property name="isSubmenu">True</property>
			<property name="submenuVisibility">music</property>
			</item>
		<item id="6">
			<property name="id">$NUMBER[6]</property>
			<label>$LOCALIZE[10004]</label>
			<label2>Common menu item</label2>
			<icon>icons/big/Settings.png</icon>
			<thumb />
			<property name="labelID">settings</property>
			<property name="defaultID">settings</property>
			<onclick condition="Window.IsActive(PlayerControls.xml)">Close</onclick>
			<onclick>ActivateWindow(Settings)</onclick>
			<property name="path">ActivateWindow(Settings)</property>
			<property name="list">Settings</property>
			<visible>String.IsEqual(System.ProfileName,Master user)</visible>
			<property name="submenuVisibility">settings</property>
			<property name="group">mainmenu</property>
			<property name="hasSubmenu">False</property>
			</item>
		</include>
	<include name="skinshortcuts-group-num-31000">
		<description>No items</description>
		</include>
	<include name="skinshortcuts-group-alt-num-31000">
		<description>No items</description>
		</include>
	<include name="skinshortcuts-group-movies">
		<description>No items</description>
		</include>
	<include name="skinshortcuts-group-alt-movies">
		<description>No items</description>
		</include>
	<include name="skinshortcuts-group-num-31002">
		<item id="1">
			<property name="id">$NUMBER[1]</property>
			<property name="mainmenuid">3</property>
			<label>$LOCALIZE[31001]</label>
			<label2 />
			<icon>icons/big/TVGuide.png</icon>
			<thumb />
			<property name="labelID">script.tv.show.next.aired</property>
			<property name="defaultID">31001</property>
			<visible>System.HasAddon(script.tv.show.next.aired) + Skin.HasSetting(NextAiredEnabled)</visible>
			<onclick>RunScript(script.tv.show.next.aired)</onclick>
			<property name="path">RunScript(script.tv.show.next.aired)</property>
			<property name="list">RunScript(script.tv.show.next.aired)</property>
			<visible>String.IsEqual(System.ProfileName,Master user)</visible>
			<property name="group">31002</property>
			<property name="isSubmenu">True</property>
			</item>
		</include>
	<include name="skinshortcuts-group-alt-num-31002">
		<item id="1">
			<property name="id">$NUMBER[1]</property>
			<property name="mainmenuid">3</property>
			<label>$LOCALIZE[31001]</label>
			<label2 />
			<icon>icons/big/TVGuide.png</icon>
			<thumb />
			<property name="labelID">script.tv.show.next.aired</property>
			<property name="defaultID">31001</property>
			<visible>[System.HasAddon(script.tv.show.next.aired) + Skin.HasSetting(NextAiredEnabled)] + String.IsEqual(Window(10000).Property(submenuVisibility),num-31002)</visible>
			<onclick>RunScript(script.tv.show.next.aired)</onclick>
			<property name="path">RunScript(script.tv.show.next.aired)</property>
			<property name="list">RunScript(script.tv.show.next.aired)</property>
			<visible>String.IsEqual(System.ProfileName,Master user)</visible>
			<property name="group">31002</property>
			<property name="isSubmenu">True</property>
			</item>
		</include>
	<include name="skinshortcuts-group-videos">
		<description>No items</description>
		</include>
	<include name="skinshortcuts-group-alt-videos">
		<description>No items</description>
		</include>
	<include name="skinshortcuts-group-music">
		<item id="1">
			<property name="id">$NUMBER[1]</property>
			<property name="mainmenuid">5</property>
			<label>$LOCALIZE[31210]</label>
			<label2 />
			<icon>DefaultMusicRecentlyAdded.png</icon>
			<thumb />
			<property name="labelID">31210</property>
			<property name="defaultID">31210</property>
			<visible>Library.HasContent(music)</visible>
			<onclick>ActivateWindow(Music,RecentlyAddedAlbums,return)</onclick>
			<property name="path">ActivateWindow(Music,RecentlyAddedAlbums,return)</property>
			<property name="list">RecentlyAddedAlbums</property>
			<visible>String.IsEqual(System.ProfileName,Master user)</visible>
			<property name="group">music</property>
			<property name="isSubmenu">True</property>
			</item>
		<item id="2">
			<property name="id">$NUMBER[2]</property>
			<property name="mainmenuid">5</property>
			<label>$LOCALIZE[132]</label>
			<label2 />
			<icon>DefaultMusicAlbums.png</icon>
			<thumb />
			<property name="labelID">132</property>
			<property name="defaultID">132</property>
			<visible>Library.HasContent(music)</visible>
			<onclick>ActivateWindow(Music,Albums,return)</onclick>
			<property name="path">ActivateWindow(Music,Albums,return)</property>
			<property name="list">Albums</property>
			<visible>String.IsEqual(System.ProfileName,Master user)</visible>
			<property name="group">music</property>
			<property name="isSubmenu">True</property>
			</item>
		<item id="3">
			<property name="id">$NUMBER[3]</property>
			<property name="mainmenuid">5</property>
			<label>$LOCALIZE[133]</label>
			<label2 />
			<icon>DefaultMusicArtists.png</icon>
			<thumb />
			<property name="labelID">133</property>
			<property name="defaultID">133</property>
			<visible>Library.HasContent(music)</visible>
			<onclick>ActivateWindow(Music,Artists,return)</onclick>
			<property name="path">ActivateWindow(Music,Artists,return)</property>
			<property name="list">Artists</property>
			<visible>String.IsEqual(System.ProfileName,Master user)</visible>
			<property name="group">music</property>
			<property name="isSubmenu">True</property>
			</item>
		<item id="4">
			<property name="id">$NUMBER[4]</property>
			<property name="mainmenuid">5</property>
			<label>$LOCALIZE[134]</label>
			<label2 />
			<icon>DefaultMusicSongs.png</icon>
			<thumb />
			<property name="labelID">134</property>
			<property name="defaultID">134</property>
			<visible>Library.HasContent(music)</visible>
			<onclick>ActivateWindow(Music,Songs,return)</onclick>
			<property name="path">ActivateWindow(Music,Songs,return)</property>
			<property name="list">Songs</property>
			<visible>String.IsEqual(System.ProfileName,Master user)</visible>
			<property name="group">music</property>
			<property name="isSubmenu">True</property>
			</item>
		<item id="5">
			<property name="id">$NUMBER[5]</property>
			<property name="mainmenuid">5</property>
			<label>$LOCALIZE[135]</label>
			<label2 />
			<icon>DefaultMusicGenres.png</icon>
			<thumb />
			<property name="labelID">135</property>
			<property name="defaultID">135</property>
			<visible>Library.HasContent(music)</visible>
			<onclick>ActivateWindow(Music,Genres,return)</onclick>
			<property name="path">ActivateWindow(Music,Genres,return)</property>
			<property name="list">Genres</property>
			<visible>String.IsEqual(System.ProfileName,Master user)</visible>
			<property name="group">music</property>
			<property name="isSubmenu">True</property>
			</item>
		<item id="6">
			<property name="id">$NUMBER[6]</property>
			<property name="mainmenuid">5</property>
			<label>$LOCALIZE[652]</label>
			<label2 />
			<icon>DefaultMusicYears.png</icon>
			<thumb />
			<property name="labelID">652</property>
			<property name="defaultID">652</property>
			<visible>Library.HasContent(music)</visible>
			<onclick>ActivateWindow(Music,Years,return)</onclick>
			<property name="path">ActivateWindow(Music,Years,return)</property>
			<property name="list">Years</property>
			<visible>String.IsEqual(System.ProfileName,Master user)</visible>
			<property name="group">music</property>
			<property name="isSubmenu">True</property>
			</item>
		<item id="7">
			<property name="id">$NUMBER[7]</property>
			<property name="mainmenuid">5</property>
			<label>$LOCALIZE[271]</label>
			<label2 />
			<icon>DefaultMusicTop100.png</icon>
			<thumb />
			<property name="labelID">271</property>
			<property name="defaultID">271</property>
			<visible>Library.HasContent(music)</visible>
			<onclick>ActivateWindow(Music,Top100,return)</onclick>
			<property name="path">ActivateWindow(Music,Top100,return)</property>
			<property name="list">Top100</property>
			<visible>String.IsEqual(System.ProfileName,Master user)</visible>
			<property name="group">music</property>
			<property name="isSubmenu">True</property>
			</item>
		<item id="8">
			<property name="id">$NUMBER[8]</property>
			<property name="mainmenuid">5</property>
			<label>$LOCALIZE[521]</label>
			<label2 />
			<icon>DefaultMusicCompilations.png</icon>
			<thumb />
			<property name="labelID">521</property>
			<property name="defaultID">521</property>
			<visible>Library.HasContent(music)</visible>
			<onclick>ActivateWindow(Music,Compilations,return)</onclick>
			<property name="path">ActivateWindow(Music,Compilations,return)</property>
			<property name="list">Compilations</property>
			<visible>String.IsEqual(System.ProfileName,Master user)</visible>
			<property name="group">music</property>
			<property name="isSubmenu">True</property>
			</item>
		<item id="9">
			<property name="id">$NUMBER[9]</property>
			<property name="mainmenuid">5</property>
			<label>$LOCALIZE[14022]</label>
			<label2 />
			<icon>icons/big/Media.png</icon>
			<thumb />
			<property name="labelID">14022</property>
			<property name="defaultID">14022</property>
			<visible>Library.HasContent(music)</visible>
			<onclick>ActivateWindow(Music,root)</onclick>
			<property name="path">ActivateWindow(Music,root)</property>
			<property name="list">root</property>
			<visible>String.IsEqual(System.ProfileName,Master user)</visible>
			<property name="group">music</property>
			<property name="isSubmenu">True</property>
			</item>
		</include>
	<include name="skinshortcuts-group-alt-music">
		<item id="1">
			<property name="id">$NUMBER[1]</property>
			<property name="mainmenuid">5</property>
			<label>$LOCALIZE[31210]</label>
			<label2 />
			<icon>DefaultMusicRecentlyAdded.png</icon>
			<thumb />
			<property name="labelID">31210</property>
			<property name="defaultID">31210</property>
			<visible>[Library.HasContent(music)] + String.IsEqual(Window(10000).Property(submenuVisibility),music)</visible>
			<onclick>ActivateWindow(Music,RecentlyAddedAlbums,return)</onclick>
			<property name="path">ActivateWindow(Music,RecentlyAddedAlbums,return)</property>
			<property name="list">RecentlyAddedAlbums</property>
			<visible>String.IsEqual(System.ProfileName,Master user)</visible>
			<property name="group">music</property>
			<property name="isSubmenu">True</property>
			</item>
		<item id="2">
			<property name="id">$NUMBER[2]</property>
			<property name="mainmenuid">5</property>
			<label>$LOCALIZE[132]</label>
			<label2 />
			<icon>DefaultMusicAlbums.png</icon>
			<thumb />
			<property name="labelID">132</property>
			<property name="defaultID">132</property>
			<visible>[Library.HasContent(music)] + String.IsEqual(Window(10000).Property(submenuVisibility),music)</visible>
			<onclick>ActivateWindow(Music,Albums,return)</onclick>
			<property name="path">ActivateWindow(Music,Albums,return)</property>
			<property name="list">Albums</property>
			<visible>String.IsEqual(System.ProfileName,Master user)</visible>
			<property name="group">music</property>
			<property name="isSubmenu">True</property>
			</item>
		<item id="3">
			<property name="id">$NUMBER[3]</property>
			<property name="mainmenuid">5</property>
			<label>$LOCALIZE[133]</label>
			<label2 />
			<icon>DefaultMusicArtists.png</icon>
			<thumb />
			<property name="labelID">133</property>
			<property name="defaultID">133</property>
			<visible>[Library.HasContent(music)] + String.IsEqual(Window(10000).Property(submenuVisibility),music)</visible>
			<onclick>ActivateWindow(Music,Artists,return)</onclick>
			<property name="path">ActivateWindow(Music,Artists,return)</property>
			<property name="list">Artists</property>
			<visible>String.IsEqual(System.ProfileName,Master user)</visible>
			<property name="group">music</property>
			<property name="isSubmenu">True</property>
			</item>
		<item id="4">
			<property name="id">$NUMBER[4]</property>
			<property name="mainmenuid">5</property>
			<label>$LOCALIZE[134]</label>
			<label2 />
			<icon>DefaultMusicSongs.png</icon>
			<thumb />
			<property name="labelID">134</property>
			<property name="defaultID">134</property>
			<visible>[Library.HasContent(music)] + String.IsEqual(Window(10000).Property(submenuVisibility),music)</visible>
			<onclick>ActivateWindow(Music,Songs,return)</onclick>
			<property name="path">ActivateWindow(Music,Songs,return)</property>
			<property name="list">Songs</property>
			<visible>String.IsEqual(System.ProfileName,Master user)</visible>
			<property name="group">music</property>
			<property name="isSubmenu">True</property>
			</item>
		<item id="5">
			<property name="id">$NUMBER[5]</property>
			<property name="mainmenuid">5</property>
			<label>$LOCALIZE[135]</label>
			<label2 />
			<icon>DefaultMusicGenres.png</icon>
			<thumb />
			<property name="labelID">135</property>
			<property name="defaultID">135</property>
			<visible>[Library.HasContent(music)] + String.IsEqual(Window(10000).Property(submenuVisibility),music)</visible>
			<onclick>ActivateWindow(Music,Genres,return)</onclick>
			<property name="path">ActivateWindow(Music,Genres,return)</property>
			<property name="list">Genres</property>
			<visible>String.IsEqual(System.ProfileName,Master user)</visible>
			<property name="group">music</property>
			<property name="isSubmenu">True</property>
			</item>
		<item id="6">
			<property name="id">$NUMBER[6]</property>
			<property name="mainmenuid">5</property>
			<label>$LOCALIZE[652]</label>
			<label2 />
			<icon>DefaultMusicYears.png</icon>
			<thumb />
			<property name="labelID">652</property>
			<property name="defaultID">652</property>
			<visible>[Library.HasContent(music)] + String.IsEqual(Window(10000).Property(submenuVisibility),music)</visible>
			<onclick>ActivateWindow(Music,Years,return)</onclick>
			<property name="path">ActivateWindow(Music,Years,return)</property>
			<property name="list">Years</property>
			<visible>String.IsEqual(System.ProfileName,Master user)</visible>
			<property name="group">music</property>
			<property name="isSubmenu">True</property>
			</item>
		<item id="7">
			<property name="id">$NUMBER[7]</property>
			<property name="mainmenuid">5</property>
			<label>$LOCALIZE[271]</label>
			<label2 />
			<icon>DefaultMusicTop100.png</icon>
			<thumb />
			<property name="labelID">271</property>
			<property name="defaultID">271</property>
			<visible>[Library.HasContent(music)] + String.IsEqual(Window(10000).Property(submenuVisibility),music)</visible>
			<onclick>ActivateWindow(Music,Top100,return)</onclick>
			<property name="path">ActivateWindow(Music,Top100,return)</property>
			<property name="list">Top100</property>
			<visible>String.IsEqual(System.ProfileName,Master user)</visible>
			<property name="group">music</property>
			<property name="isSubmenu">True</property>
			</item>
		<item id="8">
			<property name="id">$NUMBER[8]</property>
			<property name="mainmenuid">5</property>
			<label>$LOCALIZE[521]</label>
			<label2 />
			<icon>DefaultMusicCompilations.png</icon>
			<thumb />
			<property name="labelID">521</property>
			<property name="defaultID">521</property>
			<visible>[Library.HasContent(music)] + String.IsEqual(Window(10000).Property(submenuVisibility),music)</visible>
			<onclick>ActivateWindow(Music,Compilations,return)</onclick>
			<property name="path">ActivateWindow(Music,Compilations,return)</property>
			<property name="list">Compilations</property>
			<visible>String.IsEqual(System.ProfileName,Master user)</visible>
			<property name="group">music</property>
			<property name="isSubmenu">True</property>
			</item>
		<item id="9">
			<property name="id">$NUMBER[9]</property>
			<property name="mainmenuid">5</property>
			<label>$LOCALIZE[14022]</label>
			<label2 />
			<icon>icons/big/Media.png</icon>
			<thumb />
			<property name="labelID">14022</property>
			<property name="defaultID">14022</property>
			<visible>[Library.HasContent(music)] + String.IsEqual(Window(10000).Property(submenuVisibility),music)</visible>
			<onclick>ActivateWindow(Music,root)</onclick>
			<property name="path">ActivateWindow(Music,root)</property>
			<property name="list">root</property>
			<visible>String.IsEqual(System.ProfileName,Master user)</visible>
			<property name="group">music</property>
			<property name="isSubmenu">True</property>
			</item>
		</include>
	<include name="skinshortcuts-group-settings">
		<description>No items</description>
		</include>
	<include name="skinshortcuts-group-alt-settings">
		<description>No items</description>
		</include>
	</includes>
