<?xml version="1.0" encoding="UTF-8"?>
<window  id="106">
  <defaultcontrol always="true">996</defaultcontrol>
	<onunload condition="![Window.IsVisible(Favourites) + !String.IsEqual(Window(home).Property(Resume),true)]">ClearProperty(Resume,Home)</onunload>
  <include condition="!Window.IsVisible(filemanager) + !Window.IsVisible(musicplaylisteditor) + !Window.IsVisible(pvrchannelmanager) + !Window.IsVisible(LockSettings) + !Window.IsVisible(Favourites)">ContextCoordinates</include>

	<controls>

  <!-- Content Info -->
	<include condition="!Window.IsVisible(filemanager) + !Window.IsVisible(musicplaylisteditor) + !Window.IsVisible(pvrchannelmanager) + !Window.IsVisible(LockSettings) + !Window.IsVisible(Favourites)">ContextMenuContentInfo</include>

  <!-- Context Menus -->
  <include condition="Window.IsVisible(filemanager) | Window.IsVisible(musicplaylisteditor) | Window.IsVisible(pvrchannelmanager) | Window.IsVisible(LockSettings) | Window.IsVisible(Favourites)">ContextMenuDefualt</include>
  <include condition="!Window.IsVisible(filemanager) + !Window.IsVisible(musicplaylisteditor) + !Window.IsVisible(pvrchannelmanager) + !Window.IsVisible(LockSettings) + !Window.IsVisible(Favourites)">ContextMenuOnTopLeft</include>

	</controls>
</window>
