<?xml version="1.0" encoding="UTF-8"?>
<includes>

	<!-- ======================== -->
	<!-- ==== List View "50" ==== -->
	<!-- ======================== -->
	<include name="ListView_Addons">

		<control type="group">
			<visible>Control.IsVisible(50)</visible>
			<visible>Window.IsVisible(AddonBrowser) | Window.IsVisible(Programs) | Container.Content(Addons)</visible>
			<include>CommonViews_VerticalAnimation</include>

			<!-- ==== Thumb/Fanart/Info ==== -->
			<control type="group">
				<visible>!String.IsEmpty(ListItem.AddonName) + !ListItem.IsParentFolder</visible>
				<include>ListView_ThumbAndFanart</include>
			</control>

			<!-- ==== Thumb ==== -->
			<control type="group">
				<visible>String.IsEmpty(ListItem.AddonName)</visible>
				<include>ListView_Thumb</include>
			</control>

			<!-- ==== Main List ==== -->
			<control type="group">
				<control type="list" id="50">
					<include>ListViewVars</include>
					<itemlayout height="45" width="710">
						<control type="label">
							<left>12</left>
							<top>0</top>
							<width>55</width>
							<height>48</height>
							<font>FontSize_22</font>
							<textcolor>viewsinfo</textcolor>
							<shadowcolor>77000000</shadowcolor>
							<align>center</align>
							<label>․  ․  ․</label>
							<visible>!ListItem.IsParentFolder</visible>
						</control>
						<control type="label">
							<left>95</left>
							<top>0</top>
							<width>455</width>
							<height>44</height>
							<font>FontSize_22</font>
							<textcolor>viewsinfo</textcolor>
							<shadowcolor>77000000</shadowcolor>
							<align>left</align>
							<label>$INFO[ListItem.Label]</label>
						</control>
						<control type="label">
							<left>284</left>
							<top>0</top>
							<width>300</width>
							<height>44</height>
							<font>FontSize_22</font>
							<textcolor>viewsinfo</textcolor>
							<shadowcolor>77000000</shadowcolor>
							<align>right</align>
							<label fallback="․  ․  ․">[COLOR=$VAR[AddonStateColor]]$VAR[AddonsLabel2][/COLOR]</label>
							<visible>!ListItem.IsParentFolder</visible>
						</control>
					</itemlayout>
					<focusedlayout height="45" width="710">
						<control type="group">
							<include>ListFocusAnimation</include>
							<control type="label">
								<left>7</left>
								<top>0</top>
								<width>65</width>
								<height>47</height>
								<font>FontSize_22</font>
								<textcolor>white</textcolor>
								<shadowcolor>77000000</shadowcolor>
								<align>center</align>
								<label>҈  ҈  ҈</label>
								<visible>!ListItem.IsParentFolder</visible>
							</control>
							<control type="label">
								<left>95</left>
								<top>0</top>
								<width>455</width>
								<height>44</height>
								<font>FontSize_22</font>
								<textcolor>white</textcolor>
								<shadowcolor>77000000</shadowcolor>
								<align>left</align>
								<label>$INFO[ListItem.Label]</label>
							</control>
							<control type="label">
								<left>284</left>
								<top>0</top>
								<width>300</width>
								<height>44</height>
								<font>FontSize_22</font>
								<textcolor>white</textcolor>
								<shadowcolor>77000000</shadowcolor>
								<align>right</align>
								<label fallback="․  ․  ․">[COLOR=$VAR[AddonStateColor]]$VAR[AddonsLabel2][/COLOR]</label>
								<visible>!ListItem.IsParentFolder</visible>
							</control>
						</control>
					</focusedlayout>
				</control>
				<include>ListView_Scrollbar</include>
				<include>ListView_Arrows</include>
			</control>
		</control>
	</include>


	<!-- ========================== -->
	<!-- ==== Bello View "660" ==== -->
	<!-- ========================== -->
	<include name="BelloView_Generic">
		<control type="image">
			<top>48</top>
			<include>FullscreenDimensions</include>
			<texture background="true">windows/home/menu_overlay.png</texture>
			<include>HomeMenu_OpenCloseSlideAnimation</include>
			<visible>$EXP[ContainerIsUpdating]</visible>
			<visible>Control.IsVisible(660) + !String.IsEmpty(ListItem.Label)</visible>
		</control>
		<control type="group">
			<visible>Control.IsVisible(660)</visible>
			<include>OpenCloseSlideAnimationTwo</include>
			<control type="fixedlist" id="660">
				<left>45</left>
				<top>262</top>
				<width>1189</width>
				<height>256</height>
				<onleft>660</onleft>
				<onright>660</onright>
				<onup>9111</onup>
				<ondown>60660</ondown>
				<oninfo condition="Container.Content(Directors)">RunScript(plugin.video.themoviedb.helper,add_query=$INFO[ListItem.Label],type=person,call_auto=1130,return)</oninfo>
				<!-- <movement>7</movement> -->
				<preloaditems>4</preloaditems>
				<orientation>horizontal</orientation>
				<viewtype label="Bello">List</viewtype>
				<pagecontrol>60660</pagecontrol>
				<scrolltime tween="quadratic" easing="out">300</scrolltime>
				<animation effect="slide" start="0,0" end="0,-46" condition="String.IsEqual(Skin.String(BelloGenericAspectRatioThumbs),2) + $EXP[GenericVideoFilesCondition] + !Container.Content(Addons)">Conditional</animation>
				<animation effect="slide" start="0,0" end="0,21" condition="String.IsEqual(Skin.String(BelloGenericAspectRatioThumbs),3) + $EXP[GenericVideoFilesCondition] + !Container.Content(Addons)">Conditional</animation>
				<animation effect="slide" start="0,0" end="0,21" condition="Container.Content(Images) + !Container.Content(Addons)">Conditional</animation>
				<visible>$EXP[BelloViewGeneric_660]</visible>

				<itemlayout condition="String.IsEqual(Skin.String(BelloGenericAspectRatioThumbs),1) + $EXP[GenericVideoFilesCondition] + ![Container.Content(Images) | String.IsEqual(Container.FolderPath,videodb://movies/genres/) | String.IsEqual(Container.FolderPath,videodb://tvshows/genres/) | String.IsEqual(Container.FolderPath,musicdb://genres/) | String.IsEqual(Container.FolderPath,videodb://musicvideos/genres/)]" height="256" width="199.5">
					<include content="HomeWidgets_Icon">
						<param name="art_type" value="$VAR[HomeWidgetsIcons]"/>
					</include>
				</itemlayout>
				<itemlayout condition="String.IsEqual(Skin.String(BelloGenericAspectRatioThumbs),2) + $EXP[GenericVideoFilesCondition] + ![Container.Content(Addons) | String.IsEqual(Container.FolderPath,videodb://movies/genres/) | String.IsEqual(Container.FolderPath,videodb://tvshows/genres/) | String.IsEqual(Container.FolderPath,musicdb://genres/) | String.IsEqual(Container.FolderPath,videodb://musicvideos/genres/)]" width="171">
					<include>HomeWidgets_Poster_ItemLayout</include>
				</itemlayout>
				<itemlayout condition="String.IsEqual(Skin.String(BelloGenericAspectRatioThumbs),3) + $EXP[GenericVideoFilesCondition] + ![Container.Content(Addons) | String.IsEqual(Container.FolderPath,videodb://movies/genres/) | String.IsEqual(Container.FolderPath,videodb://tvshows/genres/) | String.IsEqual(Container.FolderPath,musicdb://genres/) | String.IsEqual(Container.FolderPath,videodb://musicvideos/genres/)]" width="299">
					<include>HomeWidgets_Landscape_ItemLayout</include>
				</itemlayout>
				<itemlayout condition="Container.Content(Images)" width="299">
					<include>HomeWidgets_Landscape_ItemLayout</include>
				</itemlayout>
				<itemlayout condition="String.IsEqual(Container.FolderPath,videodb://movies/genres/) | String.IsEqual(Container.FolderPath,videodb://tvshows/genres/)" width="199.5">
					<include content="HomeWidgets_Icon">
						<param name="art_type" value="$VAR[ThumbnailsThumbs]"/>
						<param name="fallback" value="DefaultGenre.png"/>
					</include>
				</itemlayout>
				<itemlayout condition="String.IsEqual(Container.FolderPath,musicdb://genres/) | String.IsEqual(Container.FolderPath,videodb://musicvideos/genres/)" height="256" width="199.5">
					<include content="HomeWidgets_Icon">
						<param name="art_type" value="$VAR[ThumbnailsThumbs]"/>
						<param name="fallback" value="DefaultMusicGenres.png"/>
					</include>
				</itemlayout>

				<focusedlayout condition="String.IsEqual(Skin.String(BelloGenericAspectRatioThumbs),1) + $EXP[GenericVideoFilesCondition] + ![Container.Content(Images) | String.IsEqual(Container.FolderPath,videodb://movies/genres/) | String.IsEqual(Container.FolderPath,videodb://tvshows/genres/) | String.IsEqual(Container.FolderPath,musicdb://genres/) | String.IsEqual(Container.FolderPath,videodb://musicvideos/genres/)]" height="256" width="199.5">
					<include content="HomeWidgets_Icon">
						<param name="art_type" value="$VAR[HomeWidgetsIcons]"/>
						<param name="colordiffuse" value="$VAR[ColorDiffuseThumbs]"/>
					</include>
					<include>HomeWidgets_FocusTexture</include>
				</focusedlayout>
				<focusedlayout condition="String.IsEqual(Skin.String(BelloGenericAspectRatioThumbs),2) + $EXP[GenericVideoFilesCondition] + ![Container.Content(Addons) | String.IsEqual(Container.FolderPath,videodb://movies/genres/) | String.IsEqual(Container.FolderPath,videodb://tvshows/genres/) | String.IsEqual(Container.FolderPath,musicdb://genres/) | String.IsEqual(Container.FolderPath,videodb://musicvideos/genres/)]" width="171">
					<include>HomeWidgets_Poster_Focusedlayout</include>
				</focusedlayout>
				<focusedlayout condition="String.IsEqual(Skin.String(BelloGenericAspectRatioThumbs),3) + $EXP[GenericVideoFilesCondition] + ![Container.Content(Addons) | String.IsEqual(Container.FolderPath,videodb://movies/genres/) | String.IsEqual(Container.FolderPath,videodb://tvshows/genres/) | String.IsEqual(Container.FolderPath,musicdb://genres/) | String.IsEqual(Container.FolderPath,videodb://musicvideos/genres/)]" width="299">
					<include>HomeWidgets_Landscape_Focusedlayout</include>
				</focusedlayout>
				<focusedlayout condition="Container.Content(Images)" width="299">
					<include>HomeWidgets_Landscape_Focusedlayout</include>
				</focusedlayout>
				<focusedlayout condition="String.IsEqual(Container.FolderPath,videodb://movies/genres/) | String.IsEqual(Container.FolderPath,videodb://tvshows/genres/)" width="199.5">
					<include content="HomeWidgets_Icon">
						<param name="art_type" value="$VAR[ThumbnailsThumbs]"/>
						<param name="fallback" value="DefaultGenre.png"/>
						<param name="colordiffuse" value="$VAR[ColorDiffuseThumbs]"/>
					</include>
					<include>HomeWidgets_FocusTexture</include>
				</focusedlayout>
				<focusedlayout condition="String.IsEqual(Container.FolderPath,musicdb://genres/) | String.IsEqual(Container.FolderPath,videodb://musicvideos/genres/)" height="256" width="199.5">
					<include content="HomeWidgets_Icon">
						<param name="art_type" value="$VAR[ThumbnailsThumbs]"/>
						<param name="fallback" value="DefaultMusicGenres.png"/>
						<param name="colordiffuse" value="$VAR[ColorDiffuseThumbs]"/>
					</include>
					<include>HomeWidgets_FocusTexture</include>
				</focusedlayout>
			</control>

			<!-- Navigation Arrows -->
			<control type="group">
				<left>-4</left>
				<top>332</top>
				<animation effect="slide" start="0,0" end="0,-5" condition="String.IsEqual(Skin.String(BelloGenericAspectRatioThumbs),2) + $EXP[GenericVideoFilesCondition] + !Container.Content(Addons)">Conditional</animation>
				<animation effect="slide" start="0,0" end="0,11" condition="String.IsEqual(Skin.String(BelloGenericAspectRatioThumbs),3) + $EXP[GenericVideoFilesCondition] + !Container.Content(Addons)">Conditional</animation>
				<animation effect="slide" start="0,0" end="0,11" condition="Container.Content(Images) + !Container.Content(Addons)">Conditional</animation>
				<control type="image">
					<left>0</left>
					<include>WidgetsArrow_Left</include>
					<visible>Container(660).HasPrevious</visible>
				</control>
				<control type="image">
					<left>1236</left>
					<include>WidgetsArrow_Right</include>
					<visible>Container(660).HasNext</visible>
				</control>
			</control>
			<control type="scrollbar" id="60660">
				<left>45</left>
				<top>458</top>
				<width>1189</width>
				<height>6</height>
				<texturesliderbackground></texturesliderbackground>
				<texturesliderbar border="14,0,14,0">views/scrollbar/scrollbar_horizontal.png</texturesliderbar>
				<texturesliderbarfocus border="14,0,14,0">views/scrollbar/scrollbar_horizontal.png</texturesliderbarfocus>
				<textureslidernib></textureslidernib>
				<textureslidernibfocus></textureslidernibfocus>
				<onup>660</onup>
				<ondown>9555</ondown>
				<showonepage>false</showonepage>
				<orientation>horizontal</orientation>
				<animation effect="fade" start="100" end="0" time="250" condition="!Control.HasFocus(60660) + !Container.Scrolling">Conditional</animation>
			</control>
		</control>
		<control type="group">
			<left>45</left>
			<top>480</top>
			<visible>Control.IsVisible(660)</visible>
			<include>HomeMenu_OpenCloseSlideAnimation</include>
			<control type="label">
				<left>0</left>
				<top>0</top>
				<height>30</height>
				<width>1190</width>
				<font>FontSize_36</font>
				<textcolor>white</textcolor>
				<shadowcolor>99000000</shadowcolor>
				<align>left</align>
				<aligny>center</aligny>
				<label>$VAR[MusicLabel]</label>
			</control>
			<control type="label">
				<left>0</left>
				<top>33</top>
				<height>25</height>
				<width>1190</width>
				<font>FontSize_22</font>
				<textcolor>$VAR[AddonStateColor]</textcolor>
				<align>left</align>
				<aligny>center</aligny>
				<label>$VAR[MusicLabel2]</label>
			</control>
			<!-- Plot Info -->
			<control type="group">
				<top>80</top>
				<animation effect="slide" start="0,0" end="0,-25" condition="String.IsEmpty(Control.GetLabel(63))">Conditional</animation>
				<control type="label" id="63">
					<top>0</top>
					<height>25</height>
					<width>1190</width>
					<textcolor>viewsinfo</textcolor>
					<shadowcolor>77000000</shadowcolor>
					<font>FontSize_20B</font>
					<scrollspeed>30</scrollspeed>
					<align>left</align>
					<label>$VAR[BannersListMusicBottomLabel]</label>
				</control>
				<control type="textbox">
					<top>25</top>
					<width>1190</width>
					<height>50</height>
					<font>TextboxFont_20</font>
					<textcolor>viewsinfo</textcolor>
					<shadowcolor>77000000</shadowcolor>
					<align>left</align>
					<autoscroll delay="8000" time="2000" repeat="8000">Skin.HasSetting(AutoScroll)</autoscroll>
					<label>$VAR[GlobalPlotDescription]</label>
				</control>
			</control>
		</control>
	</include>


	<!-- ====================================== -->
	<!-- ==== Thumbnails View Generic "56" ==== -->
	<!-- ====================================== -->
	<include name="ThumbnailsView_Generic">
		<control type="group">
			<visible>Control.IsVisible(56)</visible>
			<include>CommonViews_VerticalAnimation</include>
			<control type="panel" id="56">
				<left>45</left>
				<top>105</top>
				<width>1210</width>
				<height>544</height>
				<onleft>9111</onleft>
				<onright>6056</onright>
				<onup>56</onup>
				<ondown>56</ondown>
				<oninfo condition="Container.Content(Directors)">RunScript(plugin.video.themoviedb.helper,add_query=$INFO[ListItem.Label],type=person,call_auto=1130,return)</oninfo>
				<orientation>vertical</orientation>
				<pagecontrol>6056</pagecontrol>
				<preloaditems>6</preloaditems>
				<viewtype label="31085">Icons</viewtype>
				<scrolltime tween="Quadratic" easing="out">350</scrolltime>
				<visible>$EXP[ThumbnailsViewGeneric_56]</visible>
				<itemlayout height="272" width="242">
					<control type="image">
						<left>0</left>
						<top>0</top>
						<width>222</width>
						<height>252</height>
						<aspectratio align="center" aligny="center">stretch</aspectratio>
						<texture border="30">views/other/panel.png</texture>
					</control>
					<control type="image">
						<left>8</left>
						<top>206</top>
						<width>206</width>
						<height>1</height>
						<texture border="1">dialogs/other/header_line.png</texture>
					</control>
					<control type="image">
						<left>0</left>
						<top>0</top>
						<width>222</width>
						<height>210</height>
						<aspectratio align="center" aligny="center">scale</aspectratio>
						<texture background="true">$VAR[HomeWidgetsIcons]</texture>
						<bordersize>ThumbsBorderSize</bordersize>
						<visible>!String.Contains(ListItem.FolderPath,/studios/)</visible>
					</control>
					<control type="image">
						<left>20</left>
						<top>20</top>
						<width>182</width>
						<height>170</height>
						<aspectratio align="center" aligny="center">keep</aspectratio>
						<texture background="true" fallback="DefaultStudios.png">$VAR[HomeWidgetsIcons]</texture>
						<bordersize>ThumbsBorderSize</bordersize>
						<visible>String.Contains(ListItem.FolderPath,/studios/)</visible>
					</control>
					<control type="label">
						<left>5</left>
						<top>220</top>
						<width>212</width>
						<height>20</height>
						<textcolor>white</textcolor>
						<shadowcolor>99000000</shadowcolor>
						<font>FontSize_20</font>
						<scroll>false</scroll>
						<align>center</align>
						<label>$INFO[ListItem.Label]</label>
					</control>
				</itemlayout>
				<focusedlayout height="272" width="242">
					<control type="image">
						<left>0</left>
						<top>0</top>
						<width>222</width>
						<height>252</height>
						<aspectratio align="center" aligny="center">stretch</aspectratio>
						<texture border="30">views/other/panel.png</texture>
					</control>
					<control type="image">
						<left>8</left>
						<top>206</top>
						<width>206</width>
						<height>1</height>
						<texture border="1">dialogs/other/header_line.png</texture>
					</control>
					<control type="image">
						<left>0</left>
						<top>0</top>
						<width>222</width>
						<height>210</height>
						<colordiffuse>$VAR[ColorDiffuseThumbs]</colordiffuse>
						<aspectratio align="center" aligny="center">scale</aspectratio>
						<texture background="true">$VAR[HomeWidgetsIcons]</texture>
						<bordersize>ThumbsBorderSize</bordersize>
						<visible>!String.Contains(ListItem.FolderPath,/studios/)</visible>
					</control>
					<control type="image">
						<left>20</left>
						<top>20</top>
						<width>182</width>
						<height>170</height>
						<aspectratio align="center" aligny="center">keep</aspectratio>
						<texture background="true" fallback="DefaultStudios.png">$VAR[HomeWidgetsIcons]</texture>
						<bordersize>ThumbsBorderSize</bordersize>
						<visible>String.Contains(ListItem.FolderPath,/studios/)</visible>
					</control>
					<control type="label">
						<left>5</left>
						<top>220</top>
						<width>212</width>
						<height>20</height>
						<textcolor>$VAR[ColorDiffuseThumbs]</textcolor>
						<shadowcolor>99000000</shadowcolor>
						<font>FontSize_20</font>
						<scrollspeed>35</scrollspeed>
						<align>center</align>
						<label>$INFO[ListItem.Label]</label>
						<visible>!String.Contains(ListItem.FolderPath,/studios/)</visible>
					</control>
					<control type="label">
						<left>5</left>
						<top>220</top>
						<width>212</width>
						<height>20</height>
						<textcolor>white</textcolor>
						<shadowcolor>99000000</shadowcolor>
						<font>FontSize_20</font>
						<scrollspeed>35</scrollspeed>
						<align>center</align>
						<label>$INFO[ListItem.Label]</label>
						<visible>String.Contains(ListItem.FolderPath,/studios/)</visible>
					</control>
					<control type="image">
						<left>0</left>
						<top>0</top>
						<width>222</width>
						<height>252</height>
						<colordiffuse>$VAR[Textures.GlobalColor]</colordiffuse>
						<texture border="30">views/other/focus_panel.png</texture>
						<include>ThumbnailsFocusAnimation</include>
					</control>
				</focusedlayout>
			</control>
			<control type="scrollbar" id="6056">
				<right>30</right>
				<top>100</top>
				<width>6</width>
				<height>518</height>
				<texturesliderbackground></texturesliderbackground>
				<texturesliderbar border="0,14,0,14">views/scrollbar/scrollbar.png</texturesliderbar>
				<texturesliderbarfocus border="0,14,0,14">views/scrollbar/scrollbar.png</texturesliderbarfocus>
				<textureslidernib></textureslidernib>
				<textureslidernibfocus></textureslidernibfocus>
				<onleft>56</onleft>
				<onright>9111</onright>
				<showonepage>false</showonepage>
				<orientation>vertical</orientation>
				<animation effect="fade" start="100" end="0" time="250" condition="!Control.HasFocus(6056) + !Container.Scrolling">Conditional</animation>
				<visible>Control.IsVisible(56)</visible>
			</control>
		</control>
	</include>


	<!-- ====================================== -->
	<!-- ==== Thumbnails View Addons "563" ==== -->
	<!-- ====================================== -->
	<include name="ThumbnailsView_Addons">
		<control type="group">
			<visible>Control.IsVisible(563)</visible>
			<include>CommonViews_VerticalAnimation</include>
			<control type="panel" id="563">
				<include>Thumbnails_PanelVars</include>
				<visible>$EXP[ThumbnailsViewAddons_563]</visible>
				<itemlayout condition="!Skin.HasSetting(ShowSmallAddonsThumbs)" height="242" width="239.5">
					<include>ThumbnailsBig_ItemLayout</include>
				</itemlayout>
				<itemlayout condition="Skin.HasSetting(ShowSmallAddonsThumbs)" height="161" width="171">
					<include>ThumbnailsSmall_ItemLayout</include>
				</itemlayout>
				<focusedlayout condition="!Skin.HasSetting(ShowSmallAddonsThumbs)" height="242" width="239.5">
					<include>ThumbnailsBig_FocusedLayout</include>
				</focusedlayout>
				<focusedlayout condition="Skin.HasSetting(ShowSmallAddonsThumbs)" height="161" width="171">
					<include>ThumbnailsSamll_FocusedLayout</include>
				</focusedlayout>
			</control>
			<include content="VideoInfoSeperator">
				<param name="left" value="45"/>
				<param name="top" value="597"/>
				<param name="width" value="1190"/>
				<param name="visible" value="Control.IsVisible(563) + !ListItem.IsParentFolder"/>
			</include>
			<control type="button">
				<left>47</left>
				<top>614</top>
				<width>1185</width>
				<font>FontSize_22B</font>
				<textcolor>bbwhite</textcolor>
				<shadowcolor>77000000</shadowcolor>
				<include>HiddenItem</include>
				<label>$INFO[ListItem.Label]</label>
				<label2>[COLOR=$VAR[AddonStateColor]]$VAR[AddonsLabel2][/COLOR]</label2>
				<visible>!ListItem.IsParentFolder</visible>
			</control>
			<include content="VideoInfoSeperator">
				<param name="left" value="45"/>
				<param name="top" value="633"/>
				<param name="width" value="1190"/>
				<param name="visible" value="Control.IsVisible(563) + !ListItem.IsParentFolder"/>
			</include>
			<include>Thumbnails_Scrollbar</include>
		</control>
	</include>

</includes>
