<?xml version="1.0" encoding="UTF-8"?>
<includes>

	<!-- ======================== -->
	<!-- ==== List View "50" ==== -->
	<!-- ======================== -->

	<include name="ListView_Pictures">
		<control type="group">
			<visible>Control.IsVisible(50)</visible>
			<include>CommonViews_VerticalAnimation</include>

			<!-- ==== Thumb/Info for Pictures ==== -->
			<control type="group">
				<left>413</left>
				<top>-77</top>
				<visible>Container.HasFiles + !String.IsEmpty(ListItem.FileName)</visible>
				<visible>!Container.Content(addons)</visible>
				<control type="image">
					<width>1082</width>
					<height>850</height>
					<texture background="true" border="1" colordiffuse="$VAR[Textures.GlobalColor]">views/list/shine.png</texture>
					<visible>![Skin.Hassetting(DisablePicturesListView_PosterGlow) + Window.IsVisible(MyPics.xml) + Container.HasFiles]</visible>
				</control>
				<control type="image">
					<left>213</left>
					<top>214</top>
					<width>630</width>
					<height>420</height>
					<texture background="true" border="31">views/other/panel.png</texture>
					<bordersize>21</bordersize>
				</control>
				<control type="image">
					<left>239</left>
					<top>240</top>
					<width>578</width>
					<height>320</height>
					<fadetime>100</fadetime>
					<aspectratio align="center" aligny="top">scale</aspectratio>
					<texture background="true" fallback="thumbs/fallback_fanart_tp.png">$INFO[ListItem.FileNameAndPath]</texture>
					<bordertexture border="6">thumbs/thumb_border.png</bordertexture>
					<bordersize>6</bordersize>
				</control>
				<control type="group">
					<left>460</left>
					<top>530</top>
					<include>CameraLogosFlags</include>
				</control>
				<control type="grouplist">
					<left>235</left>
					<top>624</top>
					<width>585</width>
					<height>200</height>
					<orientation>horizontal</orientation>
					<control type="label">
						<height min="0" max="44">auto</height>
						<width>200</width>
						<label>$VAR[ListViewInfoRow1]</label>
						<font>TextboxFont_18</font>
						<textcolor>viewsinfo</textcolor>
						<shadowcolor>77000000</shadowcolor>
					</control>
					<control type="label">
						<height min="0" max="44">auto</height>
						<width>160</width>
						<label>$VAR[ListViewInfoRow2]</label>
						<font>TextboxFont_18</font>
						<textcolor>viewsinfo</textcolor>
						<shadowcolor>77000000</shadowcolor>
					</control>
					<control type="label">
						<height min="0" max="44">auto</height>
						<width>225</width>
						<label>$VAR[ListViewInfoRow3]</label>
						<font>TextboxFont_18</font>
						<textcolor>viewsinfo</textcolor>
						<shadowcolor>77000000</shadowcolor>
					</control>
				</control>
			</control>

			<!-- ==== Thumb/Fanart/Info ==== -->
			<control type="group">
				<visible>Container.Content(Addons) + !String.IsEmpty(ListItem.AddonName)</visible>
				<include>ListView_ThumbAndFanart</include>
			</control>

			<!-- ==== Thumb ==== -->
			<control type="group">
				<visible>!Container.HasFiles | String.IsEmpty(ListItem.FileName)</visible>
				<visible>!Container.Content(addons)</visible>
				<include>ListView_Thumb</include>
			</control>
			<control type="group">
				<visible>Container.Content(Addons) + String.IsEmpty(ListItem.AddonName)</visible>
				<include>ListView_Thumb</include>
			</control>

			<!-- ==== List ==== -->
			<control type="group">
				<control type="list" id="50">
					<include>ListViewVars</include>
					<itemlayout height="45" width="710" condition="!Container.Content(addons)">
						<control type="label">
							<left>12</left>
							<top>0</top>
							<width>55</width>
							<height>48</height>
							<font>FontSize_22</font>
							<textcolor>viewsinfo</textcolor>
							<shadowcolor>77000000</shadowcolor>
							<selectedcolor>$VAR[Text.GlobalColor]</selectedcolor>
							<align>center</align>
							<label>․  ․  ․</label>
							<visible>!ListItem.IsParentFolder</visible>
						</control>
						<control type="label">
							<left>95</left>
							<top>0</top>
							<width>535</width>
							<height>45</height>
							<font>FontSize_22</font>
							<textcolor>viewsinfo</textcolor>
							<shadowcolor>77000000</shadowcolor>
							<selectedcolor>$VAR[Text.GlobalColor]</selectedcolor>
							<align>left</align>
							<label>$INFO[ListItem.Label]</label>
						</control>
						<control type="label">
							<left>300</left>
							<top>0</top>
							<width>300</width>
							<height>45</height>
							<font>FontSize_20</font>
							<textcolor>viewsinfo</textcolor>
							<shadowcolor>77000000</shadowcolor>
							<selectedcolor>$VAR[Text.GlobalColor]</selectedcolor>
							<align>right</align>
							<label fallback="․  ․  ․">$INFO[ListItem.Label2]</label>
							<visible>!ListItem.IsParentFolder</visible>
						</control>
					</itemlayout>
					<focusedlayout height="45" width="710" condition="!Container.Content(addons)">
						<control type="group">
							<include>ListFocusAnimation</include>
							<control type="label">
								<left>7</left>
								<top>0</top>
								<width>65</width>
								<height>47</height>
								<font>FontSize_22</font>
								<textcolor>white</textcolor>
								<shadowcolor>77000000</shadowcolor>
								<align>center</align>
								<aligny>center</aligny>
								<label>҈  ҈  ҈</label>
								<visible>!ListItem.IsParentFolder</visible>
							</control>
							<control type="label">
								<left>95</left>
								<top>10</top>
								<width>535</width>
								<height>25</height>
								<font>FontSize_22</font>
								<textcolor>white</textcolor>
								<shadowcolor>77000000</shadowcolor>
								<align>left</align>
								<aligny>center</aligny>
								<scroll>true</scroll>
								<label>$INFO[ListItem.Label]</label>
							</control>
							<control type="label">
								<left>300</left>
								<top>10</top>
								<width>300</width>
								<height>25</height>
								<font>FontSize_20</font>
								<textcolor>white</textcolor>
								<shadowcolor>77000000</shadowcolor>
								<align>right</align>
								<aligny>center</aligny>
								<label fallback="․  ․  ․">$INFO[ListItem.Label2]</label>
								<visible>!ListItem.IsParentFolder</visible>
							</control>
						</control>
					</focusedlayout>
					<itemlayout height="45" width="710" condition="Container.Content(Addons)">
						<control type="label">
							<left>12</left>
							<top>0</top>
							<width>55</width>
							<height>45</height>
							<font>FontSize_22</font>
							<textcolor>viewsinfo</textcolor>
							<shadowcolor>77000000</shadowcolor>
							<selectedcolor>$VAR[Text.GlobalColor]</selectedcolor>
							<align>center</align>
							<aligny>center</aligny>
							<label>․  ․  ․</label>
							<visible>!ListItem.IsParentFolder</visible>
						</control>
						<control type="label">
							<left>95</left>
							<top>0</top>
							<width>455</width>
							<height>45</height>
							<font>FontSize_22</font>
							<textcolor>viewsinfo</textcolor>
							<shadowcolor>77000000</shadowcolor>
							<selectedcolor>$VAR[Text.GlobalColor]</selectedcolor>
							<align>left</align>
							<aligny>center</aligny>
							<label>$INFO[ListItem.Label]</label>
						</control>
						<control type="label">
							<left>285</left>
							<top>0</top>
							<width>300</width>
							<height>45</height>
							<font>FontSize_22</font>
							<textcolor>viewsinfo</textcolor>
							<shadowcolor>77000000</shadowcolor>
							<selectedcolor>$VAR[Text.GlobalColor]</selectedcolor>
							<align>right</align>
							<aligny>center</aligny>
							<label fallback="․  ․  ․">$VAR[AddonsLabel2]</label>
							<visible>!ListItem.IsParentFolder</visible>
						</control>
					</itemlayout>
					<focusedlayout height="45" width="710" condition="Container.Content(Addons)">
						<control type="group">
							<include>ListFocusAnimation</include>
							<control type="label">
								<left>7</left>
								<top>10</top>
								<width>65</width>
								<height>25</height>
								<font>FontSize_22</font>
								<textcolor>white</textcolor>
								<shadowcolor>77000000</shadowcolor>
								<align>center</align>
								<aligny>center</aligny>
								<label>҈  ҈  ҈</label>
								<visible>!ListItem.IsParentFolder</visible>
							</control>
							<control type="label">
								<left>95</left>
								<top>10</top>
								<width>455</width>
								<height>25</height>
								<font>FontSize_22</font>
								<textcolor>white</textcolor>
								<shadowcolor>77000000</shadowcolor>
								<align>left</align>
								<aligny>center</aligny>
								<scroll>true</scroll>
								<label>$INFO[ListItem.Label]</label>
							</control>
							<control type="label">
								<left>285</left>
								<top>10</top>
								<width>300</width>
								<height>25</height>
								<font>FontSize_22</font>
								<textcolor>white</textcolor>
								<shadowcolor>77000000</shadowcolor>
								<align>right</align>
								<aligny>center</aligny>
								<label fallback="․  ․  ․">$VAR[AddonsLabel2]</label>
								<visible>!ListItem.IsParentFolder</visible>
							</control>
						</control>
					</focusedlayout>
				</control>
				<include>ListView_Scrollbar</include>
				<include>ListView_Arrows</include>
			</control>
		</control>
	</include>


	<!-- =========================== -->
	<!-- ==== Gallery View "52" ==== -->
	<!-- =========================== -->

	<include name="GalleryView_Pictures">
		<control type="group">
			<visible>Control.IsVisible(52)</visible>
			<include>CommonViews_HorizontalAnimation</include>
			<control type="image">
				<include>FullscreenDimensions</include>
				<texture background="true">views/gallery/top_bottom_shadows.png</texture>
			</control>
			<control type="image">
				<left>-300</left>
				<top>116</top>
				<width>1880</width>
				<height>492</height>
				<aspectratio>stretch</aspectratio>
				<texture background="true" border="39">views/other/panel.png</texture>
				<bordersize>41</bordersize>
			</control>
			<control type="wraplist" id="52">
				<left>-34</left>
				<top>172</top>
				<width>1900</width>
				<height>800</height>
				<onleft>52</onleft>
				<onright>52</onright>
				<onup>9000</onup>
				<ondown>6052</ondown>
				<viewtype label="31081">List</viewtype>
				<scrolltime tween="Cubic" easing="out">500</scrolltime>
				<orientation>horizontal</orientation>
				<preloaditems>2</preloaditems>
				<focusposition>5</focusposition>
				<pagecontrol>6052</pagecontrol>
				<visible>Container.HasFiles + !Container.Content(addons)</visible>
				<itemlayout width="58" height="380">
					<control type="image">
						<left>35</left>
						<top>0</top>
						<width>60</width>
						<height>380</height>
						<align>left</align>
						<aspectratio>stretch</aspectratio>
						<texture border="20">thumbs/thumb_border.png</texture>
					</control>
					<control type="label">
						<left>47</left>
						<top>365</top>
						<width>355</width>
						<height>60</height>
						<textcolor>44white</textcolor>
						<font>FontSize_26</font>
						<scroll>false</scroll>
						<angle>90</angle>
						<align>left</align>
						<aligny>top</aligny>
						<label>$INFO[ListItem.label]</label>
					</control>
				</itemlayout>
				<focusedlayout width="695" height="380">
					<control type="group">
						<left>46</left>
						<animation type="Focus" reversible="false" condition="Container(52).OnNext">
							<effect type="slide" start="56,0" end="0,0" time="200" tween="circle" easing="out" />
							<effect type="fade" start="20" end="100" time="400" delay="100" tween="sine" easing="out" />
						</animation>
						<animation type="Focus" reversible="false" condition="Container(52).OnPrevious">
							<effect type="slide" start="-56,0" end="0,0" time="200" tween="circle" easing="out" />
							<effect type="fade" start="20" end="100" time="400" delay="100" tween="sine" easing="out" />
						</animation>
						<control type="image">
							<width>675</width>
							<height>380</height>
							<aspectratio align="center" aligny="center">stretch</aspectratio>
							<texture background="true" border="20">thumbs/thumb_border.png</texture>
						</control>
						<control type="image">
							<width>675</width>
							<height>380</height>
							<aspectratio align="center" aligny="center">keep</aspectratio>
							<texture background="true" fallback="thumbs/fallback_fanart_big_tp.png">$INFO[ListItem.FileNameAndPath]</texture>
							<visible>Container.HasFiles + !String.IsEmpty(ListItem.FileName)</visible>
							<bordersize>6</bordersize>
						</control>
						<control type="image">
							<width>675</width>
							<height>380</height>
							<aspectratio align="center" aligny="center">keep</aspectratio>
							<texture background="true">$INFO[ListItem.Icon]</texture>
							<visible>!Container.HasFiles | String.IsEmpty(ListItem.FileName)</visible>
							<bordersize>6</bordersize>
						</control>
					</control>
					<control type="image">
						<left>52</left>
						<top>214</top>
						<width>663</width>
						<height>160</height>
						<texture>views/gallery/title_overlay.png</texture>
					</control>
					<!-- Navigation Arrows -->
					<control type="image">
						<left>50</left>
						<top>153</top>
						<width>74</width>
						<height>74</height>
						<texture>views/gallery/arrow_left.png</texture>
					</control>
					<control type="image">
						<left>643</left>
						<top>153</top>
						<width>74</width>
						<height>74</height>
						<texture>views/gallery/arrow_right.png</texture>
					</control>
					<control type="label">
						<left>60</left>
						<top>310</top>
						<height>30</height>
						<width>650</width>
						<textcolor>white</textcolor>
						<shadowcolor>99000000</shadowcolor>
						<font>FontSize_38</font>
						<scroll>false</scroll>
						<align>left</align>
						<label>$INFO[ListItem.label]</label>
						<animation effect="slide" end="0,30" time="0" condition="![Container.HasFiles + !String.IsEmpty(ListItem.FileName)]">Conditional</animation>
					</control>
					<control type="label">
						<left>62</left>
						<top>340</top>
						<height>30</height>
						<width>650</width>
						<textcolor>77white</textcolor>
						<shadowcolor>99000000</shadowcolor>
						<font>FontSize_22</font>
						<scroll>false</scroll>
						<align>left</align>
						<label fallback="195">$VAR[GlobalInfo]</label>
						<visible>Container.HasFiles + !String.IsEmpty(ListItem.FileName)</visible>
					</control>
				</focusedlayout>
			</control>
			<control type="image">
				<left>-300</left>
				<top>157</top>
				<width>1880</width>
				<height>410</height>
				<aspectratio>stretch</aspectratio>
				<texture background="true">views/gallery/sides_fade.png</texture>
			</control>
			<control type="scrollbar" id="6052">
				<left>305</left>
				<top>556</top>
				<width>670</width>
				<height>6</height>
				<texturesliderbackground></texturesliderbackground>
				<texturesliderbar border="14,0,14,0">views/scrollbar/scrollbar_horizontal.png</texturesliderbar>
				<texturesliderbarfocus border="14,0,14,0">views/scrollbar/scrollbar_horizontal.png</texturesliderbarfocus>
				<textureslidernib></textureslidernib>
				<textureslidernibfocus></textureslidernibfocus>
				<onup>52</onup>
				<ondown>52</ondown>
				<showonepage>false</showonepage>
				<orientation>horizontal</orientation>
				<animation effect="fade" start="100" end="0" time="200" condition="!Control.HasFocus(6052)">Conditional</animation>
				<visible>Control.IsVisible(52)</visible>
			</control>
		</control>
	</include>


	<!-- ======================================== -->
	<!-- ==== Thumbnails View Pictures "560" ==== -->
	<!-- ======================================== -->
	<include name="ThumbnailsView_Pictures">
		<control type="group">
			<visible>Control.IsVisible(560)</visible>
			<include>CommonViews_VerticalAnimation</include>
			<control type="panel" id="560">
				<include>Thumbnails_PanelVars</include>
				<visible>$EXP[ThumbnailsViewPictures_560]</visible>
				<itemlayout condition="!Skin.HasSetting(ShowSmallPicturesThumbs)" height="242" width="239.5">
					<include>ThumbnailsBig_ItemLayout</include>
				</itemlayout>
				<focusedlayout condition="!Skin.HasSetting(ShowSmallPicturesThumbs)" height="242" width="239.5">
					<include>ThumbnailsBig_FocusedLayout</include>
				</focusedlayout>
				<itemlayout condition="Skin.HasSetting(ShowSmallPicturesThumbs)" height="161" width="171">
					<include>ThumbnailsSmall_ItemLayout</include>
				</itemlayout>
				<focusedlayout condition="Skin.HasSetting(ShowSmallPicturesThumbs)" height="161" width="171">
					<include>ThumbnailsSamll_FocusedLayout</include>
				</focusedlayout>
			</control>
			<include content="VideoInfoSeperator">
				<param name="left" value="45"/>
				<param name="top" value="597"/>
				<param name="width" value="1190"/>
				<param name="visible" value="Control.IsVisible(560) + !ListItem.IsParentFolder"/>
			</include>
			<control type="button">
				<left>47</left>
				<top>616</top>
				<width>1185</width>
				<font>FontSize_22B</font>
				<textcolor>bbwhite</textcolor>
				<shadowcolor>77000000</shadowcolor>
				<include>HiddenItem</include>
				<label>$INFO[ListItem.Label]</label>
				<label2>[COLOR=$VAR[AddonStateColor]]$VAR[AddonsLabel2][/COLOR]</label2>
				<visible>!ListItem.IsParentFolder</visible>
			</control>
			<include content="VideoInfoSeperator">
				<param name="left" value="45"/>
				<param name="top" value="633"/>
				<param name="width" value="1190"/>
				<param name="visible" value="Control.IsVisible(560) + !ListItem.IsParentFolder"/>
			</include>
			<include>Thumbnails_Scrollbar</include>
		</control>
	</include>
</includes>
